timestamp,fecha,hora,estacion,o3,imputado,baja_disponibilidad,temperatura,temperatura_imputada
2026-01-01 01:00:00,2026-01-01,1,MER,7.0,False,False,15.0,False
2026-01-01 02:00:00,2026-01-01,2,MER,3.0,False,False,14.1,False
2026-01-01 03:00:00,2026-01-01,3,MER,3.0,False,False,12.5,False
2026-01-01 04:00:00,2026-01-01,4,MER,3.0,False,False,11.9,False
2026-01-01 05:00:00,2026-01-01,5,MER,4.0,False,False,11.1,False
2026-01-01 06:00:00,2026-01-01,6,MER,4.0,False,False,10.1,False
2026-01-01 07:00:00,2026-01-01,7,MER,5.0,False,False,10.1,False
2026-01-01 08:00:00,2026-01-01,8,MER,5.0,False,False,10.2,False
2026-01-01 09:00:00,2026-01-01,9,MER,5.0,False,False,10.8,False
2026-01-01 10:00:00,2026-01-01,10,MER,11.0,False,False,12.6,False
2026-01-01 11:00:00,2026-01-01,11,MER,32.0,False,False,15.0,False
2026-01-01 12:00:00,2026-01-01,12,MER,62.0,False,False,17.2,False
2026-01-01 13:00:00,2026-01-01,13,MER,88.0,False,False,19.0,False
2026-01-01 14:00:00,2026-01-01,14,MER,103.0,False,False,19.9,False
2026-01-01 15:00:00,2026-01-01,15,MER,77.0,False,False,21.1,False
2026-01-01 16:00:00,2026-01-01,16,MER,73.0,False,False,21.5,False
2026-01-01 17:00:00,2026-01-01,17,MER,73.0,False,False,21.6,False
2026-01-01 18:00:00,2026-01-01,18,MER,70.0,False,False,21.0,False
2026-01-01 19:00:00,2026-01-01,19,MER,52.0,False,False,19.7,False
2026-01-01 20:00:00,2026-01-01,20,MER,22.0,False,False,18.6,False
2026-01-01 21:00:00,2026-01-01,21,MER,17.0,False,False,17.5,False
2026-01-01 22:00:00,2026-01-01,22,MER,17.0,False,False,16.2,False
2026-01-01 23:00:00,2026-01-01,23,MER,5.0,False,False,15.5,False
2026-01-02 00:00:00,2026-01-01,24,MER,6.0,False,False,14.7,False
2026-01-02 01:00:00,2026-01-02,1,MER,11.0,False,False,13.6,False
2026-01-02 02:00:00,2026-01-02,2,MER,11.0,False,False,12.6,False
2026-01-02 03:00:00,2026-01-02,3,MER,13.0,False,False,12.0,False
2026-01-02 04:00:00,2026-01-02,4,MER,3.0,False,False,11.1,False
2026-01-02 05:00:00,2026-01-02,5,MER,3.0,False,False,10.5,False
2026-01-02 06:00:00,2026-01-02,6,MER,3.0,False,False,10.2,False
2026-01-02 07:00:00,2026-01-02,7,MER,4.0,False,False,9.8,False
2026-01-02 08:00:00,2026-01-02,8,MER,4.0,False,False,9.7,False
2026-01-02 09:00:00,2026-01-02,9,MER,13.25,True,False,11.75,True
2026-01-02 10:00:00,2026-01-02,10,MER,22.5,True,False,13.799999999999999,True
2026-01-02 11:00:00,2026-01-02,11,MER,31.75,True,False,15.849999999999998,True
2026-01-02 12:00:00,2026-01-02,12,MER,41.0,False,False,17.9,False
2026-01-02 13:00:00,2026-01-02,13,MER,61.0,False,False,19.6,False
2026-01-02 14:00:00,2026-01-02,14,MER,69.0,False,False,20.9,False
2026-01-02 15:00:00,2026-01-02,15,MER,88.0,False,False,21.6,False
2026-01-02 16:00:00,2026-01-02,16,MER,94.0,False,False,22.1,False
2026-01-02 17:00:00,2026-01-02,17,MER,91.0,False,False,22.6,False
2026-01-02 18:00:00,2026-01-02,18,MER,91.0,False,False,22.3,False
2026-01-02 19:00:00,2026-01-02,19,MER,53.0,False,False,21.1,False
2026-01-02 20:00:00,2026-01-02,20,MER,31.0,False,False,19.1,False
2026-01-02 21:00:00,2026-01-02,21,MER,23.0,False,False,17.8,False
2026-01-02 22:00:00,2026-01-02,22,MER,6.0,False,False,16.5,False
2026-01-02 23:00:00,2026-01-02,23,MER,4.0,False,False,15.9,False
2026-01-03 00:00:00,2026-01-02,24,MER,3.0,False,False,15.3,False
2026-01-03 01:00:00,2026-01-03,1,MER,3.0,False,False,14.6,False
2026-01-03 02:00:00,2026-01-03,2,MER,3.0,False,False,13.6,False
2026-01-03 03:00:00,2026-01-03,3,MER,3.0,False,False,12.3,False
2026-01-03 04:00:00,2026-01-03,4,MER,3.0,False,False,11.5,False
2026-01-03 05:00:00,2026-01-03,5,MER,3.0,False,False,11.1,False
2026-01-03 06:00:00,2026-01-03,6,MER,3.0,False,False,10.9,False
2026-01-03 07:00:00,2026-01-03,7,MER,3.0,False,False,10.7,False
2026-01-03 08:00:00,2026-01-03,8,MER,3.0,False,False,10.5,False
2026-01-03 09:00:00,2026-01-03,9,MER,4.0,False,False,11.5,False
2026-01-03 10:00:00,2026-01-03,10,MER,7.0,False,False,13.6,False
2026-01-03 11:00:00,2026-01-03,11,MER,21.0,False,False,16.4,False
2026-01-03 12:00:00,2026-01-03,12,MER,47.0,False,False,18.7,False
2026-01-03 13:00:00,2026-01-03,13,MER,77.0,False,False,20.4,False
2026-01-03 14:00:00,2026-01-03,14,MER,91.0,False,False,21.5,False
2026-01-03 15:00:00,2026-01-03,15,MER,88.0,False,False,22.3,False
2026-01-03 16:00:00,2026-01-03,16,MER,81.0,False,False,22.8,False
2026-01-03 17:00:00,2026-01-03,17,MER,72.0,False,False,23.0,False
2026-01-03 18:00:00,2026-01-03,18,MER,64.0,False,False,22.5,False
2026-01-03 19:00:00,2026-01-03,19,MER,43.0,False,False,21.2,False
2026-01-03 20:00:00,2026-01-03,20,MER,28.0,False,False,19.3,False
2026-01-03 21:00:00,2026-01-03,21,MER,23.0,False,False,17.8,False
2026-01-03 22:00:00,2026-01-03,22,MER,14.0,False,False,16.9,False
2026-01-03 23:00:00,2026-01-03,23,MER,8.0,False,False,16.1,False
2026-01-04 00:00:00,2026-01-03,24,MER,12.0,False,False,14.9,False
2026-01-04 01:00:00,2026-01-04,1,MER,10.0,False,False,14.2,False
2026-01-04 02:00:00,2026-01-04,2,MER,24.0,False,False,13.5,False
2026-01-04 03:00:00,2026-01-04,3,MER,20.0,False,False,12.8,False
2026-01-04 04:00:00,2026-01-04,4,MER,9.0,False,False,12.2,False
2026-01-04 05:00:00,2026-01-04,5,MER,3.0,False,False,11.6,False
2026-01-04 06:00:00,2026-01-04,6,MER,3.0,False,False,10.7,False
2026-01-04 07:00:00,2026-01-04,7,MER,3.0,False,False,10.2,False
2026-01-04 08:00:00,2026-01-04,8,MER,3.0,False,False,9.8,False
2026-01-04 09:00:00,2026-01-04,9,MER,6.0,False,False,11.5,False
2026-01-04 10:00:00,2026-01-04,10,MER,15.0,False,False,13.6,False
2026-01-04 11:00:00,2026-01-04,11,MER,27.0,False,False,15.7,False
2026-01-04 12:00:00,2026-01-04,12,MER,43.0,False,False,18.1,False
2026-01-04 13:00:00,2026-01-04,13,MER,63.0,False,False,19.9,False
2026-01-04 14:00:00,2026-01-04,14,MER,79.0,False,False,21.3,False
2026-01-04 15:00:00,2026-01-04,15,MER,96.0,False,False,22.0,False
2026-01-04 16:00:00,2026-01-04,16,MER,105.0,False,False,22.3,False
2026-01-04 17:00:00,2026-01-04,17,MER,98.0,False,False,22.3,False
2026-01-04 18:00:00,2026-01-04,18,MER,91.0,False,False,22.2,False
2026-01-04 19:00:00,2026-01-04,19,MER,41.0,False,False,21.0,False
2026-01-04 20:00:00,2026-01-04,20,MER,24.0,False,False,19.6,False
2026-01-04 21:00:00,2026-01-04,21,MER,15.0,False,False,17.9,False
2026-01-04 22:00:00,2026-01-04,22,MER,4.0,False,False,17.1,False
2026-01-04 23:00:00,2026-01-04,23,MER,4.0,False,False,16.6,False
2026-01-05 00:00:00,2026-01-04,24,MER,4.0,False,False,15.3,False
2026-01-05 01:00:00,2026-01-05,1,MER,3.0,False,False,14.4,False
2026-01-05 02:00:00,2026-01-05,2,MER,3.0,False,False,13.7,False
2026-01-05 03:00:00,2026-01-05,3,MER,4.0,False,False,12.9,False
2026-01-05 04:00:00,2026-01-05,4,MER,3.0,False,False,12.1,False
2026-01-05 05:00:00,2026-01-05,5,MER,3.0,False,False,11.3,False
2026-01-05 06:00:00,2026-01-05,6,MER,3.0,False,False,10.4,False
2026-01-05 07:00:00,2026-01-05,7,MER,3.0,False,False,10.2,False
2026-01-05 08:00:00,2026-01-05,8,MER,4.0,False,False,10.4,False
2026-01-05 09:00:00,2026-01-05,9,MER,4.0,False,False,12.4,False
2026-01-05 10:00:00,2026-01-05,10,MER,20.6,True,False,14.1,False
2026-01-05 11:00:00,2026-01-05,11,MER,37.2,True,False,16.5,False
2026-01-05 12:00:00,2026-01-05,12,MER,53.8,True,False,19.3,False
2026-01-05 13:00:00,2026-01-05,13,MER,70.39999999999999,True,False,20.7,False
2026-01-05 14:00:00,2026-01-05,14,MER,87.0,False,False,21.8,False
2026-01-05 15:00:00,2026-01-05,15,MER,102.0,False,False,22.6,False
2026-01-05 16:00:00,2026-01-05,16,MER,99.0,False,False,23.5,False
2026-01-05 17:00:00,2026-01-05,17,MER,103.0,False,False,23.4,False
2026-01-05 18:00:00,2026-01-05,18,MER,87.0,False,False,23.1,False
2026-01-05 19:00:00,2026-01-05,19,MER,33.0,False,False,21.9,False
2026-01-05 20:00:00,2026-01-05,20,MER,21.0,False,False,20.0,False
2026-01-05 21:00:00,2026-01-05,21,MER,10.0,False,False,18.5,False
2026-01-05 22:00:00,2026-01-05,22,MER,4.0,False,False,17.7,False
2026-01-05 23:00:00,2026-01-05,23,MER,5.0,False,False,17.2,False
2026-01-06 00:00:00,2026-01-05,24,MER,4.8,True,False,16.2,False
2026-01-06 01:00:00,2026-01-06,1,MER,5.0,True,True,15.4,False
2026-01-06 02:00:00,2026-01-06,2,MER,5.0,True,True,14.7,False
2026-01-06 03:00:00,2026-01-06,3,MER,5.0,True,True,14.0,False
2026-01-06 04:00:00,2026-01-06,4,MER,4.0,False,False,12.6,False
2026-01-06 05:00:00,2026-01-06,5,MER,3.0,False,False,11.7,False
2026-01-06 06:00:00,2026-01-06,6,MER,3.0,False,False,11.1,False
2026-01-06 07:00:00,2026-01-06,7,MER,3.0,False,False,11.2,False
2026-01-06 08:00:00,2026-01-06,8,MER,4.0,False,False,11.3,False
2026-01-06 09:00:00,2026-01-06,9,MER,4.0,False,False,12.5,False
2026-01-06 10:00:00,2026-01-06,10,MER,6.0,False,False,14.5,False
2026-01-06 11:00:00,2026-01-06,11,MER,24.0,False,False,17.3,False
2026-01-06 12:00:00,2026-01-06,12,MER,55.0,False,False,19.8,False
2026-01-06 13:00:00,2026-01-06,13,MER,77.0,False,False,21.3,False
2026-01-06 14:00:00,2026-01-06,14,MER,94.0,False,False,21.9,False
2026-01-06 15:00:00,2026-01-06,15,MER,106.0,False,False,22.9,False
2026-01-06 16:00:00,2026-01-06,16,MER,114.0,False,False,23.4,False
2026-01-06 17:00:00,2026-01-06,17,MER,103.0,False,False,23.7,False
2026-01-06 18:00:00,2026-01-06,18,MER,82.0,False,False,23.3,False
2026-01-06 19:00:00,2026-01-06,19,MER,35.0,False,False,22.0,False
2026-01-06 20:00:00,2026-01-06,20,MER,42.0,False,False,20.2,False
2026-01-06 21:00:00,2026-01-06,21,MER,32.0,False,False,18.3,False
2026-01-06 22:00:00,2026-01-06,22,MER,26.0,False,False,17.4,False
2026-01-06 23:00:00,2026-01-06,23,MER,7.0,False,False,16.9,False
2026-01-07 00:00:00,2026-01-06,24,MER,13.0,False,False,16.3,False
2026-01-07 01:00:00,2026-01-07,1,MER,12.0,False,False,15.3,False
2026-01-07 02:00:00,2026-01-07,2,MER,13.0,False,False,14.1,False
2026-01-07 03:00:00,2026-01-07,3,MER,5.0,False,False,13.2,False
2026-01-07 04:00:00,2026-01-07,4,MER,4.0,False,False,12.3,False
2026-01-07 05:00:00,2026-01-07,5,MER,4.0,False,False,11.3,False
2026-01-07 06:00:00,2026-01-07,6,MER,3.0,False,False,11.1,False
2026-01-07 07:00:00,2026-01-07,7,MER,3.0,False,False,11.0,False
2026-01-07 08:00:00,2026-01-07,8,MER,4.0,False,False,10.9,False
2026-01-07 09:00:00,2026-01-07,9,MER,5.0,False,False,12.7,False
2026-01-07 10:00:00,2026-01-07,10,MER,11.0,False,False,13.9,False
2026-01-07 11:00:00,2026-01-07,11,MER,17.0,False,False,15.7,False
2026-01-07 12:00:00,2026-01-07,12,MER,40.0,False,False,18.5,False
2026-01-07 13:00:00,2026-01-07,13,MER,69.0,False,False,20.9,False
2026-01-07 14:00:00,2026-01-07,14,MER,101.0,False,False,22.2,False
2026-01-07 15:00:00,2026-01-07,15,MER,123.0,False,False,23.5,False
2026-01-07 16:00:00,2026-01-07,16,MER,132.0,False,False,24.5,False
2026-01-07 17:00:00,2026-01-07,17,MER,133.0,False,False,25.0,False
2026-01-07 18:00:00,2026-01-07,18,MER,119.0,False,False,24.5,False
2026-01-07 19:00:00,2026-01-07,19,MER,35.0,False,False,22.5,False
2026-01-07 20:00:00,2026-01-07,20,MER,19.0,False,False,20.6,False
2026-01-07 21:00:00,2026-01-07,21,MER,7.0,False,False,19.1,False
2026-01-07 22:00:00,2026-01-07,22,MER,4.0,False,False,17.3,False
2026-01-07 23:00:00,2026-01-07,23,MER,5.0,False,False,16.5,False
2026-01-08 00:00:00,2026-01-07,24,MER,4.0,False,False,16.2,False
2026-01-08 01:00:00,2026-01-08,1,MER,4.0,False,False,15.0,False
2026-01-08 02:00:00,2026-01-08,2,MER,4.0,False,False,14.0,False
2026-01-08 03:00:00,2026-01-08,3,MER,4.0,False,False,13.2,False
2026-01-08 04:00:00,2026-01-08,4,MER,6.0,False,False,12.4,False
2026-01-08 05:00:00,2026-01-08,5,MER,4.0,False,False,11.6,False
2026-01-08 06:00:00,2026-01-08,6,MER,4.0,False,False,11.2,False
2026-01-08 07:00:00,2026-01-08,7,MER,3.0,False,False,10.6,False
2026-01-08 08:00:00,2026-01-08,8,MER,4.0,False,False,10.6,False
2026-01-08 09:00:00,2026-01-08,9,MER,5.0,False,False,12.6,False
2026-01-08 10:00:00,2026-01-08,10,MER,16.0,False,False,14.6,False
2026-01-08 11:00:00,2026-01-08,11,MER,21.0,False,False,17.1,False
2026-01-08 12:00:00,2026-01-08,12,MER,45.0,False,False,19.5,False
2026-01-08 13:00:00,2026-01-08,13,MER,87.0,False,False,20.7,False
2026-01-08 14:00:00,2026-01-08,14,MER,116.0,False,False,22.2,False
2026-01-08 15:00:00,2026-01-08,15,MER,131.0,False,False,23.8,False
2026-01-08 16:00:00,2026-01-08,16,MER,109.0,False,False,25.0,False
2026-01-08 17:00:00,2026-01-08,17,MER,106.0,False,False,25.2,False
2026-01-08 18:00:00,2026-01-08,18,MER,45.0,False,False,24.2,False
2026-01-08 19:00:00,2026-01-08,19,MER,40.0,False,False,21.8,False
2026-01-08 20:00:00,2026-01-08,20,MER,19.0,False,False,19.6,False
2026-01-08 21:00:00,2026-01-08,21,MER,16.0,False,False,18.0,False
2026-01-08 22:00:00,2026-01-08,22,MER,18.0,False,False,16.5,False
2026-01-08 23:00:00,2026-01-08,23,MER,10.0,False,False,15.4,False
2026-01-09 00:00:00,2026-01-08,24,MER,9.0,False,False,14.2,False
2026-01-09 01:00:00,2026-01-09,1,MER,5.0,False,False,13.4,False
2026-01-09 02:00:00,2026-01-09,2,MER,4.0,False,False,12.6,False
2026-01-09 03:00:00,2026-01-09,3,MER,3.0,False,False,11.8,False
2026-01-09 04:00:00,2026-01-09,4,MER,3.0,False,False,11.3,False
2026-01-09 05:00:00,2026-01-09,5,MER,3.0,False,False,11.2,False
2026-01-09 06:00:00,2026-01-09,6,MER,3.0,False,False,10.7,False
2026-01-09 07:00:00,2026-01-09,7,MER,3.0,False,False,10.1,False
2026-01-09 08:00:00,2026-01-09,8,MER,4.0,False,False,9.8,False
2026-01-09 09:00:00,2026-01-09,9,MER,4.0,False,False,11.5,False
2026-01-09 10:00:00,2026-01-09,10,MER,10.0,False,False,14.0,False
2026-01-09 11:00:00,2026-01-09,11,MER,32.0,False,False,16.4,False
2026-01-09 12:00:00,2026-01-09,12,MER,70.0,False,False,19.1,False
2026-01-09 13:00:00,2026-01-09,13,MER,76.0,False,False,21.5,False
2026-01-09 14:00:00,2026-01-09,14,MER,89.0,False,False,23.1,False
2026-01-09 15:00:00,2026-01-09,15,MER,108.0,False,False,24.0,False
2026-01-09 16:00:00,2026-01-09,16,MER,106.0,False,False,24.7,False
2026-01-09 17:00:00,2026-01-09,17,MER,59.0,False,False,24.4,False
2026-01-09 18:00:00,2026-01-09,18,MER,50.0,False,False,23.1,False
2026-01-09 19:00:00,2026-01-09,19,MER,41.0,False,False,21.0,False
2026-01-09 20:00:00,2026-01-09,20,MER,30.0,False,False,19.3,False
2026-01-09 21:00:00,2026-01-09,21,MER,8.0,False,False,18.0,False
2026-01-09 22:00:00,2026-01-09,22,MER,3.0,False,False,17.3,False
2026-01-09 23:00:00,2026-01-09,23,MER,3.0,False,False,16.6,False
2026-01-10 00:00:00,2026-01-09,24,MER,4.0,False,False,15.7,False
2026-01-10 01:00:00,2026-01-10,1,MER,3.0,False,False,15.0,False
2026-01-10 02:00:00,2026-01-10,2,MER,4.0,False,False,14.8,False
2026-01-10 03:00:00,2026-01-10,3,MER,5.0,False,False,13.9,False
2026-01-10 04:00:00,2026-01-10,4,MER,3.0,False,False,12.7,False
2026-01-10 05:00:00,2026-01-10,5,MER,3.0,False,False,11.9,False
2026-01-10 06:00:00,2026-01-10,6,MER,3.0,False,False,11.5,False
2026-01-10 07:00:00,2026-01-10,7,MER,4.0,False,False,11.6,False
2026-01-10 08:00:00,2026-01-10,8,MER,4.0,False,False,11.9,False
2026-01-10 09:00:00,2026-01-10,9,MER,5.0,False,False,12.3,False
2026-01-10 10:00:00,2026-01-10,10,MER,7.0,False,False,13.6,False
2026-01-10 11:00:00,2026-01-10,11,MER,20.0,False,False,16.2,False
2026-01-10 12:00:00,2026-01-10,12,MER,57.0,False,False,18.3,False
2026-01-10 13:00:00,2026-01-10,13,MER,84.0,False,False,19.6,False
2026-01-10 14:00:00,2026-01-10,14,MER,91.0,False,False,20.9,False
2026-01-10 15:00:00,2026-01-10,15,MER,89.0,False,False,21.7,False
2026-01-10 16:00:00,2026-01-10,16,MER,64.0,False,False,21.0,False
2026-01-10 17:00:00,2026-01-10,17,MER,46.0,False,False,19.9,False
2026-01-10 18:00:00,2026-01-10,18,MER,33.0,False,False,18.6,False
2026-01-10 19:00:00,2026-01-10,19,MER,27.0,False,False,17.2,False
2026-01-10 20:00:00,2026-01-10,20,MER,25.0,False,False,16.4,False
2026-01-10 21:00:00,2026-01-10,21,MER,27.0,False,False,14.5,False
2026-01-10 22:00:00,2026-01-10,22,MER,22.0,False,False,13.0,False
2026-01-10 23:00:00,2026-01-10,23,MER,16.0,False,False,12.2,False
2026-01-11 00:00:00,2026-01-10,24,MER,17.0,False,False,11.4,False
2026-01-11 01:00:00,2026-01-11,1,MER,20.0,False,False,10.7,False
2026-01-11 02:00:00,2026-01-11,2,MER,20.0,False,False,10.1,False
2026-01-11 03:00:00,2026-01-11,3,MER,21.0,False,False,9.4,False
2026-01-11 04:00:00,2026-01-11,4,MER,22.0,False,False,9.0,False
2026-01-11 05:00:00,2026-01-11,5,MER,22.0,False,False,8.7,False
2026-01-11 06:00:00,2026-01-11,6,MER,21.0,False,False,8.5,False
2026-01-11 07:00:00,2026-01-11,7,MER,18.0,False,False,8.4,False
2026-01-11 08:00:00,2026-01-11,8,MER,11.0,False,False,8.2,False
2026-01-11 09:00:00,2026-01-11,9,MER,15.0,False,False,8.5,False
2026-01-11 10:00:00,2026-01-11,10,MER,19.0,False,False,9.5,False
2026-01-11 11:00:00,2026-01-11,11,MER,26.0,False,False,10.5,False
2026-01-11 12:00:00,2026-01-11,12,MER,38.0,False,False,12.1,False
2026-01-11 13:00:00,2026-01-11,13,MER,50.0,False,False,13.8,False
2026-01-11 14:00:00,2026-01-11,14,MER,62.0,False,False,15.5,False
2026-01-11 15:00:00,2026-01-11,15,MER,65.0,False,False,17.0,False
2026-01-11 16:00:00,2026-01-11,16,MER,59.0,False,False,17.8,False
2026-01-11 17:00:00,2026-01-11,17,MER,58.0,False,False,18.1,False
2026-01-11 18:00:00,2026-01-11,18,MER,51.0,False,False,17.8,False
2026-01-11 19:00:00,2026-01-11,19,MER,37.0,False,False,17.6,False
2026-01-11 20:00:00,2026-01-11,20,MER,21.0,False,False,15.9,False
2026-01-11 21:00:00,2026-01-11,21,MER,16.0,False,False,13.6,False
2026-01-11 22:00:00,2026-01-11,22,MER,13.0,False,False,12.1,False
2026-01-11 23:00:00,2026-01-11,23,MER,14.0,False,False,11.1,False
2026-01-12 00:00:00,2026-01-11,24,MER,13.0,False,False,10.4,False
2026-01-12 01:00:00,2026-01-12,1,MER,5.0,True,True,10.0,False
2026-01-12 02:00:00,2026-01-12,2,MER,5.0,True,True,9.3,False
2026-01-12 03:00:00,2026-01-12,3,MER,5.0,True,True,8.8,False
2026-01-12 04:00:00,2026-01-12,4,MER,3.0,False,False,8.3,False
2026-01-12 05:00:00,2026-01-12,5,MER,3.0,False,False,7.2,False
2026-01-12 06:00:00,2026-01-12,6,MER,3.0,False,False,6.5,False
2026-01-12 07:00:00,2026-01-12,7,MER,3.0,False,False,6.7,False
2026-01-12 08:00:00,2026-01-12,8,MER,4.0,False,False,6.0,False
2026-01-12 09:00:00,2026-01-12,9,MER,5.0,False,False,5.3,False
2026-01-12 10:00:00,2026-01-12,10,MER,7.0,False,False,7.7,False
2026-01-12 11:00:00,2026-01-12,11,MER,12.0,False,False,10.3,False
2026-01-12 12:00:00,2026-01-12,12,MER,28.0,False,False,12.3,False
2026-01-12 13:00:00,2026-01-12,13,MER,41.0,False,False,14.7,False
2026-01-12 14:00:00,2026-01-12,14,MER,74.0,False,False,17.6,False
2026-01-12 15:00:00,2026-01-12,15,MER,66.0,False,False,20.1,False
2026-01-12 16:00:00,2026-01-12,16,MER,45.0,False,False,20.7,False
2026-01-12 17:00:00,2026-01-12,17,MER,41.0,False,False,20.3,False
2026-01-12 18:00:00,2026-01-12,18,MER,39.0,False,False,19.0,False
2026-01-12 19:00:00,2026-01-12,19,MER,33.0,False,False,17.7,False
2026-01-12 20:00:00,2026-01-12,20,MER,22.0,False,False,16.5,False
2026-01-12 21:00:00,2026-01-12,21,MER,15.0,False,False,15.1,False
2026-01-12 22:00:00,2026-01-12,22,MER,8.0,False,False,14.2,False
2026-01-12 23:00:00,2026-01-12,23,MER,9.0,False,False,13.3,False
2026-01-13 00:00:00,2026-01-12,24,MER,10.0,False,False,12.6,False
2026-01-13 01:00:00,2026-01-13,1,MER,6.0,False,False,12.1,False
2026-01-13 02:00:00,2026-01-13,2,MER,3.0,False,False,11.4,False
2026-01-13 03:00:00,2026-01-13,3,MER,3.0,False,False,10.3,False
2026-01-13 04:00:00,2026-01-13,4,MER,3.0,False,False,9.5,False
2026-01-13 05:00:00,2026-01-13,5,MER,3.0,False,False,9.2,False
2026-01-13 06:00:00,2026-01-13,6,MER,3.0,False,False,8.8,False
2026-01-13 07:00:00,2026-01-13,7,MER,3.0,False,False,8.9,False
2026-01-13 08:00:00,2026-01-13,8,MER,3.0,False,False,9.0,False
2026-01-13 09:00:00,2026-01-13,9,MER,4.0,False,False,10.3,False
2026-01-13 10:00:00,2026-01-13,10,MER,11.0,False,False,11.1,False
2026-01-13 11:00:00,2026-01-13,11,MER,21.0,False,False,13.4,False
2026-01-13 12:00:00,2026-01-13,12,MER,29.0,False,False,15.6,False
2026-01-13 13:00:00,2026-01-13,13,MER,49.0,False,False,17.4,False
2026-01-13 14:00:00,2026-01-13,14,MER,66.0,False,False,19.5,False
2026-01-13 15:00:00,2026-01-13,15,MER,69.0,False,False,20.5,False
2026-01-13 16:00:00,2026-01-13,16,MER,66.0,False,False,20.4,False
2026-01-13 17:00:00,2026-01-13,17,MER,50.0,False,False,19.9,False
2026-01-13 18:00:00,2026-01-13,18,MER,36.0,False,False,19.8,False
2026-01-13 19:00:00,2026-01-13,19,MER,20.0,False,False,19.0,False
2026-01-13 20:00:00,2026-01-13,20,MER,12.0,False,False,18.2,False
2026-01-13 21:00:00,2026-01-13,21,MER,37.0,False,False,17.9,False
2026-01-13 22:00:00,2026-01-13,22,MER,27.0,False,False,17.5,False
2026-01-13 23:00:00,2026-01-13,23,MER,19.0,False,False,17.0,False
2026-01-14 00:00:00,2026-01-13,24,MER,27.0,False,False,16.1,False
2026-01-14 01:00:00,2026-01-14,1,MER,18.0,False,False,15.6,False
2026-01-14 02:00:00,2026-01-14,2,MER,17.0,False,False,15.1,False
2026-01-14 03:00:00,2026-01-14,3,MER,14.0,False,False,14.9,False
2026-01-14 04:00:00,2026-01-14,4,MER,5.0,False,False,14.0,False
2026-01-14 05:00:00,2026-01-14,5,MER,3.0,False,False,12.6,False
2026-01-14 06:00:00,2026-01-14,6,MER,3.0,False,False,12.0,False
2026-01-14 07:00:00,2026-01-14,7,MER,4.0,False,False,11.9,False
2026-01-14 08:00:00,2026-01-14,8,MER,4.0,False,False,11.8,False
2026-01-14 09:00:00,2026-01-14,9,MER,4.0,False,False,13.3,False
2026-01-14 10:00:00,2026-01-14,10,MER,8.0,False,False,14.7,False
2026-01-14 11:00:00,2026-01-14,11,MER,32.0,False,False,16.4,False
2026-01-14 12:00:00,2026-01-14,12,MER,43.0,False,False,17.8,False
2026-01-14 13:00:00,2026-01-14,13,MER,58.0,False,False,18.8,False
2026-01-14 14:00:00,2026-01-14,14,MER,67.0,False,False,19.7,False
2026-01-14 15:00:00,2026-01-14,15,MER,64.0,False,False,20.3,False
2026-01-14 16:00:00,2026-01-14,16,MER,60.0,False,False,21.0,False
2026-01-14 17:00:00,2026-01-14,17,MER,58.0,False,False,21.0,False
2026-01-14 18:00:00,2026-01-14,18,MER,36.0,False,False,20.1,False
2026-01-14 19:00:00,2026-01-14,19,MER,25.0,False,False,18.1,False
2026-01-14 20:00:00,2026-01-14,20,MER,23.0,False,False,16.7,False
2026-01-14 21:00:00,2026-01-14,21,MER,15.0,False,False,15.5,False
2026-01-14 22:00:00,2026-01-14,22,MER,16.0,False,False,14.7,False
2026-01-14 23:00:00,2026-01-14,23,MER,14.0,False,False,14.2,False
2026-01-15 00:00:00,2026-01-14,24,MER,13.0,False,False,13.7,False
2026-01-15 01:00:00,2026-01-15,1,MER,14.0,False,False,13.4,False
2026-01-15 02:00:00,2026-01-15,2,MER,12.0,False,False,13.1,False
2026-01-15 03:00:00,2026-01-15,3,MER,21.0,False,False,12.3,False
2026-01-15 04:00:00,2026-01-15,4,MER,22.0,False,False,11.4,False
2026-01-15 05:00:00,2026-01-15,5,MER,22.0,False,False,11.2,False
2026-01-15 06:00:00,2026-01-15,6,MER,16.0,False,False,11.0,False
2026-01-15 07:00:00,2026-01-15,7,MER,5.0,False,False,11.1,False
2026-01-15 08:00:00,2026-01-15,8,MER,13.0,False,False,10.0,False
2026-01-15 09:00:00,2026-01-15,9,MER,9.0,False,False,9.7,False
2026-01-15 10:00:00,2026-01-15,10,MER,13.0,False,False,10.6,False
2026-01-15 11:00:00,2026-01-15,11,MER,14.0,False,False,11.8,False
2026-01-15 12:00:00,2026-01-15,12,MER,24.0,False,False,13.0,False
2026-01-15 13:00:00,2026-01-15,13,MER,33.0,False,False,14.0,False
2026-01-15 14:00:00,2026-01-15,14,MER,39.0,False,False,15.0,False
2026-01-15 15:00:00,2026-01-15,15,MER,53.0,False,False,15.9,False
2026-01-15 16:00:00,2026-01-15,16,MER,56.0,False,False,16.7,False
2026-01-15 17:00:00,2026-01-15,17,MER,59.0,False,False,17.4,False
2026-01-15 18:00:00,2026-01-15,18,MER,58.0,False,False,17.1,False
2026-01-15 19:00:00,2026-01-15,19,MER,30.0,False,False,17.0,False
2026-01-15 20:00:00,2026-01-15,20,MER,31.0,False,False,16.4,False
2026-01-15 21:00:00,2026-01-15,21,MER,16.0,False,False,15.6,False
2026-01-15 22:00:00,2026-01-15,22,MER,12.0,False,False,14.7,False
2026-01-15 23:00:00,2026-01-15,23,MER,4.0,False,False,13.5,False
2026-01-16 00:00:00,2026-01-15,24,MER,4.0,False,False,13.0,False
2026-01-16 01:00:00,2026-01-16,1,MER,5.0,False,False,12.5,False
2026-01-16 02:00:00,2026-01-16,2,MER,4.0,False,False,11.8,False
2026-01-16 03:00:00,2026-01-16,3,MER,3.0,False,False,11.0,False
2026-01-16 04:00:00,2026-01-16,4,MER,4.0,False,False,10.3,False
2026-01-16 05:00:00,2026-01-16,5,MER,3.0,False,False,9.6,False
2026-01-16 06:00:00,2026-01-16,6,MER,3.0,False,False,9.6,False
2026-01-16 07:00:00,2026-01-16,7,MER,3.0,False,False,9.5,False
2026-01-16 08:00:00,2026-01-16,8,MER,4.0,False,False,9.8,False
2026-01-16 09:00:00,2026-01-16,9,MER,4.0,False,False,11.0,False
2026-01-16 10:00:00,2026-01-16,10,MER,8.0,False,False,12.4,False
2026-01-16 11:00:00,2026-01-16,11,MER,22.0,False,False,14.7,False
2026-01-16 12:00:00,2026-01-16,12,MER,45.0,False,False,17.0,False
2026-01-16 13:00:00,2026-01-16,13,MER,72.0,False,False,18.7,False
2026-01-16 14:00:00,2026-01-16,14,MER,88.0,False,False,19.8,False
2026-01-16 15:00:00,2026-01-16,15,MER,102.0,False,False,20.8,False
2026-01-16 16:00:00,2026-01-16,16,MER,97.0,False,False,20.5,False
2026-01-16 17:00:00,2026-01-16,17,MER,59.0,False,False,19.7,False
2026-01-16 18:00:00,2026-01-16,18,MER,44.0,False,False,18.0,False
2026-01-16 19:00:00,2026-01-16,19,MER,30.0,False,False,18.1,False
2026-01-16 20:00:00,2026-01-16,20,MER,26.0,False,False,17.7,False
2026-01-16 21:00:00,2026-01-16,21,MER,18.0,False,False,17.4,False
2026-01-16 22:00:00,2026-01-16,22,MER,20.0,False,False,16.0,False
2026-01-16 23:00:00,2026-01-16,23,MER,17.0,False,False,15.6,False
2026-01-17 00:00:00,2026-01-16,24,MER,24.0,False,False,15.1,False
2026-01-17 01:00:00,2026-01-17,1,MER,15.0,False,False,14.6,False
2026-01-17 02:00:00,2026-01-17,2,MER,13.0,False,False,14.4,False
2026-01-17 03:00:00,2026-01-17,3,MER,13.0,False,False,13.8,False
2026-01-17 04:00:00,2026-01-17,4,MER,20.0,False,False,13.8,False
2026-01-17 05:00:00,2026-01-17,5,MER,19.0,False,False,13.5,False
2026-01-17 06:00:00,2026-01-17,6,MER,9.0,False,False,13.3,False
2026-01-17 07:00:00,2026-01-17,7,MER,3.0,False,False,12.9,False
2026-01-17 08:00:00,2026-01-17,8,MER,3.0,False,False,12.6,False
2026-01-17 09:00:00,2026-01-17,9,MER,7.0,False,False,13.1,False
2026-01-17 10:00:00,2026-01-17,10,MER,14.0,False,False,14.3,False
2026-01-17 11:00:00,2026-01-17,11,MER,32.0,False,False,15.8,False
2026-01-17 12:00:00,2026-01-17,12,MER,49.0,False,False,17.5,False
2026-01-17 13:00:00,2026-01-17,13,MER,69.0,False,False,18.8,False
2026-01-17 14:00:00,2026-01-17,14,MER,74.0,False,False,19.2,False
2026-01-17 15:00:00,2026-01-17,15,MER,54.0,False,False,19.2,False
2026-01-17 16:00:00,2026-01-17,16,MER,68.0,False,False,20.7,False
2026-01-17 17:00:00,2026-01-17,17,MER,48.0,False,False,20.1,False
2026-01-17 18:00:00,2026-01-17,18,MER,30.0,False,False,19.5,False
2026-01-17 19:00:00,2026-01-17,19,MER,23.0,False,False,18.4,False
2026-01-17 20:00:00,2026-01-17,20,MER,27.0,False,False,17.1,False
2026-01-17 21:00:00,2026-01-17,21,MER,25.0,False,False,15.5,False
2026-01-17 22:00:00,2026-01-17,22,MER,19.0,False,False,15.1,False
2026-01-17 23:00:00,2026-01-17,23,MER,25.0,False,False,14.3,False
2026-01-18 00:00:00,2026-01-17,24,MER,5.5,True,True,13.8,False
2026-01-18 01:00:00,2026-01-18,1,MER,5.0,True,True,13.2,False
2026-01-18 02:00:00,2026-01-18,2,MER,5.0,True,True,12.9,False
2026-01-18 03:00:00,2026-01-18,3,MER,5.0,True,True,12.9,False
2026-01-18 04:00:00,2026-01-18,4,MER,13.0,False,False,12.7,False
2026-01-18 05:00:00,2026-01-18,5,MER,16.0,False,False,12.6,False
2026-01-18 06:00:00,2026-01-18,6,MER,20.0,False,False,12.4,False
2026-01-18 07:00:00,2026-01-18,7,MER,10.0,False,False,12.3,False
2026-01-18 08:00:00,2026-01-18,8,MER,13.0,False,False,12.4,False
2026-01-18 09:00:00,2026-01-18,9,MER,13.0,False,False,12.8,False
2026-01-18 10:00:00,2026-01-18,10,MER,16.0,False,False,13.4,False
2026-01-18 11:00:00,2026-01-18,11,MER,25.0,False,False,14.9,False
2026-01-18 12:00:00,2026-01-18,12,MER,47.0,False,False,16.5,False
2026-01-18 13:00:00,2026-01-18,13,MER,60.0,False,False,18.4,False
2026-01-18 14:00:00,2026-01-18,14,MER,81.0,False,False,19.2,False
2026-01-18 15:00:00,2026-01-18,15,MER,84.0,False,False,19.9,False
2026-01-18 16:00:00,2026-01-18,16,MER,74.0,False,False,19.6,False
2026-01-18 17:00:00,2026-01-18,17,MER,52.0,False,False,17.4,False
2026-01-18 18:00:00,2026-01-18,18,MER,43.0,False,False,16.9,False
2026-01-18 19:00:00,2026-01-18,19,MER,40.0,False,False,15.2,False
2026-01-18 20:00:00,2026-01-18,20,MER,31.0,False,False,14.5,False
2026-01-18 21:00:00,2026-01-18,21,MER,25.0,False,False,14.1,False
2026-01-18 22:00:00,2026-01-18,22,MER,15.0,False,False,13.3,False
2026-01-18 23:00:00,2026-01-18,23,MER,8.0,False,False,12.7,False
2026-01-19 00:00:00,2026-01-18,24,MER,4.0,False,False,12.5,False
2026-01-19 01:00:00,2026-01-19,1,MER,3.0,False,False,12.4,False
2026-01-19 02:00:00,2026-01-19,2,MER,3.0,False,False,12.0,False
2026-01-19 03:00:00,2026-01-19,3,MER,3.0,False,False,11.3,False
2026-01-19 04:00:00,2026-01-19,4,MER,3.0,False,False,10.7,False
2026-01-19 05:00:00,2026-01-19,5,MER,4.0,False,False,10.6,False
2026-01-19 06:00:00,2026-01-19,6,MER,3.0,False,False,11.0,False
2026-01-19 07:00:00,2026-01-19,7,MER,3.0,False,False,11.3,False
2026-01-19 08:00:00,2026-01-19,8,MER,4.0,False,False,11.3,False
2026-01-19 09:00:00,2026-01-19,9,MER,4.0,False,False,11.5,False
2026-01-19 10:00:00,2026-01-19,10,MER,8.0,False,False,12.2,False
2026-01-19 11:00:00,2026-01-19,11,MER,23.0,False,False,13.8,False
2026-01-19 12:00:00,2026-01-19,12,MER,41.0,False,False,16.1,False
2026-01-19 13:00:00,2026-01-19,13,MER,51.0,False,False,18.1,False
2026-01-19 14:00:00,2026-01-19,14,MER,65.0,False,False,19.5,False
2026-01-19 15:00:00,2026-01-19,15,MER,80.0,False,False,20.4,False
2026-01-19 16:00:00,2026-01-19,16,MER,81.0,False,False,20.5,False
2026-01-19 17:00:00,2026-01-19,17,MER,77.0,False,False,20.5,False
2026-01-19 18:00:00,2026-01-19,18,MER,52.0,False,False,20.2,False
2026-01-19 19:00:00,2026-01-19,19,MER,20.0,False,False,19.1,False
2026-01-19 20:00:00,2026-01-19,20,MER,15.0,False,False,18.4,False
2026-01-19 21:00:00,2026-01-19,21,MER,12.0,False,False,17.8,False
2026-01-19 22:00:00,2026-01-19,22,MER,14.0,False,False,16.8,False
2026-01-19 23:00:00,2026-01-19,23,MER,5.0,False,False,15.9,False
2026-01-20 00:00:00,2026-01-19,24,MER,3.0,False,False,15.0,False
2026-01-20 01:00:00,2026-01-20,1,MER,5.0,False,False,14.3,False
2026-01-20 02:00:00,2026-01-20,2,MER,9.0,False,False,13.8,False
2026-01-20 03:00:00,2026-01-20,3,MER,4.0,False,False,13.4,False
2026-01-20 04:00:00,2026-01-20,4,MER,3.0,False,False,12.6,False
2026-01-20 05:00:00,2026-01-20,5,MER,3.0,False,False,11.8,False
2026-01-20 06:00:00,2026-01-20,6,MER,3.0,False,False,11.6,False
2026-01-20 07:00:00,2026-01-20,7,MER,3.0,False,False,11.8,False
2026-01-20 08:00:00,2026-01-20,8,MER,4.0,False,False,12.3,False
2026-01-20 09:00:00,2026-01-20,9,MER,4.0,False,False,12.5,False
2026-01-20 10:00:00,2026-01-20,10,MER,5.0,False,False,13.6,False
2026-01-20 11:00:00,2026-01-20,11,MER,12.0,False,False,15.6,False
2026-01-20 12:00:00,2026-01-20,12,MER,29.0,False,False,17.5,False
2026-01-20 13:00:00,2026-01-20,13,MER,56.0,False,False,19.0,False
2026-01-20 14:00:00,2026-01-20,14,MER,83.0,False,False,19.8,False
2026-01-20 15:00:00,2026-01-20,15,MER,82.0,False,False,20.8,False
2026-01-20 16:00:00,2026-01-20,16,MER,47.0,False,False,19.9,False
2026-01-20 17:00:00,2026-01-20,17,MER,55.0,False,False,19.8,False
2026-01-20 18:00:00,2026-01-20,18,MER,64.0,False,False,20.0,False
2026-01-20 19:00:00,2026-01-20,19,MER,27.0,False,False,18.8,False
2026-01-20 20:00:00,2026-01-20,20,MER,17.0,False,False,16.6,False
2026-01-20 21:00:00,2026-01-20,21,MER,8.0,False,False,15.6,False
2026-01-20 22:00:00,2026-01-20,22,MER,5.0,False,False,14.5,False
2026-01-20 23:00:00,2026-01-20,23,MER,3.0,False,False,13.6,False
2026-01-21 00:00:00,2026-01-20,24,MER,3.0,False,False,13.1,False
2026-01-21 01:00:00,2026-01-21,1,MER,3.0,False,False,12.7,False
2026-01-21 02:00:00,2026-01-21,2,MER,4.0,False,False,11.7,False
2026-01-21 03:00:00,2026-01-21,3,MER,4.866666666666666,True,False,11.0,False
2026-01-21 04:00:00,2026-01-21,4,MER,5.733333333333333,True,False,11.0,False
2026-01-21 05:00:00,2026-01-21,5,MER,6.6,True,False,10.8,False
2026-01-21 06:00:00,2026-01-21,6,MER,4.0,True,False,10.7,False
2026-01-21 07:00:00,2026-01-21,7,MER,4.0,True,False,10.9,False
2026-01-21 08:00:00,2026-01-21,8,MER,5.0,True,False,11.4,False
2026-01-21 09:00:00,2026-01-21,9,MER,6.0,True,False,11.4,False
2026-01-21 10:00:00,2026-01-21,10,MER,11.0,True,False,11.4,False
2026-01-21 11:00:00,2026-01-21,11,MER,24.5,True,False,12.7,False
2026-01-21 12:00:00,2026-01-21,12,MER,47.0,True,False,14.3,False
2026-01-21 13:00:00,2026-01-21,13,MER,70.5,True,False,15.9,False
2026-01-21 14:00:00,2026-01-21,14,MER,14.4,True,False,18.3,False
2026-01-21 15:00:00,2026-01-21,15,MER,15.266666666666666,True,False,18.3,False
2026-01-21 16:00:00,2026-01-21,16,MER,16.133333333333333,True,False,16.7,False
2026-01-21 17:00:00,2026-01-21,17,MER,17.0,False,False,16.3,False
2026-01-21 18:00:00,2026-01-21,18,MER,17.0,False,False,17.2,False
2026-01-21 19:00:00,2026-01-21,19,MER,12.0,False,False,16.4,False
2026-01-21 20:00:00,2026-01-21,20,MER,6.0,False,False,15.8,False
2026-01-21 21:00:00,2026-01-21,21,MER,9.0,False,False,14.9,False
2026-01-21 22:00:00,2026-01-21,22,MER,8.0,False,False,13.7,False
2026-01-21 23:00:00,2026-01-21,23,MER,6.0,False,False,12.9,False
2026-01-22 00:00:00,2026-01-21,24,MER,5.0,False,False,12.4,False
2026-01-22 01:00:00,2026-01-22,1,MER,4.0,False,False,12.3,False
2026-01-22 02:00:00,2026-01-22,2,MER,4.0,False,False,11.7,False
2026-01-22 03:00:00,2026-01-22,3,MER,4.0,False,False,11.1,False
2026-01-22 04:00:00,2026-01-22,4,MER,5.0,False,False,10.4,False
2026-01-22 05:00:00,2026-01-22,5,MER,4.0,False,False,10.0,False
2026-01-22 06:00:00,2026-01-22,6,MER,5.0,False,False,9.8,False
2026-01-22 07:00:00,2026-01-22,7,MER,4.0,False,False,9.2,False
2026-01-22 08:00:00,2026-01-22,8,MER,5.0,False,False,9.6,False
2026-01-22 09:00:00,2026-01-22,9,MER,5.0,False,False,11.0,False
2026-01-22 10:00:00,2026-01-22,10,MER,7.0,False,False,12.4,False
2026-01-22 11:00:00,2026-01-22,11,MER,13.0,False,False,14.2,False
2026-01-22 12:00:00,2026-01-22,12,MER,35.0,False,False,16.8,False
2026-01-22 13:00:00,2026-01-22,13,MER,55.0,False,False,19.3,False
2026-01-22 14:00:00,2026-01-22,14,MER,70.0,False,False,21.0,False
2026-01-22 15:00:00,2026-01-22,15,MER,88.0,False,False,21.7,False
2026-01-22 16:00:00,2026-01-22,16,MER,68.0,False,False,21.3,False
2026-01-22 17:00:00,2026-01-22,17,MER,46.0,False,False,19.0,False
2026-01-22 18:00:00,2026-01-22,18,MER,33.0,False,False,18.7,False
2026-01-22 19:00:00,2026-01-22,19,MER,20.0,False,False,18.8,False
2026-01-22 20:00:00,2026-01-22,20,MER,13.0,False,False,17.5,False
2026-01-22 21:00:00,2026-01-22,21,MER,6.0,False,False,17.5,False
2026-01-22 22:00:00,2026-01-22,22,MER,10.0,False,False,17.3,False
2026-01-22 23:00:00,2026-01-22,23,MER,6.0,False,False,16.4,False
2026-01-23 00:00:00,2026-01-22,24,MER,5.0,False,False,16.0,False
2026-01-23 01:00:00,2026-01-23,1,MER,5.0,False,False,15.3,False
2026-01-23 02:00:00,2026-01-23,2,MER,5.0,False,False,14.4,False
2026-01-23 03:00:00,2026-01-23,3,MER,5.0,False,False,13.6,False
2026-01-23 04:00:00,2026-01-23,4,MER,4.0,False,False,13.2,False
2026-01-23 05:00:00,2026-01-23,5,MER,4.0,False,False,12.6,False
2026-01-23 06:00:00,2026-01-23,6,MER,5.0,False,False,12.2,False
2026-01-23 07:00:00,2026-01-23,7,MER,5.0,False,False,11.5,False
2026-01-23 08:00:00,2026-01-23,8,MER,5.0,False,False,11.9,False
2026-01-23 09:00:00,2026-01-23,9,MER,6.0,False,False,13.7,False
2026-01-23 10:00:00,2026-01-23,10,MER,15.0,False,False,15.1,False
2026-01-23 11:00:00,2026-01-23,11,MER,27.0,False,False,16.9,False
2026-01-23 12:00:00,2026-01-23,12,MER,44.0,False,False,18.8,False
2026-01-23 13:00:00,2026-01-23,13,MER,48.0,False,False,20.3,False
2026-01-23 14:00:00,2026-01-23,14,MER,64.0,False,False,21.6,False
2026-01-23 15:00:00,2026-01-23,15,MER,68.0,False,False,21.5,False
2026-01-23 16:00:00,2026-01-23,16,MER,49.0,False,False,21.8,False
2026-01-23 17:00:00,2026-01-23,17,MER,36.0,False,False,21.9,False
2026-01-23 18:00:00,2026-01-23,18,MER,25.0,False,False,21.0,False
2026-01-23 19:00:00,2026-01-23,19,MER,15.0,False,False,20.4,False
2026-01-23 20:00:00,2026-01-23,20,MER,11.0,False,False,19.5,False
2026-01-23 21:00:00,2026-01-23,21,MER,13.0,False,False,18.4,False
2026-01-23 22:00:00,2026-01-23,22,MER,7.0,False,False,17.0,False
2026-01-23 23:00:00,2026-01-23,23,MER,5.0,False,False,16.0,False
2026-01-24 00:00:00,2026-01-23,24,MER,5.0,False,False,15.0,False
2026-01-24 01:00:00,2026-01-24,1,MER,5.0,True,True,14.0,False
2026-01-24 02:00:00,2026-01-24,2,MER,5.0,True,True,13.3,False
2026-01-24 03:00:00,2026-01-24,3,MER,5.0,True,True,12.5,False
2026-01-24 04:00:00,2026-01-24,4,MER,5.0,False,False,11.7,False
2026-01-24 05:00:00,2026-01-24,5,MER,5.0,False,False,11.0,False
2026-01-24 06:00:00,2026-01-24,6,MER,5.0,False,False,10.5,False
2026-01-24 07:00:00,2026-01-24,7,MER,5.0,False,False,10.0,False
2026-01-24 08:00:00,2026-01-24,8,MER,5.0,False,False,10.2,False
2026-01-24 09:00:00,2026-01-24,9,MER,6.0,False,False,12.2,False
2026-01-24 10:00:00,2026-01-24,10,MER,9.0,False,False,14.2,False
2026-01-24 11:00:00,2026-01-24,11,MER,25.0,False,False,16.9,False
2026-01-24 12:00:00,2026-01-24,12,MER,47.0,False,False,19.0,False
2026-01-24 13:00:00,2026-01-24,13,MER,56.0,False,False,21.1,False
2026-01-24 14:00:00,2026-01-24,14,MER,56.0,False,False,22.3,False
2026-01-24 15:00:00,2026-01-24,15,MER,53.0,False,False,22.9,False
2026-01-24 16:00:00,2026-01-24,16,MER,50.0,False,False,22.2,False
2026-01-24 17:00:00,2026-01-24,17,MER,34.0,False,False,22.1,False
2026-01-24 18:00:00,2026-01-24,18,MER,38.0,False,False,20.8,False
2026-01-24 19:00:00,2026-01-24,19,MER,32.0,False,False,19.3,False
2026-01-24 20:00:00,2026-01-24,20,MER,22.0,False,False,18.4,False
2026-01-24 21:00:00,2026-01-24,21,MER,17.0,False,False,17.9,False
2026-01-24 22:00:00,2026-01-24,22,MER,10.0,False,False,17.0,False
2026-01-24 23:00:00,2026-01-24,23,MER,7.0,False,False,16.1,False
2026-01-25 00:00:00,2026-01-24,24,MER,5.0,False,False,15.0,False
2026-01-25 01:00:00,2026-01-25,1,MER,5.0,False,False,14.4,False
2026-01-25 02:00:00,2026-01-25,2,MER,5.0,False,False,13.7,False
2026-01-25 03:00:00,2026-01-25,3,MER,5.0,False,False,13.1,False
2026-01-25 04:00:00,2026-01-25,4,MER,5.0,False,False,12.6,False
2026-01-25 05:00:00,2026-01-25,5,MER,5.0,False,False,11.9,False
2026-01-25 06:00:00,2026-01-25,6,MER,5.0,False,False,11.7,False
2026-01-25 07:00:00,2026-01-25,7,MER,4.0,False,False,10.9,False
2026-01-25 08:00:00,2026-01-25,8,MER,5.0,False,False,11.1,False
2026-01-25 09:00:00,2026-01-25,9,MER,7.0,False,False,13.4,False
2026-01-25 10:00:00,2026-01-25,10,MER,19.0,False,False,15.9,False
2026-01-25 11:00:00,2026-01-25,11,MER,40.0,False,False,18.6,False
2026-01-25 12:00:00,2026-01-25,12,MER,45.0,False,False,21.2,False
2026-01-25 13:00:00,2026-01-25,13,MER,51.0,False,False,22.6,False
2026-01-25 14:00:00,2026-01-25,14,MER,55.0,False,False,23.9,False
2026-01-25 15:00:00,2026-01-25,15,MER,48.0,False,False,24.1,False
2026-01-25 16:00:00,2026-01-25,16,MER,42.0,False,False,24.1,False
2026-01-25 17:00:00,2026-01-25,17,MER,36.0,False,False,23.7,False
2026-01-25 18:00:00,2026-01-25,18,MER,30.0,False,False,23.0,False
2026-01-25 19:00:00,2026-01-25,19,MER,24.0,False,False,21.4,False
2026-01-25 20:00:00,2026-01-25,20,MER,11.0,False,False,20.2,False
2026-01-25 21:00:00,2026-01-25,21,MER,5.0,False,False,18.8,False
2026-01-25 22:00:00,2026-01-25,22,MER,5.0,False,False,17.9,False
2026-01-25 23:00:00,2026-01-25,23,MER,5.0,False,False,17.5,False
2026-01-26 00:00:00,2026-01-25,24,MER,5.0,False,False,16.4,False
2026-01-26 01:00:00,2026-01-26,1,MER,5.0,False,False,15.5,False
2026-01-26 02:00:00,2026-01-26,2,MER,4.0,False,False,14.5,False
2026-01-26 03:00:00,2026-01-26,3,MER,5.0,False,False,13.6,False
2026-01-26 04:00:00,2026-01-26,4,MER,4.0,False,False,13.3,False
2026-01-26 05:00:00,2026-01-26,5,MER,4.0,False,False,12.3,False
2026-01-26 06:00:00,2026-01-26,6,MER,4.0,False,False,12.0,False
2026-01-26 07:00:00,2026-01-26,7,MER,4.0,False,False,11.7,False
2026-01-26 08:00:00,2026-01-26,8,MER,5.0,False,False,11.9,False
2026-01-26 09:00:00,2026-01-26,9,MER,7.0,False,False,13.5,False
2026-01-26 10:00:00,2026-01-26,10,MER,10.0,False,False,14.7,False
2026-01-26 11:00:00,2026-01-26,11,MER,21.0,False,False,16.7,False
2026-01-26 12:00:00,2026-01-26,12,MER,51.0,False,False,19.3,False
2026-01-26 13:00:00,2026-01-26,13,MER,70.0,False,False,21.8,False
2026-01-26 14:00:00,2026-01-26,14,MER,69.0,False,False,23.4,False
2026-01-26 15:00:00,2026-01-26,15,MER,76.0,False,False,24.1,False
2026-01-26 16:00:00,2026-01-26,16,MER,82.0,False,False,24.3,False
2026-01-26 17:00:00,2026-01-26,17,MER,65.0,False,False,24.2,False
2026-01-26 18:00:00,2026-01-26,18,MER,57.0,False,False,23.2,False
2026-01-26 19:00:00,2026-01-26,19,MER,54.0,False,False,21.6,False
2026-01-26 20:00:00,2026-01-26,20,MER,33.0,False,False,19.6,False
2026-01-26 21:00:00,2026-01-26,21,MER,15.0,False,False,17.1,False
2026-01-26 22:00:00,2026-01-26,22,MER,14.0,False,False,15.7,False
2026-01-26 23:00:00,2026-01-26,23,MER,18.0,False,False,14.4,False
2026-01-27 00:00:00,2026-01-26,24,MER,17.0,False,False,13.6,False
2026-01-27 01:00:00,2026-01-27,1,MER,12.0,False,False,13.0,False
2026-01-27 02:00:00,2026-01-27,2,MER,5.0,False,False,10.6,False
2026-01-27 03:00:00,2026-01-27,3,MER,4.0,False,False,9.3,False
2026-01-27 04:00:00,2026-01-27,4,MER,4.0,False,False,8.1,False
2026-01-27 05:00:00,2026-01-27,5,MER,4.0,False,False,7.9,False
2026-01-27 06:00:00,2026-01-27,6,MER,5.0,False,False,7.3,False
2026-01-27 07:00:00,2026-01-27,7,MER,5.0,False,False,7.2,False
2026-01-27 08:00:00,2026-01-27,8,MER,5.0,False,False,7.6,False
2026-01-27 09:00:00,2026-01-27,9,MER,6.0,False,False,8.3,False
2026-01-27 10:00:00,2026-01-27,10,MER,8.0,False,False,10.6,False
2026-01-27 11:00:00,2026-01-27,11,MER,15.0,False,False,13.3,False
2026-01-27 12:00:00,2026-01-27,12,MER,27.0,False,False,16.0,False
2026-01-27 13:00:00,2026-01-27,13,MER,52.0,False,False,18.6,False
2026-01-27 14:00:00,2026-01-27,14,MER,71.0,False,False,20.6,False
2026-01-27 15:00:00,2026-01-27,15,MER,86.0,False,False,22.2,False
2026-01-27 16:00:00,2026-01-27,16,MER,104.0,False,False,22.5,False
2026-01-27 17:00:00,2026-01-27,17,MER,110.0,False,False,22.4,False
2026-01-27 18:00:00,2026-01-27,18,MER,78.0,False,False,21.8,False
2026-01-27 19:00:00,2026-01-27,19,MER,51.0,False,False,20.2,False
2026-01-27 20:00:00,2026-01-27,20,MER,29.0,False,False,19.3,False
2026-01-27 21:00:00,2026-01-27,21,MER,26.0,False,False,19.0,False
2026-01-27 22:00:00,2026-01-27,22,MER,24.0,False,False,18.4,False
2026-01-27 23:00:00,2026-01-27,23,MER,28.0,False,False,18.0,False
2026-01-28 00:00:00,2026-01-27,24,MER,22.0,False,False,17.1,False
2026-01-28 01:00:00,2026-01-28,1,MER,8.0,False,False,16.5,False
2026-01-28 02:00:00,2026-01-28,2,MER,18.0,False,False,15.5,False
2026-01-28 03:00:00,2026-01-28,3,MER,13.0,False,False,14.7,False
2026-01-28 04:00:00,2026-01-28,4,MER,11.0,False,False,13.6,False
2026-01-28 05:00:00,2026-01-28,5,MER,6.0,False,False,12.9,False
2026-01-28 06:00:00,2026-01-28,6,MER,5.0,False,False,12.0,False
2026-01-28 07:00:00,2026-01-28,7,MER,5.0,False,False,11.3,False
2026-01-28 08:00:00,2026-01-28,8,MER,5.0,False,False,11.5,False
2026-01-28 09:00:00,2026-01-28,9,MER,6.0,False,False,12.8,False
2026-01-28 10:00:00,2026-01-28,10,MER,8.0,False,False,14.9,False
2026-01-28 11:00:00,2026-01-28,11,MER,28.0,False,False,17.3,False
2026-01-28 12:00:00,2026-01-28,12,MER,60.0,False,False,18.8,False
2026-01-28 13:00:00,2026-01-28,13,MER,69.0,False,False,20.3,False
2026-01-28 14:00:00,2026-01-28,14,MER,82.0,False,False,21.4,False
2026-01-28 15:00:00,2026-01-28,15,MER,97.0,False,False,21.9,False
2026-01-28 16:00:00,2026-01-28,16,MER,106.0,False,False,22.6,False
2026-01-28 17:00:00,2026-01-28,17,MER,97.0,False,False,22.8,False
2026-01-28 18:00:00,2026-01-28,18,MER,89.0,False,False,22.4,False
2026-01-28 19:00:00,2026-01-28,19,MER,45.0,False,False,20.2,False
2026-01-28 20:00:00,2026-01-28,20,MER,29.0,False,False,18.4,False
2026-01-28 21:00:00,2026-01-28,21,MER,19.0,False,False,16.7,False
2026-01-28 22:00:00,2026-01-28,22,MER,14.0,False,False,15.7,False
2026-01-28 23:00:00,2026-01-28,23,MER,15.0,False,False,14.9,False
2026-01-29 00:00:00,2026-01-28,24,MER,11.0,False,False,14.3,False
2026-01-29 01:00:00,2026-01-29,1,MER,5.0,False,False,13.6,False
2026-01-29 02:00:00,2026-01-29,2,MER,6.0,False,False,12.3,False
2026-01-29 03:00:00,2026-01-29,3,MER,5.0,False,False,11.3,False
2026-01-29 04:00:00,2026-01-29,4,MER,7.0,False,False,10.6,False
2026-01-29 05:00:00,2026-01-29,5,MER,5.0,False,False,10.1,False
2026-01-29 06:00:00,2026-01-29,6,MER,4.0,False,False,10.1,False
2026-01-29 07:00:00,2026-01-29,7,MER,5.0,False,False,10.1,False
2026-01-29 08:00:00,2026-01-29,8,MER,5.0,False,False,9.5,False
2026-01-29 09:00:00,2026-01-29,9,MER,6.0,False,False,11.2,False
2026-01-29 10:00:00,2026-01-29,10,MER,12.0,False,False,13.5,False
2026-01-29 11:00:00,2026-01-29,11,MER,23.0,False,False,16.0,False
2026-01-29 12:00:00,2026-01-29,12,MER,40.0,False,False,18.6,False
2026-01-29 13:00:00,2026-01-29,13,MER,72.0,False,False,20.4,False
2026-01-29 14:00:00,2026-01-29,14,MER,102.0,False,False,21.8,False
2026-01-29 15:00:00,2026-01-29,15,MER,99.0,False,False,23.1,False
2026-01-29 16:00:00,2026-01-29,16,MER,85.0,False,False,24.0,False
2026-01-29 17:00:00,2026-01-29,17,MER,66.0,False,False,24.7,False
2026-01-29 18:00:00,2026-01-29,18,MER,64.0,False,False,23.8,False
2026-01-29 19:00:00,2026-01-29,19,MER,51.0,False,False,22.3,False
2026-01-29 20:00:00,2026-01-29,20,MER,30.0,False,False,21.1,False
2026-01-29 21:00:00,2026-01-29,21,MER,19.0,False,False,20.1,False
2026-01-29 22:00:00,2026-01-29,22,MER,5.0,False,False,19.0,False
2026-01-29 23:00:00,2026-01-29,23,MER,5.0,False,False,17.8,False
2026-01-30 00:00:00,2026-01-29,24,MER,5.0,False,False,16.4,False
2026-01-30 01:00:00,2026-01-30,1,MER,5.0,True,True,15.5,False
2026-01-30 02:00:00,2026-01-30,2,MER,5.0,True,True,14.7,False
2026-01-30 03:00:00,2026-01-30,3,MER,5.0,True,True,13.9,False
2026-01-30 04:00:00,2026-01-30,4,MER,6.0,False,False,13.6,False
2026-01-30 05:00:00,2026-01-30,5,MER,9.0,False,False,13.4,False
2026-01-30 06:00:00,2026-01-30,6,MER,5.0,False,False,12.3,False
2026-01-30 07:00:00,2026-01-30,7,MER,5.0,False,False,11.7,False
2026-01-30 08:00:00,2026-01-30,8,MER,5.0,False,False,11.5,False
2026-01-30 09:00:00,2026-01-30,9,MER,6.0,False,False,12.8,False
2026-01-30 10:00:00,2026-01-30,10,MER,9.0,False,False,14.2,False
2026-01-30 11:00:00,2026-01-30,11,MER,27.0,False,False,16.0,False
2026-01-30 12:00:00,2026-01-30,12,MER,47.0,False,False,18.4,False
2026-01-30 13:00:00,2026-01-30,13,MER,67.0,False,False,20.4,False
2026-01-30 14:00:00,2026-01-30,14,MER,74.0,False,False,21.6,False
2026-01-30 15:00:00,2026-01-30,15,MER,95.0,False,False,23.0,False
2026-01-30 16:00:00,2026-01-30,16,MER,112.0,False,False,23.4,False
2026-01-30 17:00:00,2026-01-30,17,MER,129.0,False,False,23.7,False
2026-01-30 18:00:00,2026-01-30,18,MER,112.0,False,False,23.1,False
2026-01-30 19:00:00,2026-01-30,19,MER,76.0,False,False,22.3,False
2026-01-30 20:00:00,2026-01-30,20,MER,48.0,False,False,20.9,False
2026-01-30 21:00:00,2026-01-30,21,MER,19.0,False,False,19.6,False
2026-01-30 22:00:00,2026-01-30,22,MER,9.0,False,False,17.6,False
2026-01-30 23:00:00,2026-01-30,23,MER,10.0,False,False,15.6,False
2026-01-31 00:00:00,2026-01-30,24,MER,8.0,False,False,14.2,False
2026-01-31 01:00:00,2026-01-31,1,MER,5.0,False,False,13.3,False
2026-01-31 02:00:00,2026-01-31,2,MER,7.0,False,False,12.5,False
2026-01-31 03:00:00,2026-01-31,3,MER,8.0,False,False,11.6,False
2026-01-31 04:00:00,2026-01-31,4,MER,6.0,False,False,11.0,False
2026-01-31 05:00:00,2026-01-31,5,MER,6.0,False,False,10.4,False
2026-01-31 06:00:00,2026-01-31,6,MER,4.0,False,False,10.0,False
2026-01-31 07:00:00,2026-01-31,7,MER,4.0,False,False,10.1,False
2026-01-31 08:00:00,2026-01-31,8,MER,7.0,False,False,10.3,False
2026-01-31 09:00:00,2026-01-31,9,MER,11.0,False,False,9.4,False
2026-01-31 10:00:00,2026-01-31,10,MER,13.0,False,False,9.3,False
2026-01-31 11:00:00,2026-01-31,11,MER,13.0,False,False,9.5,False
2026-01-31 12:00:00,2026-01-31,12,MER,12.0,False,False,10.3,False
2026-01-31 13:00:00,2026-01-31,13,MER,18.0,False,False,11.2,False
2026-01-31 14:00:00,2026-01-31,14,MER,25.0,False,False,12.3,False
2026-01-31 15:00:00,2026-01-31,15,MER,41.0,False,False,14.0,False
2026-01-31 16:00:00,2026-01-31,16,MER,46.0,False,False,15.0,False
2026-01-31 17:00:00,2026-01-31,17,MER,46.0,False,False,15.8,False
2026-01-31 18:00:00,2026-01-31,18,MER,25.0,False,False,15.9,False
2026-01-31 19:00:00,2026-01-31,19,MER,16.0,False,False,15.3,False
2026-01-31 20:00:00,2026-01-31,20,MER,26.0,False,False,14.4,False
2026-01-31 21:00:00,2026-01-31,21,MER,23.0,False,False,13.3,False
2026-01-31 22:00:00,2026-01-31,22,MER,11.0,False,False,12.6,False
2026-01-31 23:00:00,2026-01-31,23,MER,12.0,False,False,12.0,False
2026-02-01 00:00:00,2026-01-31,24,MER,12.0,False,False,10.7,False
2026-02-01 01:00:00,2026-02-01,1,MER,9.0,False,False,9.6,False
2026-02-01 02:00:00,2026-02-01,2,MER,8.0,False,False,8.9,False
2026-02-01 03:00:00,2026-02-01,3,MER,5.0,False,False,8.5,False
2026-02-01 04:00:00,2026-02-01,4,MER,4.0,False,False,7.4,False
2026-02-01 05:00:00,2026-02-01,5,MER,5.0,False,False,6.4,False
2026-02-01 06:00:00,2026-02-01,6,MER,4.0,False,False,6.1,False
2026-02-01 07:00:00,2026-02-01,7,MER,4.0,False,False,6.3,False
2026-02-01 08:00:00,2026-02-01,8,MER,5.0,False,False,5.9,False
2026-02-01 09:00:00,2026-02-01,9,MER,6.0,False,False,6.3,False
2026-02-01 10:00:00,2026-02-01,10,MER,10.0,False,False,7.9,False
2026-02-01 11:00:00,2026-02-01,11,MER,21.0,False,False,9.9,False
2026-02-01 12:00:00,2026-02-01,12,MER,44.0,False,False,12.2,False
2026-02-01 13:00:00,2026-02-01,13,MER,71.0,False,False,14.3,False
2026-02-01 14:00:00,2026-02-01,14,MER,98.0,False,False,16.7,False
2026-02-01 15:00:00,2026-02-01,15,MER,93.0,False,False,18.7,False
2026-02-01 16:00:00,2026-02-01,16,MER,103.0,False,False,19.4,False
2026-02-01 17:00:00,2026-02-01,17,MER,84.0,False,False,19.7,False
2026-02-01 18:00:00,2026-02-01,18,MER,62.0,False,False,19.1,False
2026-02-01 19:00:00,2026-02-01,19,MER,47.0,False,False,18.0,False
2026-02-01 20:00:00,2026-02-01,20,MER,37.0,False,False,16.9,False
2026-02-01 21:00:00,2026-02-01,21,MER,31.0,False,False,15.6,False
2026-02-01 22:00:00,2026-02-01,22,MER,28.0,False,False,14.5,False
2026-02-01 23:00:00,2026-02-01,23,MER,27.0,False,False,14.0,False
2026-02-02 00:00:00,2026-02-01,24,MER,17.0,False,False,13.3,False
2026-02-02 01:00:00,2026-02-02,1,MER,17.0,False,False,12.9,False
2026-02-02 02:00:00,2026-02-02,2,MER,14.0,False,False,12.6,False
2026-02-02 03:00:00,2026-02-02,3,MER,7.0,False,False,11.6,False
2026-02-02 04:00:00,2026-02-02,4,MER,10.0,False,False,9.9,False
2026-02-02 05:00:00,2026-02-02,5,MER,7.0,False,False,9.0,False
2026-02-02 06:00:00,2026-02-02,6,MER,4.0,False,False,8.7,False
2026-02-02 07:00:00,2026-02-02,7,MER,4.0,False,False,8.3,False
2026-02-02 08:00:00,2026-02-02,8,MER,5.0,False,False,7.8,False
2026-02-02 09:00:00,2026-02-02,9,MER,7.0,False,False,7.3,False
2026-02-02 10:00:00,2026-02-02,10,MER,9.0,False,False,8.4,False
2026-02-02 11:00:00,2026-02-02,11,MER,21.0,False,False,10.8,False
2026-02-02 12:00:00,2026-02-02,12,MER,49.0,False,False,13.7,False
2026-02-02 13:00:00,2026-02-02,13,MER,72.0,False,False,16.4,False
2026-02-02 14:00:00,2026-02-02,14,MER,93.0,False,False,18.2,False
2026-02-02 15:00:00,2026-02-02,15,MER,97.0,False,False,19.2,False
2026-02-02 16:00:00,2026-02-02,16,MER,72.0,False,False,20.0,False
2026-02-02 17:00:00,2026-02-02,17,MER,65.0,False,False,20.6,False
2026-02-02 18:00:00,2026-02-02,18,MER,57.0,False,False,20.4,False
2026-02-02 19:00:00,2026-02-02,19,MER,42.0,False,False,19.2,False
2026-02-02 20:00:00,2026-02-02,20,MER,24.0,False,False,18.1,False
2026-02-02 21:00:00,2026-02-02,21,MER,15.0,False,False,17.3,False
2026-02-02 22:00:00,2026-02-02,22,MER,17.0,False,False,16.1,False
2026-02-02 23:00:00,2026-02-02,23,MER,16.0,False,False,15.1,False
2026-02-03 00:00:00,2026-02-02,24,MER,7.0,False,False,14.3,False
2026-02-03 01:00:00,2026-02-03,1,MER,9.0,False,False,13.9,False
2026-02-03 02:00:00,2026-02-03,2,MER,5.0,False,False,12.7,False
2026-02-03 03:00:00,2026-02-03,3,MER,5.0,False,False,11.7,False
2026-02-03 04:00:00,2026-02-03,4,MER,5.0,False,False,10.8,False
2026-02-03 05:00:00,2026-02-03,5,MER,5.0,False,False,10.3,False
2026-02-03 06:00:00,2026-02-03,6,MER,5.0,False,False,9.7,False
2026-02-03 07:00:00,2026-02-03,7,MER,5.0,False,False,9.5,False
2026-02-03 08:00:00,2026-02-03,8,MER,5.0,False,False,9.4,False
2026-02-03 09:00:00,2026-02-03,9,MER,6.0,False,False,10.9,False
2026-02-03 10:00:00,2026-02-03,10,MER,11.0,False,False,12.9,False
2026-02-03 11:00:00,2026-02-03,11,MER,26.0,False,False,15.3,False
2026-02-03 12:00:00,2026-02-03,12,MER,47.0,False,False,18.1,False
2026-02-03 13:00:00,2026-02-03,13,MER,71.0,False,False,19.9,False
2026-02-03 14:00:00,2026-02-03,14,MER,93.0,False,False,20.8,False
2026-02-03 15:00:00,2026-02-03,15,MER,90.0,False,False,21.7,False
2026-02-03 16:00:00,2026-02-03,16,MER,69.0,False,False,22.3,False
2026-02-03 17:00:00,2026-02-03,17,MER,67.0,False,False,22.0,False
2026-02-03 18:00:00,2026-02-03,18,MER,56.0,False,False,21.6,False
2026-02-03 19:00:00,2026-02-03,19,MER,44.0,False,False,21.1,False
2026-02-03 20:00:00,2026-02-03,20,MER,30.0,False,False,20.0,False
2026-02-03 21:00:00,2026-02-03,21,MER,22.0,False,False,19.0,False
2026-02-03 22:00:00,2026-02-03,22,MER,25.0,False,False,18.1,False
2026-02-03 23:00:00,2026-02-03,23,MER,26.0,False,False,17.2,False
2026-02-04 00:00:00,2026-02-03,24,MER,18.0,False,False,16.4,False
2026-02-04 01:00:00,2026-02-04,1,MER,10.0,False,False,15.8,False
2026-02-04 02:00:00,2026-02-04,2,MER,22.0,False,False,15.1,False
2026-02-04 03:00:00,2026-02-04,3,MER,26.0,False,False,14.5,False
2026-02-04 04:00:00,2026-02-04,4,MER,27.0,False,False,13.9,False
2026-02-04 05:00:00,2026-02-04,5,MER,10.0,False,False,13.0,False
2026-02-04 06:00:00,2026-02-04,6,MER,5.0,False,False,12.5,False
2026-02-04 07:00:00,2026-02-04,7,MER,5.0,False,False,12.2,False
2026-02-04 08:00:00,2026-02-04,8,MER,5.0,False,False,11.8,False
2026-02-04 09:00:00,2026-02-04,9,MER,5.0,False,False,12.8,False
2026-02-04 10:00:00,2026-02-04,10,MER,8.0,False,False,14.5,False
2026-02-04 11:00:00,2026-02-04,11,MER,24.0,False,False,16.5,False
2026-02-04 12:00:00,2026-02-04,12,MER,49.0,False,False,18.5,False
2026-02-04 13:00:00,2026-02-04,13,MER,74.0,False,False,20.3,False
2026-02-04 14:00:00,2026-02-04,14,MER,93.0,False,False,21.5,False
2026-02-04 15:00:00,2026-02-04,15,MER,104.0,False,False,22.6,False
2026-02-04 16:00:00,2026-02-04,16,MER,107.0,False,False,22.8,False
2026-02-04 17:00:00,2026-02-04,17,MER,95.0,False,False,22.4,False
2026-02-04 18:00:00,2026-02-04,18,MER,55.0,False,False,21.3,False
2026-02-04 19:00:00,2026-02-04,19,MER,29.0,False,False,19.4,False
2026-02-04 20:00:00,2026-02-04,20,MER,21.0,False,False,15.5,False
2026-02-04 21:00:00,2026-02-04,21,MER,23.0,False,False,14.8,False
2026-02-04 22:00:00,2026-02-04,22,MER,26.0,False,False,13.7,False
2026-02-04 23:00:00,2026-02-04,23,MER,28.0,False,False,12.8,False
2026-02-05 00:00:00,2026-02-04,24,MER,25.0,False,False,12.5,False
2026-02-05 01:00:00,2026-02-05,1,MER,5.0,True,True,11.6,False
2026-02-05 02:00:00,2026-02-05,2,MER,5.0,True,True,11.1,False
2026-02-05 03:00:00,2026-02-05,3,MER,5.0,True,True,11.1,False
2026-02-05 04:00:00,2026-02-05,4,MER,28.0,False,False,11.2,False
2026-02-05 05:00:00,2026-02-05,5,MER,30.0,False,False,10.8,False
2026-02-05 06:00:00,2026-02-05,6,MER,27.0,False,False,10.6,False
2026-02-05 07:00:00,2026-02-05,7,MER,23.0,False,False,10.9,False
2026-02-05 08:00:00,2026-02-05,8,MER,16.0,False,False,10.8,False
2026-02-05 09:00:00,2026-02-05,9,MER,14.0,False,False,10.7,False
2026-02-05 10:00:00,2026-02-05,10,MER,17.0,False,False,10.7,False
2026-02-05 11:00:00,2026-02-05,11,MER,14.0,False,False,11.2,False
2026-02-05 12:00:00,2026-02-05,12,MER,20.0,False,False,11.8,False
2026-02-05 13:00:00,2026-02-05,13,MER,30.0,False,False,13.1,False
2026-02-05 14:00:00,2026-02-05,14,MER,51.0,False,False,14.6,False
2026-02-05 15:00:00,2026-02-05,15,MER,72.0,False,False,16.6,False
2026-02-05 16:00:00,2026-02-05,16,MER,86.0,False,False,17.5,False
2026-02-05 17:00:00,2026-02-05,17,MER,94.0,False,False,18.1,False
2026-02-05 18:00:00,2026-02-05,18,MER,85.0,False,False,18.2,False
2026-02-05 19:00:00,2026-02-05,19,MER,66.0,False,False,17.9,False
2026-02-05 20:00:00,2026-02-05,20,MER,21.0,False,False,16.6,False
2026-02-05 21:00:00,2026-02-05,21,MER,15.0,False,False,15.7,False
2026-02-05 22:00:00,2026-02-05,22,MER,10.0,False,False,14.7,False
2026-02-05 23:00:00,2026-02-05,23,MER,5.0,False,False,13.7,False
2026-02-06 00:00:00,2026-02-05,24,MER,5.0,False,False,13.3,False
2026-02-06 01:00:00,2026-02-06,1,MER,6.0,False,False,12.2,False
2026-02-06 02:00:00,2026-02-06,2,MER,5.0,False,False,11.6,False
2026-02-06 03:00:00,2026-02-06,3,MER,4.0,False,False,10.7,False
2026-02-06 04:00:00,2026-02-06,4,MER,4.0,False,False,10.0,False
2026-02-06 05:00:00,2026-02-06,5,MER,4.0,False,False,9.3,False
2026-02-06 06:00:00,2026-02-06,6,MER,4.0,False,False,8.8,False
2026-02-06 07:00:00,2026-02-06,7,MER,5.0,False,False,8.6,False
2026-02-06 08:00:00,2026-02-06,8,MER,5.0,False,False,8.7,False
2026-02-06 09:00:00,2026-02-06,9,MER,6.0,False,False,10.2,False
2026-02-06 10:00:00,2026-02-06,10,MER,10.0,False,False,12.2,False
2026-02-06 11:00:00,2026-02-06,11,MER,17.0,False,False,14.6,False
2026-02-06 12:00:00,2026-02-06,12,MER,53.0,False,False,17.2,False
2026-02-06 13:00:00,2026-02-06,13,MER,75.0,False,False,18.7,False
2026-02-06 14:00:00,2026-02-06,14,MER,77.0,False,False,20.1,False
2026-02-06 15:00:00,2026-02-06,15,MER,70.0,False,False,21.2,False
2026-02-06 16:00:00,2026-02-06,16,MER,70.0,False,False,21.6,False
2026-02-06 17:00:00,2026-02-06,17,MER,58.0,False,False,21.9,False
2026-02-06 18:00:00,2026-02-06,18,MER,36.0,False,False,21.4,False
2026-02-06 19:00:00,2026-02-06,19,MER,19.0,False,False,20.0,False
2026-02-06 20:00:00,2026-02-06,20,MER,13.0,False,False,18.5,False
2026-02-06 21:00:00,2026-02-06,21,MER,21.0,False,False,16.5,False
2026-02-06 22:00:00,2026-02-06,22,MER,6.0,False,False,15.4,False
2026-02-06 23:00:00,2026-02-06,23,MER,6.0,False,False,14.3,False
2026-02-07 00:00:00,2026-02-06,24,MER,6.0,False,False,13.6,False
2026-02-07 01:00:00,2026-02-07,1,MER,6.0,False,False,12.8,False
2026-02-07 02:00:00,2026-02-07,2,MER,5.0,False,False,12.3,False
2026-02-07 03:00:00,2026-02-07,3,MER,5.0,False,False,11.4,False
2026-02-07 04:00:00,2026-02-07,4,MER,4.0,False,False,10.4,False
2026-02-07 05:00:00,2026-02-07,5,MER,4.0,False,False,9.0,False
2026-02-07 06:00:00,2026-02-07,6,MER,4.0,False,False,8.5,False
2026-02-07 07:00:00,2026-02-07,7,MER,4.0,False,False,8.2,False
2026-02-07 08:00:00,2026-02-07,8,MER,5.0,False,False,7.6,False
2026-02-07 09:00:00,2026-02-07,9,MER,6.0,False,False,9.3,False
2026-02-07 10:00:00,2026-02-07,10,MER,16.0,False,False,11.9,False
2026-02-07 11:00:00,2026-02-07,11,MER,36.0,False,False,14.7,False
2026-02-07 12:00:00,2026-02-07,12,MER,53.0,False,False,17.5,False
2026-02-07 13:00:00,2026-02-07,13,MER,58.0,False,False,19.5,False
2026-02-07 14:00:00,2026-02-07,14,MER,60.0,False,False,21.1,False
2026-02-07 15:00:00,2026-02-07,15,MER,56.0,False,False,22.2,False
2026-02-07 16:00:00,2026-02-07,16,MER,57.0,False,False,23.1,False
2026-02-07 17:00:00,2026-02-07,17,MER,70.0,False,False,23.3,False
2026-02-07 18:00:00,2026-02-07,18,MER,48.0,False,False,23.1,False
2026-02-07 19:00:00,2026-02-07,19,MER,30.0,False,False,21.8,False
2026-02-07 20:00:00,2026-02-07,20,MER,28.0,False,False,19.7,False
2026-02-07 21:00:00,2026-02-07,21,MER,22.0,False,False,17.8,False
2026-02-07 22:00:00,2026-02-07,22,MER,13.0,False,False,16.8,False
2026-02-07 23:00:00,2026-02-07,23,MER,9.0,False,False,15.7,False
2026-02-08 00:00:00,2026-02-07,24,MER,10.0,False,False,14.7,False
2026-02-08 01:00:00,2026-02-08,1,MER,7.0,False,False,13.7,False
2026-02-08 02:00:00,2026-02-08,2,MER,5.0,False,False,12.5,False
2026-02-08 03:00:00,2026-02-08,3,MER,5.0,False,False,11.2,False
2026-02-08 04:00:00,2026-02-08,4,MER,5.0,False,False,10.4,False
2026-02-08 05:00:00,2026-02-08,5,MER,5.0,False,False,9.7,False
2026-02-08 06:00:00,2026-02-08,6,MER,4.0,False,False,9.3,False
2026-02-08 07:00:00,2026-02-08,7,MER,5.0,False,False,9.2,False
2026-02-08 08:00:00,2026-02-08,8,MER,5.0,False,False,9.0,False
2026-02-08 09:00:00,2026-02-08,9,MER,8.0,False,False,10.1,False
2026-02-08 10:00:00,2026-02-08,10,MER,20.0,False,False,12.5,False
2026-02-08 11:00:00,2026-02-08,11,MER,39.0,False,False,15.8,False
2026-02-08 12:00:00,2026-02-08,12,MER,67.0,False,False,18.4,False
2026-02-08 13:00:00,2026-02-08,13,MER,77.0,False,False,20.9,False
2026-02-08 14:00:00,2026-02-08,14,MER,100.0,False,False,22.5,False
2026-02-08 15:00:00,2026-02-08,15,MER,118.0,False,False,23.6,False
2026-02-08 16:00:00,2026-02-08,16,MER,129.0,False,False,24.0,False
2026-02-08 17:00:00,2026-02-08,17,MER,121.0,False,False,24.5,False
2026-02-08 18:00:00,2026-02-08,18,MER,103.0,False,False,24.4,False
2026-02-08 19:00:00,2026-02-08,19,MER,63.0,False,False,22.9,False
2026-02-08 20:00:00,2026-02-08,20,MER,33.0,False,False,20.2,False
2026-02-08 21:00:00,2026-02-08,21,MER,32.0,False,False,18.3,False
2026-02-08 22:00:00,2026-02-08,22,MER,18.0,False,False,17.1,False
2026-02-08 23:00:00,2026-02-08,23,MER,23.0,False,False,15.8,False
2026-02-09 00:00:00,2026-02-08,24,MER,14.0,False,False,14.9,False
2026-02-09 01:00:00,2026-02-09,1,MER,11.0,False,False,14.3,False
2026-02-09 02:00:00,2026-02-09,2,MER,5.0,False,False,13.4,False
2026-02-09 03:00:00,2026-02-09,3,MER,5.0,False,False,12.1,False
2026-02-09 04:00:00,2026-02-09,4,MER,5.0,False,False,11.1,False
2026-02-09 05:00:00,2026-02-09,5,MER,5.0,False,False,10.6,False
2026-02-09 06:00:00,2026-02-09,6,MER,4.0,False,False,10.0,False
2026-02-09 07:00:00,2026-02-09,7,MER,5.0,False,False,9.8,False
2026-02-09 08:00:00,2026-02-09,8,MER,6.0,False,False,9.8,False
2026-02-09 09:00:00,2026-02-09,9,MER,5.0,False,False,10.5,False
2026-02-09 10:00:00,2026-02-09,10,MER,11.0,False,False,13.2,False
2026-02-09 11:00:00,2026-02-09,11,MER,22.0,False,False,16.1,False
2026-02-09 12:00:00,2026-02-09,12,MER,49.0,False,False,18.6,False
2026-02-09 13:00:00,2026-02-09,13,MER,71.0,False,False,20.7,False
2026-02-09 14:00:00,2026-02-09,14,MER,91.0,False,False,22.5,False
2026-02-09 15:00:00,2026-02-09,15,MER,99.0,False,False,23.7,False
2026-02-09 16:00:00,2026-02-09,16,MER,95.0,False,False,24.6,False
2026-02-09 17:00:00,2026-02-09,17,MER,93.0,False,False,25.1,False
2026-02-09 18:00:00,2026-02-09,18,MER,99.0,False,False,25.1,False
2026-02-09 19:00:00,2026-02-09,19,MER,84.0,False,False,23.1,False
2026-02-09 20:00:00,2026-02-09,20,MER,50.0,False,False,21.2,False
2026-02-09 21:00:00,2026-02-09,21,MER,23.0,False,False,19.9,False
2026-02-09 22:00:00,2026-02-09,22,MER,6.0,False,False,18.5,False
2026-02-09 23:00:00,2026-02-09,23,MER,4.0,False,False,17.3,False
2026-02-10 00:00:00,2026-02-09,24,MER,5.0,False,False,16.4,False
2026-02-10 01:00:00,2026-02-10,1,MER,5.0,False,False,15.0,False
2026-02-10 02:00:00,2026-02-10,2,MER,5.0,False,False,14.4,False
2026-02-10 03:00:00,2026-02-10,3,MER,5.0,False,False,13.3,False
2026-02-10 04:00:00,2026-02-10,4,MER,4.0,False,False,12.0,False
2026-02-10 05:00:00,2026-02-10,5,MER,4.0,False,False,11.4,False
2026-02-10 06:00:00,2026-02-10,6,MER,5.0,False,False,10.9,False
2026-02-10 07:00:00,2026-02-10,7,MER,5.0,False,False,10.4,False
2026-02-10 08:00:00,2026-02-10,8,MER,5.0,False,False,10.2,False
2026-02-10 09:00:00,2026-02-10,9,MER,6.0,False,False,12.2,False
2026-02-10 10:00:00,2026-02-10,10,MER,12.0,False,False,14.5,False
2026-02-10 11:00:00,2026-02-10,11,MER,42.0,False,False,17.2,False
2026-02-10 12:00:00,2026-02-10,12,MER,59.0,False,False,19.8,False
2026-02-10 13:00:00,2026-02-10,13,MER,80.0,False,False,21.8,False
2026-02-10 14:00:00,2026-02-10,14,MER,111.0,False,False,24.0,False
2026-02-10 15:00:00,2026-02-10,15,MER,110.0,False,False,25.5,False
2026-02-10 16:00:00,2026-02-10,16,MER,105.0,False,False,27.0,False
2026-02-10 17:00:00,2026-02-10,17,MER,87.0,False,False,27.3,False
2026-02-10 18:00:00,2026-02-10,18,MER,61.0,False,False,26.6,False
2026-02-10 19:00:00,2026-02-10,19,MER,54.0,False,False,24.2,False
2026-02-10 20:00:00,2026-02-10,20,MER,22.0,False,False,23.3,False
2026-02-10 21:00:00,2026-02-10,21,MER,10.0,False,False,22.1,False
2026-02-10 22:00:00,2026-02-10,22,MER,13.0,False,False,20.1,False
2026-02-10 23:00:00,2026-02-10,23,MER,15.0,False,False,19.1,False
2026-02-11 00:00:00,2026-02-10,24,MER,6.0,False,False,18.2,False
2026-02-11 01:00:00,2026-02-11,1,MER,5.0,True,True,17.9,False
2026-02-11 02:00:00,2026-02-11,2,MER,5.0,True,True,17.0,False
2026-02-11 03:00:00,2026-02-11,3,MER,5.0,True,True,15.9,False
2026-02-11 04:00:00,2026-02-11,4,MER,4.0,False,False,14.7,False
2026-02-11 05:00:00,2026-02-11,5,MER,4.0,False,False,13.5,False
2026-02-11 06:00:00,2026-02-11,6,MER,4.0,False,False,13.2,False
2026-02-11 07:00:00,2026-02-11,7,MER,5.0,False,False,13.4,False
2026-02-11 08:00:00,2026-02-11,8,MER,5.0,False,False,13.5,False
2026-02-11 09:00:00,2026-02-11,9,MER,6.0,False,False,13.9,False
2026-02-11 10:00:00,2026-02-11,10,MER,13.0,False,False,16.5,False
2026-02-11 11:00:00,2026-02-11,11,MER,28.0,False,False,19.0,False
2026-02-11 12:00:00,2026-02-11,12,MER,59.0,False,False,21.9,False
2026-02-11 13:00:00,2026-02-11,13,MER,85.0,False,False,23.5,False
2026-02-11 14:00:00,2026-02-11,14,MER,91.0,False,False,25.1,False
2026-02-11 15:00:00,2026-02-11,15,MER,84.0,False,False,26.2,False
2026-02-11 16:00:00,2026-02-11,16,MER,89.0,False,False,26.8,False
2026-02-11 17:00:00,2026-02-11,17,MER,103.0,False,False,27.0,False
2026-02-11 18:00:00,2026-02-11,18,MER,107.0,False,False,26.8,False
2026-02-11 19:00:00,2026-02-11,19,MER,55.0,False,False,24.3,False
2026-02-11 20:00:00,2026-02-11,20,MER,39.0,False,False,22.2,False
2026-02-11 21:00:00,2026-02-11,21,MER,38.0,False,False,20.8,False
2026-02-11 22:00:00,2026-02-11,22,MER,25.0,False,False,19.5,False
2026-02-11 23:00:00,2026-02-11,23,MER,25.0,False,False,18.5,False
2026-02-12 00:00:00,2026-02-11,24,MER,14.0,False,False,17.7,False
2026-02-12 01:00:00,2026-02-12,1,MER,17.0,False,False,16.8,False
2026-02-12 02:00:00,2026-02-12,2,MER,25.0,False,False,15.9,False
2026-02-12 03:00:00,2026-02-12,3,MER,24.0,False,False,15.2,False
2026-02-12 04:00:00,2026-02-12,4,MER,7.0,False,False,13.7,False
2026-02-12 05:00:00,2026-02-12,5,MER,6.0,False,False,12.6,False
2026-02-12 06:00:00,2026-02-12,6,MER,5.0,False,False,12.3,False
2026-02-12 07:00:00,2026-02-12,7,MER,5.0,False,False,12.2,False
2026-02-12 08:00:00,2026-02-12,8,MER,5.0,False,False,12.3,False
2026-02-12 09:00:00,2026-02-12,9,MER,6.0,False,False,13.5,False
2026-02-12 10:00:00,2026-02-12,10,MER,12.0,False,False,15.5,False
2026-02-12 11:00:00,2026-02-12,11,MER,29.0,False,False,17.9,False
2026-02-12 12:00:00,2026-02-12,12,MER,60.0,False,False,20.5,False
2026-02-12 13:00:00,2026-02-12,13,MER,89.0,False,False,22.9,False
2026-02-12 14:00:00,2026-02-12,14,MER,107.0,False,False,24.3,False
2026-02-12 15:00:00,2026-02-12,15,MER,112.0,False,False,25.4,False
2026-02-12 16:00:00,2026-02-12,16,MER,106.0,False,False,25.8,False
2026-02-12 17:00:00,2026-02-12,17,MER,90.0,False,False,26.3,False
2026-02-12 18:00:00,2026-02-12,18,MER,72.0,False,False,26.2,False
2026-02-12 19:00:00,2026-02-12,19,MER,53.0,False,False,24.7,False
2026-02-12 20:00:00,2026-02-12,20,MER,35.0,False,False,22.9,False
2026-02-12 21:00:00,2026-02-12,21,MER,30.0,False,False,20.7,False
2026-02-12 22:00:00,2026-02-12,22,MER,24.0,False,False,19.6,False
2026-02-12 23:00:00,2026-02-12,23,MER,8.0,False,False,19.0,False
2026-02-13 00:00:00,2026-02-12,24,MER,7.0,False,False,18.4,False
2026-02-13 01:00:00,2026-02-13,1,MER,13.0,False,False,17.5,False
2026-02-13 02:00:00,2026-02-13,2,MER,9.0,False,False,16.2,False
2026-02-13 03:00:00,2026-02-13,3,MER,5.0,False,False,15.3,False
2026-02-13 04:00:00,2026-02-13,4,MER,5.0,False,False,14.2,False
2026-02-13 05:00:00,2026-02-13,5,MER,4.0,False,False,13.6,False
2026-02-13 06:00:00,2026-02-13,6,MER,5.0,False,False,13.2,False
2026-02-13 07:00:00,2026-02-13,7,MER,5.0,False,False,12.7,False
2026-02-13 08:00:00,2026-02-13,8,MER,5.0,False,False,12.8,False
2026-02-13 09:00:00,2026-02-13,9,MER,5.0,False,False,14.6,False
2026-02-13 10:00:00,2026-02-13,10,MER,10.0,False,False,16.2,False
2026-02-13 11:00:00,2026-02-13,11,MER,23.0,False,False,18.8,False
2026-02-13 12:00:00,2026-02-13,12,MER,48.0,False,False,21.4,False
2026-02-13 13:00:00,2026-02-13,13,MER,86.0,False,False,23.3,False
2026-02-13 14:00:00,2026-02-13,14,MER,97.0,False,False,24.7,False
2026-02-13 15:00:00,2026-02-13,15,MER,112.0,False,False,25.6,False
2026-02-13 16:00:00,2026-02-13,16,MER,127.0,False,False,26.4,False
2026-02-13 17:00:00,2026-02-13,17,MER,115.0,False,False,26.4,False
2026-02-13 18:00:00,2026-02-13,18,MER,114.0,False,False,26.1,False
2026-02-13 19:00:00,2026-02-13,19,MER,86.0,False,False,24.9,False
2026-02-13 20:00:00,2026-02-13,20,MER,62.0,False,False,22.7,False
2026-02-13 21:00:00,2026-02-13,21,MER,33.0,False,False,21.3,False
2026-02-13 22:00:00,2026-02-13,22,MER,27.0,False,False,20.2,False
2026-02-13 23:00:00,2026-02-13,23,MER,7.0,False,False,19.1,False
2026-02-14 00:00:00,2026-02-13,24,MER,5.0,False,False,18.8,False
2026-02-14 01:00:00,2026-02-14,1,MER,5.0,False,False,17.6,False
2026-02-14 02:00:00,2026-02-14,2,MER,4.0,False,False,16.6,False
2026-02-14 03:00:00,2026-02-14,3,MER,5.0,False,False,16.0,False
2026-02-14 04:00:00,2026-02-14,4,MER,5.0,False,False,15.2,False
2026-02-14 05:00:00,2026-02-14,5,MER,5.0,False,False,13.9,False
2026-02-14 06:00:00,2026-02-14,6,MER,5.0,False,False,13.1,False
2026-02-14 07:00:00,2026-02-14,7,MER,5.0,False,False,13.2,False
2026-02-14 08:00:00,2026-02-14,8,MER,5.0,False,False,13.0,False
2026-02-14 09:00:00,2026-02-14,9,MER,7.0,False,False,14.7,False
2026-02-14 10:00:00,2026-02-14,10,MER,26.0,False,False,17.1,False
2026-02-14 11:00:00,2026-02-14,11,MER,47.0,False,False,19.5,False
2026-02-14 12:00:00,2026-02-14,12,MER,73.0,False,False,21.7,False
2026-02-14 13:00:00,2026-02-14,13,MER,96.0,False,False,23.1,False
2026-02-14 14:00:00,2026-02-14,14,MER,112.0,False,False,24.7,False
2026-02-14 15:00:00,2026-02-14,15,MER,135.0,False,False,25.7,False
2026-02-14 16:00:00,2026-02-14,16,MER,142.0,False,False,26.8,False
2026-02-14 17:00:00,2026-02-14,17,MER,134.0,False,False,27.1,False
2026-02-14 18:00:00,2026-02-14,18,MER,75.0,False,False,25.9,False
2026-02-14 19:00:00,2026-02-14,19,MER,60.0,False,False,24.5,False
2026-02-14 20:00:00,2026-02-14,20,MER,53.0,False,False,22.7,False
2026-02-14 21:00:00,2026-02-14,21,MER,36.0,False,False,21.3,False
2026-02-14 22:00:00,2026-02-14,22,MER,19.0,False,False,20.2,False
2026-02-14 23:00:00,2026-02-14,23,MER,21.0,False,False,19.5,False
2026-02-15 00:00:00,2026-02-14,24,MER,14.0,False,False,18.7,False
2026-02-15 01:00:00,2026-02-15,1,MER,10.0,False,False,17.9,False
2026-02-15 02:00:00,2026-02-15,2,MER,13.0,False,False,17.2,False
2026-02-15 03:00:00,2026-02-15,3,MER,9.0,False,False,16.8,False
2026-02-15 04:00:00,2026-02-15,4,MER,5.0,False,False,16.2,False
2026-02-15 05:00:00,2026-02-15,5,MER,4.0,False,False,15.2,False
2026-02-15 06:00:00,2026-02-15,6,MER,5.0,False,False,14.3,False
2026-02-15 07:00:00,2026-02-15,7,MER,4.0,False,False,14.2,False
2026-02-15 08:00:00,2026-02-15,8,MER,5.0,False,False,14.1,False
2026-02-15 09:00:00,2026-02-15,9,MER,8.0,False,False,15.3,False
2026-02-15 10:00:00,2026-02-15,10,MER,39.0,False,False,16.8,False
2026-02-15 11:00:00,2026-02-15,11,MER,51.0,False,False,18.1,False
2026-02-15 12:00:00,2026-02-15,12,MER,78.0,False,False,19.1,False
2026-02-15 13:00:00,2026-02-15,13,MER,100.0,False,False,20.7,False
2026-02-15 14:00:00,2026-02-15,14,MER,99.41666666666669,True,False,21.9,False
2026-02-15 15:00:00,2026-02-15,15,MER,98.83333333333331,True,False,23.2,False
2026-02-15 16:00:00,2026-02-15,16,MER,98.25,True,False,24.3,False
2026-02-15 17:00:00,2026-02-15,17,MER,70.0,True,False,25.4,False
2026-02-15 18:00:00,2026-02-15,18,MER,57.0,True,False,25.9,False
2026-02-15 19:00:00,2026-02-15,19,MER,40.5,True,False,24.9,False
2026-02-15 20:00:00,2026-02-15,20,MER,28.0,True,False,23.1,False
2026-02-15 21:00:00,2026-02-15,21,MER,21.5,True,False,20.0,False
2026-02-15 22:00:00,2026-02-15,22,MER,14.0,True,False,18.3,False
2026-02-15 23:00:00,2026-02-15,23,MER,8.0,True,False,17.1,False
2026-02-16 00:00:00,2026-02-15,24,MER,5.5,True,False,16.2,False
2026-02-16 01:00:00,2026-02-16,1,MER,5.0,True,False,15.3,False
2026-02-16 02:00:00,2026-02-16,2,MER,5.0,True,False,14.8,False
2026-02-16 03:00:00,2026-02-16,3,MER,5.0,True,False,14.4,False
2026-02-16 04:00:00,2026-02-16,4,MER,4.0,True,False,14.0,False
2026-02-16 05:00:00,2026-02-16,5,MER,4.0,True,False,13.1,False
2026-02-16 06:00:00,2026-02-16,6,MER,4.0,True,False,12.6,False
2026-02-16 07:00:00,2026-02-16,7,MER,4.0,True,False,12.7,False
2026-02-16 08:00:00,2026-02-16,8,MER,5.0,True,False,12.7,False
2026-02-16 09:00:00,2026-02-16,9,MER,6.0,True,False,13.6,False
2026-02-16 10:00:00,2026-02-16,10,MER,87.75,True,False,15.5,False
2026-02-16 11:00:00,2026-02-16,11,MER,87.16666666666667,True,False,17.7,False
2026-02-16 12:00:00,2026-02-16,12,MER,86.58333333333333,True,False,20.7,False
2026-02-16 13:00:00,2026-02-16,13,MER,86.0,False,False,23.0,False
2026-02-16 14:00:00,2026-02-16,14,MER,107.0,False,False,24.5,False
2026-02-16 15:00:00,2026-02-16,15,MER,125.0,False,False,25.9,False
2026-02-16 16:00:00,2026-02-16,16,MER,138.0,False,False,26.4,False
2026-02-16 17:00:00,2026-02-16,17,MER,108.0,False,False,26.7,False
2026-02-16 18:00:00,2026-02-16,18,MER,76.0,False,False,26.5,False
2026-02-16 19:00:00,2026-02-16,19,MER,56.0,False,False,25.3,False
2026-02-16 20:00:00,2026-02-16,20,MER,42.0,False,False,24.1,False
2026-02-16 21:00:00,2026-02-16,21,MER,32.0,False,False,22.6,False
2026-02-16 22:00:00,2026-02-16,22,MER,22.0,False,False,20.9,False
2026-02-16 23:00:00,2026-02-16,23,MER,13.0,False,False,20.1,False
2026-02-17 00:00:00,2026-02-16,24,MER,4.0,False,False,19.2,False
2026-02-17 01:00:00,2026-02-17,1,MER,5.0,True,True,18.0,False
2026-02-17 02:00:00,2026-02-17,2,MER,5.0,True,True,17.5,False
2026-02-17 03:00:00,2026-02-17,3,MER,5.0,True,True,16.5,False
2026-02-17 04:00:00,2026-02-17,4,MER,9.0,False,False,15.4,False
2026-02-17 05:00:00,2026-02-17,5,MER,3.0,False,False,14.1,False
2026-02-17 06:00:00,2026-02-17,6,MER,3.0,False,False,13.4,False
2026-02-17 07:00:00,2026-02-17,7,MER,4.0,False,False,12.9,False
2026-02-17 08:00:00,2026-02-17,8,MER,4.0,False,False,12.9,False
2026-02-17 09:00:00,2026-02-17,9,MER,4.0,False,False,14.3,False
2026-02-17 10:00:00,2026-02-17,10,MER,16.0,False,False,17.2,False
2026-02-17 11:00:00,2026-02-17,11,MER,39.0,False,False,19.5,False
2026-02-17 12:00:00,2026-02-17,12,MER,56.0,False,False,22.1,False
2026-02-17 13:00:00,2026-02-17,13,MER,77.0,False,False,23.8,False
2026-02-17 14:00:00,2026-02-17,14,MER,108.0,False,False,24.6,False
2026-02-17 15:00:00,2026-02-17,15,MER,99.0,False,False,25.7,False
2026-02-17 16:00:00,2026-02-17,16,MER,98.0,False,False,26.5,False
2026-02-17 17:00:00,2026-02-17,17,MER,95.0,False,False,27.0,False
2026-02-17 18:00:00,2026-02-17,18,MER,82.0,False,False,26.9,False
2026-02-17 19:00:00,2026-02-17,19,MER,54.0,False,False,25.6,False
2026-02-17 20:00:00,2026-02-17,20,MER,45.0,False,False,24.4,False
2026-02-17 21:00:00,2026-02-17,21,MER,28.0,False,False,22.7,False
2026-02-17 22:00:00,2026-02-17,22,MER,18.0,False,False,21.0,False
2026-02-17 23:00:00,2026-02-17,23,MER,13.0,False,False,19.9,False
2026-02-18 00:00:00,2026-02-17,24,MER,3.0,False,False,19.3,False
2026-02-18 01:00:00,2026-02-18,1,MER,3.0,False,False,18.4,False
2026-02-18 02:00:00,2026-02-18,2,MER,3.0,False,False,17.0,False
2026-02-18 03:00:00,2026-02-18,3,MER,3.0,False,False,15.7,False
2026-02-18 04:00:00,2026-02-18,4,MER,3.0,False,False,14.5,False
2026-02-18 05:00:00,2026-02-18,5,MER,3.0,False,False,13.8,False
2026-02-18 06:00:00,2026-02-18,6,MER,3.0,False,False,13.3,False
2026-02-18 07:00:00,2026-02-18,7,MER,4.0,False,False,13.3,False
2026-02-18 08:00:00,2026-02-18,8,MER,5.0,False,False,13.2,False
2026-02-18 09:00:00,2026-02-18,9,MER,5.0,False,False,14.8,False
2026-02-18 10:00:00,2026-02-18,10,MER,11.0,False,False,17.3,False
2026-02-18 11:00:00,2026-02-18,11,MER,24.0,False,False,20.3,False
2026-02-18 12:00:00,2026-02-18,12,MER,59.0,False,False,23.1,False
2026-02-18 13:00:00,2026-02-18,13,MER,90.0,False,False,25.2,False
2026-02-18 14:00:00,2026-02-18,14,MER,83.33333333333333,True,False,26.5,False
2026-02-18 15:00:00,2026-02-18,15,MER,76.66666666666667,True,False,27.4,False
2026-02-18 16:00:00,2026-02-18,16,MER,70.0,True,False,28.1,False
2026-02-18 17:00:00,2026-02-18,17,MER,63.333333333333336,True,False,28.3,False
2026-02-18 18:00:00,2026-02-18,18,MER,56.66666666666667,True,False,28.3,False
2026-02-18 19:00:00,2026-02-18,19,MER,50.0,False,False,26.8,False
2026-02-18 20:00:00,2026-02-18,20,MER,48.0,False,False,23.8,False
2026-02-18 21:00:00,2026-02-18,21,MER,40.0,False,False,22.2,False
2026-02-18 22:00:00,2026-02-18,22,MER,25.0,False,False,20.9,False
2026-02-18 23:00:00,2026-02-18,23,MER,9.0,False,False,20.0,False
2026-02-19 00:00:00,2026-02-18,24,MER,3.0,False,False,19.5,False
2026-02-19 01:00:00,2026-02-19,1,MER,3.0,False,False,18.5,False
2026-02-19 02:00:00,2026-02-19,2,MER,3.0,False,False,17.4,False
2026-02-19 03:00:00,2026-02-19,3,MER,3.0,False,False,16.3,False
2026-02-19 04:00:00,2026-02-19,4,MER,3.0,False,False,15.4,False
2026-02-19 05:00:00,2026-02-19,5,MER,3.0,False,False,14.9,False
2026-02-19 06:00:00,2026-02-19,6,MER,2.0,False,False,14.2,False
2026-02-19 07:00:00,2026-02-19,7,MER,3.0,False,False,13.6,False
2026-02-19 08:00:00,2026-02-19,8,MER,5.0,False,False,13.7,False
2026-02-19 09:00:00,2026-02-19,9,MER,5.0,False,False,15.4,False
2026-02-19 10:00:00,2026-02-19,10,MER,14.0,False,False,17.8,False
2026-02-19 11:00:00,2026-02-19,11,MER,60.0,False,False,20.6,False
2026-02-19 12:00:00,2026-02-19,12,MER,80.0,False,False,23.5,False
2026-02-19 13:00:00,2026-02-19,13,MER,91.0,False,False,25.5,False
2026-02-19 14:00:00,2026-02-19,14,MER,100.5,True,False,27.0,False
2026-02-19 15:00:00,2026-02-19,15,MER,110.0,False,False,28.1,False
2026-02-19 16:00:00,2026-02-19,16,MER,83.0,False,False,28.7,False
2026-02-19 17:00:00,2026-02-19,17,MER,77.0,False,False,28.7,False
2026-02-19 18:00:00,2026-02-19,18,MER,73.0,False,False,28.5,False
2026-02-19 19:00:00,2026-02-19,19,MER,53.0,False,False,27.0,False
2026-02-19 20:00:00,2026-02-19,20,MER,38.0,False,False,23.6,False
2026-02-19 21:00:00,2026-02-19,21,MER,45.0,False,False,21.9,False
2026-02-19 22:00:00,2026-02-19,22,MER,31.0,False,False,20.8,False
2026-02-19 23:00:00,2026-02-19,23,MER,8.0,False,False,19.9,False
2026-02-20 00:00:00,2026-02-19,24,MER,2.0,False,False,18.9,False
2026-02-20 01:00:00,2026-02-20,1,MER,2.0,False,False,18.3,False
2026-02-20 02:00:00,2026-02-20,2,MER,2.0,False,False,17.1,False
2026-02-20 03:00:00,2026-02-20,3,MER,2.0,False,False,16.1,False
2026-02-20 04:00:00,2026-02-20,4,MER,2.0,False,False,15.3,False
2026-02-20 05:00:00,2026-02-20,5,MER,2.0,False,False,14.0,False
2026-02-20 06:00:00,2026-02-20,6,MER,3.0,False,False,13.8,False
2026-02-20 07:00:00,2026-02-20,7,MER,4.0,False,False,13.4,False
2026-02-20 08:00:00,2026-02-20,8,MER,4.0,False,False,13.4,False
2026-02-20 09:00:00,2026-02-20,9,MER,4.0,False,False,15.0,False
2026-02-20 10:00:00,2026-02-20,10,MER,10.0,False,False,17.4,False
2026-02-20 11:00:00,2026-02-20,11,MER,27.0,False,False,20.5,False
2026-02-20 12:00:00,2026-02-20,12,MER,65.0,False,False,23.0,False
2026-02-20 13:00:00,2026-02-20,13,MER,75.0,False,False,25.4,False
2026-02-20 14:00:00,2026-02-20,14,MER,67.0,False,False,27.1,False
2026-02-20 15:00:00,2026-02-20,15,MER,69.0,False,False,27.6,False
2026-02-20 16:00:00,2026-02-20,16,MER,69.0,False,False,28.1,False
2026-02-20 17:00:00,2026-02-20,17,MER,73.0,False,False,28.4,False
2026-02-20 18:00:00,2026-02-20,18,MER,72.0,False,False,28.0,False
2026-02-20 19:00:00,2026-02-20,19,MER,43.0,False,False,26.9,False
2026-02-20 20:00:00,2026-02-20,20,MER,34.0,False,False,24.3,False
2026-02-20 21:00:00,2026-02-20,21,MER,33.0,False,False,22.1,False
2026-02-20 22:00:00,2026-02-20,22,MER,12.0,False,False,20.8,False
2026-02-20 23:00:00,2026-02-20,23,MER,7.0,False,False,20.1,False
2026-02-21 00:00:00,2026-02-20,24,MER,3.0,False,False,19.3,False
2026-02-21 01:00:00,2026-02-21,1,MER,4.0,False,False,18.2,False
2026-02-21 02:00:00,2026-02-21,2,MER,3.0,False,False,17.4,False
2026-02-21 03:00:00,2026-02-21,3,MER,3.0,False,False,16.5,False
2026-02-21 04:00:00,2026-02-21,4,MER,3.0,False,False,15.8,False
2026-02-21 05:00:00,2026-02-21,5,MER,2.0,False,False,15.0,False
2026-02-21 06:00:00,2026-02-21,6,MER,2.0,False,False,14.2,False
2026-02-21 07:00:00,2026-02-21,7,MER,3.0,False,False,13.4,False
2026-02-21 08:00:00,2026-02-21,8,MER,4.0,False,False,13.7,False
2026-02-21 09:00:00,2026-02-21,9,MER,4.0,False,False,15.2,False
2026-02-21 10:00:00,2026-02-21,10,MER,10.0,False,False,16.5,False
2026-02-21 11:00:00,2026-02-21,11,MER,29.0,False,False,19.2,False
2026-02-21 12:00:00,2026-02-21,12,MER,59.0,False,False,21.9,False
2026-02-21 13:00:00,2026-02-21,13,MER,81.0,False,False,24.0,False
2026-02-21 14:00:00,2026-02-21,14,MER,82.0,False,False,25.7,False
2026-02-21 15:00:00,2026-02-21,15,MER,70.0,False,False,26.8,False
2026-02-21 16:00:00,2026-02-21,16,MER,65.0,False,False,27.8,False
2026-02-21 17:00:00,2026-02-21,17,MER,48.0,False,False,27.8,False
2026-02-21 18:00:00,2026-02-21,18,MER,40.0,False,False,26.6,False
2026-02-21 19:00:00,2026-02-21,19,MER,31.0,False,False,24.4,False
2026-02-21 20:00:00,2026-02-21,20,MER,31.0,False,False,21.8,False
2026-02-21 21:00:00,2026-02-21,21,MER,35.0,False,False,19.7,False
2026-02-21 22:00:00,2026-02-21,22,MER,34.0,False,False,17.9,False
2026-02-21 23:00:00,2026-02-21,23,MER,39.0,False,False,16.3,False
2026-02-22 00:00:00,2026-02-21,24,MER,41.0,False,False,15.6,False
2026-02-22 01:00:00,2026-02-22,1,MER,48.0,False,False,14.4,False
2026-02-22 02:00:00,2026-02-22,2,MER,44.0,False,False,13.5,False
2026-02-22 03:00:00,2026-02-22,3,MER,42.0,False,False,13.1,False
2026-02-22 04:00:00,2026-02-22,4,MER,42.0,False,False,13.4,False
2026-02-22 05:00:00,2026-02-22,5,MER,39.0,False,False,13.3,False
2026-02-22 06:00:00,2026-02-22,6,MER,32.0,False,False,13.2,False
2026-02-22 07:00:00,2026-02-22,7,MER,31.0,False,False,13.2,False
2026-02-22 08:00:00,2026-02-22,8,MER,31.0,False,False,13.2,False
2026-02-22 09:00:00,2026-02-22,9,MER,28.0,False,False,13.6,False
2026-02-22 10:00:00,2026-02-22,10,MER,27.0,False,False,13.9,False
2026-02-22 11:00:00,2026-02-22,11,MER,24.0,False,False,13.7,False
2026-02-22 12:00:00,2026-02-22,12,MER,23.0,False,False,12.3,False
2026-02-22 13:00:00,2026-02-22,13,MER,35.0,False,False,13.3,False
2026-02-22 14:00:00,2026-02-22,14,MER,37.0,False,False,14.0,False
2026-02-22 15:00:00,2026-02-22,15,MER,37.0,False,False,13.7,False
2026-02-22 16:00:00,2026-02-22,16,MER,36.20588235294117,True,False,13.5,False
2026-02-22 17:00:00,2026-02-22,17,MER,35.411764705882355,True,False,13.4,False
2026-02-22 18:00:00,2026-02-22,18,MER,34.61764705882353,True,False,12.8,False
2026-02-22 19:00:00,2026-02-22,19,MER,40.5,True,False,12.3,False
2026-02-22 20:00:00,2026-02-22,20,MER,28.0,True,False,11.6,False
2026-02-22 21:00:00,2026-02-22,21,MER,21.5,True,False,10.7,False
2026-02-22 22:00:00,2026-02-22,22,MER,14.0,True,False,8.6,False
2026-02-22 23:00:00,2026-02-22,23,MER,8.0,True,False,7.2,False
2026-02-23 00:00:00,2026-02-22,24,MER,5.5,True,False,7.1,False
2026-02-23 01:00:00,2026-02-23,1,MER,5.0,True,True,6.8,False
2026-02-23 02:00:00,2026-02-23,2,MER,5.0,True,True,6.5,False
2026-02-23 03:00:00,2026-02-23,3,MER,5.0,True,True,6.1,False
2026-02-23 04:00:00,2026-02-23,4,MER,4.0,True,False,5.4,False
2026-02-23 05:00:00,2026-02-23,5,MER,4.0,True,False,4.8,False
2026-02-23 06:00:00,2026-02-23,6,MER,4.0,True,False,4.5,False
2026-02-23 07:00:00,2026-02-23,7,MER,4.0,True,False,4.5,False
2026-02-23 08:00:00,2026-02-23,8,MER,5.0,True,False,4.7,False
2026-02-23 09:00:00,2026-02-23,9,MER,6.0,True,False,6.2,False
2026-02-23 10:00:00,2026-02-23,10,MER,11.0,True,False,7.7,False
2026-02-23 11:00:00,2026-02-23,11,MER,24.5,True,False,10.1,False
2026-02-23 12:00:00,2026-02-23,12,MER,47.0,True,False,12.1,False
2026-02-23 13:00:00,2026-02-23,13,MER,70.5,True,False,14.2,False
2026-02-23 14:00:00,2026-02-23,14,MER,81.5,True,False,16.3,False
2026-02-23 15:00:00,2026-02-23,15,MER,88.0,True,False,18.2,False
2026-02-23 16:00:00,2026-02-23,16,MER,81.0,True,False,19.7,False
2026-02-23 17:00:00,2026-02-23,17,MER,70.0,True,False,20.4,False
2026-02-23 18:00:00,2026-02-23,18,MER,57.0,True,False,19.2,False
2026-02-23 19:00:00,2026-02-23,19,MER,40.5,True,False,17.0,False
2026-02-23 20:00:00,2026-02-23,20,MER,28.0,True,False,14.8,False
2026-02-23 21:00:00,2026-02-23,21,MER,21.5,True,False,12.7,False
2026-02-23 22:00:00,2026-02-23,22,MER,12.382352941176473,True,False,10.9,False
2026-02-23 23:00:00,2026-02-23,23,MER,11.588235294117643,True,False,9.8,False
2026-02-24 00:00:00,2026-02-23,24,MER,10.794117647058822,True,False,9.0,False
2026-02-24 01:00:00,2026-02-24,1,MER,10.0,False,False,8.3,False
2026-02-24 02:00:00,2026-02-24,2,MER,9.0,False,False,7.6,False
2026-02-24 03:00:00,2026-02-24,3,MER,3.0,False,False,6.5,False
2026-02-24 04:00:00,2026-02-24,4,MER,2.0,False,False,5.8,False
2026-02-24 05:00:00,2026-02-24,5,MER,2.0,False,False,5.3,False
2026-02-24 06:00:00,2026-02-24,6,MER,2.0,False,False,4.9,False
2026-02-24 07:00:00,2026-02-24,7,MER,2.0,False,False,4.4,False
2026-02-24 08:00:00,2026-02-24,8,MER,3.0,False,False,4.7,False
2026-02-24 09:00:00,2026-02-24,9,MER,5.0,False,False,6.3,False
2026-02-24 10:00:00,2026-02-24,10,MER,11.0,False,False,8.8,False
2026-02-24 11:00:00,2026-02-24,11,MER,17.0,False,False,11.6,False
2026-02-24 12:00:00,2026-02-24,12,MER,33.0,False,False,14.8,False
2026-02-24 13:00:00,2026-02-24,13,MER,52.0,False,False,17.8,False
2026-02-24 14:00:00,2026-02-24,14,MER,55.0,False,False,19.8,False
2026-02-24 15:00:00,2026-02-24,15,MER,55.0,False,False,20.8,False
2026-02-24 16:00:00,2026-02-24,16,MER,49.0,False,False,21.4,False
2026-02-24 17:00:00,2026-02-24,17,MER,41.0,False,False,21.7,False
2026-02-24 18:00:00,2026-02-24,18,MER,41.0,False,False,21.3,False
2026-02-24 19:00:00,2026-02-24,19,MER,31.0,False,False,20.2,False
2026-02-24 20:00:00,2026-02-24,20,MER,28.0,False,False,18.7,False
2026-02-24 21:00:00,2026-02-24,21,MER,14.0,False,False,17.6,False
2026-02-24 22:00:00,2026-02-24,22,MER,3.0,False,False,16.2,False
2026-02-24 23:00:00,2026-02-24,23,MER,5.0,False,False,15.3,False
2026-02-25 00:00:00,2026-02-24,24,MER,3.0,False,False,14.6,False
2026-02-25 01:00:00,2026-02-25,1,MER,4.0,False,False,13.6,False
2026-02-25 02:00:00,2026-02-25,2,MER,3.0,False,False,12.5,False
2026-02-25 03:00:00,2026-02-25,3,MER,3.0,False,False,11.6,False
2026-02-25 04:00:00,2026-02-25,4,MER,4.0,False,False,10.8,False
2026-02-25 05:00:00,2026-02-25,5,MER,3.0,False,False,10.4,False
2026-02-25 06:00:00,2026-02-25,6,MER,3.0,False,False,9.6,False
2026-02-25 07:00:00,2026-02-25,7,MER,4.0,False,False,8.8,False
2026-02-25 08:00:00,2026-02-25,8,MER,5.0,False,False,9.2,False
2026-02-25 09:00:00,2026-02-25,9,MER,5.0,False,False,11.6,False
2026-02-25 10:00:00,2026-02-25,10,MER,9.0,False,False,14.1,False
2026-02-25 11:00:00,2026-02-25,11,MER,14.0,False,False,17.1,False
2026-02-25 12:00:00,2026-02-25,12,MER,41.0,False,False,19.6,False
2026-02-25 13:00:00,2026-02-25,13,MER,59.0,False,False,21.4,False
2026-02-25 14:00:00,2026-02-25,14,MER,60.0,False,False,22.5,False
2026-02-25 15:00:00,2026-02-25,15,MER,66.0,False,False,23.1,False
2026-02-25 16:00:00,2026-02-25,16,MER,69.0,False,False,23.7,False
2026-02-25 17:00:00,2026-02-25,17,MER,69.0,False,False,23.7,False
2026-02-25 18:00:00,2026-02-25,18,MER,60.0,False,False,23.7,False
2026-02-25 19:00:00,2026-02-25,19,MER,50.0,False,False,22.4,False
2026-02-25 20:00:00,2026-02-25,20,MER,24.0,False,False,21.2,False
2026-02-25 21:00:00,2026-02-25,21,MER,4.0,False,False,20.0,False
2026-02-25 22:00:00,2026-02-25,22,MER,4.0,False,False,18.2,False
2026-02-25 23:00:00,2026-02-25,23,MER,4.0,False,False,16.9,False
2026-02-26 00:00:00,2026-02-25,24,MER,3.0,False,False,15.9,False
2026-02-26 01:00:00,2026-02-26,1,MER,3.0,False,False,15.4,False
2026-02-26 02:00:00,2026-02-26,2,MER,3.0,False,False,14.4,False
2026-02-26 03:00:00,2026-02-26,3,MER,3.0,False,False,13.3,False
2026-02-26 04:00:00,2026-02-26,4,MER,3.0,False,False,13.1,False
2026-02-26 05:00:00,2026-02-26,5,MER,3.0,False,False,12.3,False
2026-02-26 06:00:00,2026-02-26,6,MER,3.0,False,False,11.6,False
2026-02-26 07:00:00,2026-02-26,7,MER,3.0,False,False,11.2,False
2026-02-26 08:00:00,2026-02-26,8,MER,5.0,False,False,11.6,False
2026-02-26 09:00:00,2026-02-26,9,MER,6.0,False,False,12.4,False
2026-02-26 10:00:00,2026-02-26,10,MER,10.0,False,False,14.8,False
2026-02-26 11:00:00,2026-02-26,11,MER,35.0,False,False,17.9,False
2026-02-26 12:00:00,2026-02-26,12,MER,60.0,False,False,20.7,False
2026-02-26 13:00:00,2026-02-26,13,MER,88.0,False,False,22.6,False
2026-02-26 14:00:00,2026-02-26,14,MER,105.0,False,False,23.9,False
2026-02-26 15:00:00,2026-02-26,15,MER,88.0,False,False,25.0,False
2026-02-26 16:00:00,2026-02-26,16,MER,77.0,False,False,25.7,False
2026-02-26 17:00:00,2026-02-26,17,MER,72.0,False,False,26.1,False
2026-02-26 18:00:00,2026-02-26,18,MER,57.0,False,False,25.8,False
2026-02-26 19:00:00,2026-02-26,19,MER,39.0,False,False,24.7,False
2026-02-26 20:00:00,2026-02-26,20,MER,49.0,False,False,21.8,False
2026-02-26 21:00:00,2026-02-26,21,MER,36.0,False,False,20.5,False
2026-02-26 22:00:00,2026-02-26,22,MER,20.0,False,False,19.2,False
2026-02-26 23:00:00,2026-02-26,23,MER,5.0,False,False,18.6,False
2026-02-27 00:00:00,2026-02-26,24,MER,3.0,False,False,17.8,False
2026-02-27 01:00:00,2026-02-27,1,MER,3.0,False,False,16.7,False
2026-02-27 02:00:00,2026-02-27,2,MER,3.0,False,False,16.1,False
2026-02-27 03:00:00,2026-02-27,3,MER,3.0,False,False,15.1,False
2026-02-27 04:00:00,2026-02-27,4,MER,3.0,False,False,14.4,False
2026-02-27 05:00:00,2026-02-27,5,MER,3.0,False,False,13.7,False
2026-02-27 06:00:00,2026-02-27,6,MER,4.0,False,False,13.2,False
2026-02-27 07:00:00,2026-02-27,7,MER,3.0,False,False,13.3,False
2026-02-27 08:00:00,2026-02-27,8,MER,4.0,False,False,13.6,False
2026-02-27 09:00:00,2026-02-27,9,MER,6.0,False,False,14.4,False
2026-02-27 10:00:00,2026-02-27,10,MER,11.0,False,False,16.9,False
2026-02-27 11:00:00,2026-02-27,11,MER,26.0,False,False,19.0,False
2026-02-27 12:00:00,2026-02-27,12,MER,66.0,False,False,21.1,False
2026-02-27 13:00:00,2026-02-27,13,MER,63.0,False,False,22.9,False
2026-02-27 14:00:00,2026-02-27,14,MER,66.0,False,False,24.2,False
2026-02-27 15:00:00,2026-02-27,15,MER,54.0,False,False,25.4,False
2026-02-27 16:00:00,2026-02-27,16,MER,50.0,False,False,26.0,False
2026-02-27 17:00:00,2026-02-27,17,MER,51.0,False,False,25.5,False
2026-02-27 18:00:00,2026-02-27,18,MER,44.0,False,False,24.8,False
2026-02-27 19:00:00,2026-02-27,19,MER,31.0,False,False,23.1,False
2026-02-27 20:00:00,2026-02-27,20,MER,27.0,False,False,21.0,False
2026-02-27 21:00:00,2026-02-27,21,MER,24.0,False,False,19.5,False
2026-02-27 22:00:00,2026-02-27,22,MER,17.0,False,False,18.7,False
2026-02-27 23:00:00,2026-02-27,23,MER,7.0,False,False,18.1,False
2026-02-28 00:00:00,2026-02-27,24,MER,2.0,False,False,17.0,False
2026-02-28 01:00:00,2026-02-28,1,MER,4.0,False,False,16.2,False
2026-02-28 02:00:00,2026-02-28,2,MER,2.0,False,False,15.3,False
2026-02-28 03:00:00,2026-02-28,3,MER,7.0,False,False,14.6,False
2026-02-28 04:00:00,2026-02-28,4,MER,15.0,False,False,14.1,False
2026-02-28 05:00:00,2026-02-28,5,MER,12.0,False,False,13.5,False
2026-02-28 06:00:00,2026-02-28,6,MER,2.0,False,False,12.6,False
2026-02-28 07:00:00,2026-02-28,7,MER,3.0,False,False,11.9,False
2026-02-28 08:00:00,2026-02-28,8,MER,3.0,False,False,12.3,False
2026-02-28 09:00:00,2026-02-28,9,MER,5.0,False,False,14.0,False
2026-02-28 10:00:00,2026-02-28,10,MER,10.0,False,False,16.3,False
2026-02-28 11:00:00,2026-02-28,11,MER,34.0,False,False,19.1,False
2026-02-28 12:00:00,2026-02-28,12,MER,57.0,False,False,21.4,False
2026-02-28 13:00:00,2026-02-28,13,MER,64.0,False,False,23.0,False
2026-02-28 14:00:00,2026-02-28,14,MER,66.0,False,False,24.3,False
2026-02-28 15:00:00,2026-02-28,15,MER,67.5,True,False,25.1,False
2026-02-28 16:00:00,2026-02-28,16,MER,69.0,False,False,25.9,False
2026-02-28 17:00:00,2026-02-28,17,MER,66.0,False,False,26.1,False
2026-02-28 18:00:00,2026-02-28,18,MER,52.0,False,False,25.3,False
2026-02-28 19:00:00,2026-02-28,19,MER,42.0,False,False,24.3,False
2026-02-28 20:00:00,2026-02-28,20,MER,31.0,False,False,22.2,False
2026-02-28 21:00:00,2026-02-28,21,MER,28.0,False,False,20.6,False
2026-02-28 22:00:00,2026-02-28,22,MER,21.0,False,False,19.4,False
2026-02-28 23:00:00,2026-02-28,23,MER,9.0,False,False,18.8,False
2026-03-01 00:00:00,2026-02-28,24,MER,3.0,False,False,18.0,False
2026-01-01 01:00:00,2026-01-01,1,MGH,18.0,False,False,14.7,False
2026-01-01 02:00:00,2026-01-01,2,MGH,17.0,False,False,13.9,False
2026-01-01 03:00:00,2026-01-01,3,MGH,8.0,False,False,12.9,False
2026-01-01 04:00:00,2026-01-01,4,MGH,3.0,False,False,12.4,False
2026-01-01 05:00:00,2026-01-01,5,MGH,2.0,False,False,12.1,False
2026-01-01 06:00:00,2026-01-01,6,MGH,1.0,False,False,11.5,False
2026-01-01 07:00:00,2026-01-01,7,MGH,1.0,False,False,11.1,False
2026-01-01 08:00:00,2026-01-01,8,MGH,1.0,False,False,10.9,False
2026-01-01 09:00:00,2026-01-01,9,MGH,6.0,False,False,11.6,False
2026-01-01 10:00:00,2026-01-01,10,MGH,23.0,False,False,13.6,False
2026-01-01 11:00:00,2026-01-01,11,MGH,54.0,False,False,15.4,False
2026-01-01 12:00:00,2026-01-01,12,MGH,66.0,False,False,17.4,False
2026-01-01 13:00:00,2026-01-01,13,MGH,75.0,False,False,18.6,False
2026-01-01 14:00:00,2026-01-01,14,MGH,74.0,False,False,19.7,False
2026-01-01 15:00:00,2026-01-01,15,MGH,78.0,False,False,20.6,False
2026-01-01 16:00:00,2026-01-01,16,MGH,74.0,False,False,20.9,False
2026-01-01 17:00:00,2026-01-01,17,MGH,68.0,False,False,21.0,False
2026-01-01 18:00:00,2026-01-01,18,MGH,61.0,False,False,20.4,False
2026-01-01 19:00:00,2026-01-01,19,MGH,54.0,False,False,18.8,False
2026-01-01 20:00:00,2026-01-01,20,MGH,36.0,False,False,17.6,False
2026-01-01 21:00:00,2026-01-01,21,MGH,29.0,False,False,16.3,False
2026-01-01 22:00:00,2026-01-01,22,MGH,20.0,False,False,15.6,False
2026-01-01 23:00:00,2026-01-01,23,MGH,18.0,False,False,14.8,False
2026-01-02 00:00:00,2026-01-01,24,MGH,27.0,False,False,14.2,False
2026-01-02 01:00:00,2026-01-02,1,MGH,30.0,False,False,13.8,False
2026-01-02 02:00:00,2026-01-02,2,MGH,17.0,False,False,13.1,False
2026-01-02 03:00:00,2026-01-02,3,MGH,5.0,False,False,12.1,False
2026-01-02 04:00:00,2026-01-02,4,MGH,9.0,False,False,11.5,False
2026-01-02 05:00:00,2026-01-02,5,MGH,11.0,False,False,11.1,False
2026-01-02 06:00:00,2026-01-02,6,MGH,1.0,False,False,10.6,False
2026-01-02 07:00:00,2026-01-02,7,MGH,1.0,False,False,10.3,False
2026-01-02 08:00:00,2026-01-02,8,MGH,2.0,False,False,10.2,False
2026-01-02 09:00:00,2026-01-02,9,MGH,4.0,False,False,11.3,False
2026-01-02 10:00:00,2026-01-02,10,MGH,10.0,False,False,13.3,False
2026-01-02 11:00:00,2026-01-02,11,MGH,28.0,False,False,15.6,False
2026-01-02 12:00:00,2026-01-02,12,MGH,50.0,False,False,17.6,False
2026-01-02 13:00:00,2026-01-02,13,MGH,60.0,False,False,19.4,False
2026-01-02 14:00:00,2026-01-02,14,MGH,66.0,False,False,20.6,False
2026-01-02 15:00:00,2026-01-02,15,MGH,71.0,False,False,21.1,False
2026-01-02 16:00:00,2026-01-02,16,MGH,79.0,False,False,21.7,False
2026-01-02 17:00:00,2026-01-02,17,MGH,80.0,False,False,22.1,False
2026-01-02 18:00:00,2026-01-02,18,MGH,69.0,False,False,21.7,False
2026-01-02 19:00:00,2026-01-02,19,MGH,14.0,False,False,20.3,False
2026-01-02 20:00:00,2026-01-02,20,MGH,25.0,False,False,18.1,False
2026-01-02 21:00:00,2026-01-02,21,MGH,41.0,False,False,16.8,False
2026-01-02 22:00:00,2026-01-02,22,MGH,41.0,False,False,16.2,False
2026-01-02 23:00:00,2026-01-02,23,MGH,27.0,False,False,15.8,False
2026-01-03 00:00:00,2026-01-02,24,MGH,24.0,False,False,15.2,False
2026-01-03 01:00:00,2026-01-03,1,MGH,20.0,False,False,14.9,False
2026-01-03 02:00:00,2026-01-03,2,MGH,2.0,False,False,13.6,False
2026-01-03 03:00:00,2026-01-03,3,MGH,1.0,False,False,13.1,False
2026-01-03 04:00:00,2026-01-03,4,MGH,1.0,False,False,12.4,False
2026-01-03 05:00:00,2026-01-03,5,MGH,1.0,False,False,11.7,False
2026-01-03 06:00:00,2026-01-03,6,MGH,1.0,False,False,11.4,False
2026-01-03 07:00:00,2026-01-03,7,MGH,1.0,False,False,10.9,False
2026-01-03 08:00:00,2026-01-03,8,MGH,1.0,False,False,10.9,False
2026-01-03 09:00:00,2026-01-03,9,MGH,2.0,False,False,12.3,False
2026-01-03 10:00:00,2026-01-03,10,MGH,6.0,False,False,14.4,False
2026-01-03 11:00:00,2026-01-03,11,MGH,26.0,False,False,16.6,False
2026-01-03 12:00:00,2026-01-03,12,MGH,52.0,False,False,18.5,False
2026-01-03 13:00:00,2026-01-03,13,MGH,65.0,False,False,20.1,False
2026-01-03 14:00:00,2026-01-03,14,MGH,72.0,False,False,20.9,False
2026-01-03 15:00:00,2026-01-03,15,MGH,87.0,False,False,21.6,False
2026-01-03 16:00:00,2026-01-03,16,MGH,98.0,False,False,22.2,False
2026-01-03 17:00:00,2026-01-03,17,MGH,84.0,False,False,22.2,False
2026-01-03 18:00:00,2026-01-03,18,MGH,65.0,False,False,21.7,False
2026-01-03 19:00:00,2026-01-03,19,MGH,52.0,False,False,20.2,False
2026-01-03 20:00:00,2026-01-03,20,MGH,29.0,False,False,19.0,False
2026-01-03 21:00:00,2026-01-03,21,MGH,24.0,False,False,17.4,False
2026-01-03 22:00:00,2026-01-03,22,MGH,22.0,False,False,16.3,False
2026-01-03 23:00:00,2026-01-03,23,MGH,21.0,False,False,15.3,False
2026-01-04 00:00:00,2026-01-03,24,MGH,24.0,False,False,14.2,False
2026-01-04 01:00:00,2026-01-04,1,MGH,23.0,False,False,13.4,False
2026-01-04 02:00:00,2026-01-04,2,MGH,21.0,False,False,12.5,False
2026-01-04 03:00:00,2026-01-04,3,MGH,26.0,False,False,12.3,False
2026-01-04 04:00:00,2026-01-04,4,MGH,16.0,False,False,12.3,False
2026-01-04 05:00:00,2026-01-04,5,MGH,4.0,False,False,12.0,False
2026-01-04 06:00:00,2026-01-04,6,MGH,1.0,False,False,11.6,False
2026-01-04 07:00:00,2026-01-04,7,MGH,1.0,False,False,11.1,False
2026-01-04 08:00:00,2026-01-04,8,MGH,2.0,False,False,11.0,False
2026-01-04 09:00:00,2026-01-04,9,MGH,4.0,False,False,12.0,False
2026-01-04 10:00:00,2026-01-04,10,MGH,13.0,False,False,13.8,False
2026-01-04 11:00:00,2026-01-04,11,MGH,33.0,False,False,15.7,False
2026-01-04 12:00:00,2026-01-04,12,MGH,49.0,False,False,17.6,False
2026-01-04 13:00:00,2026-01-04,13,MGH,63.0,False,False,19.8,False
2026-01-04 14:00:00,2026-01-04,14,MGH,77.0,False,False,20.6,False
2026-01-04 15:00:00,2026-01-04,15,MGH,84.0,False,False,21.9,False
2026-01-04 16:00:00,2026-01-04,16,MGH,94.0,False,False,22.2,False
2026-01-04 17:00:00,2026-01-04,17,MGH,98.0,False,False,22.3,False
2026-01-04 18:00:00,2026-01-04,18,MGH,83.0,False,False,21.9,False
2026-01-04 19:00:00,2026-01-04,19,MGH,17.0,False,False,20.8,False
2026-01-04 20:00:00,2026-01-04,20,MGH,11.0,False,False,18.8,False
2026-01-04 21:00:00,2026-01-04,21,MGH,12.0,False,False,17.0,False
2026-01-04 22:00:00,2026-01-04,22,MGH,38.0,False,False,16.2,False
2026-01-04 23:00:00,2026-01-04,23,MGH,36.0,False,False,15.9,False
2026-01-05 00:00:00,2026-01-04,24,MGH,14.0,False,False,15.4,False
2026-01-05 01:00:00,2026-01-05,1,MGH,3.0,False,False,14.5,False
2026-01-05 02:00:00,2026-01-05,2,MGH,16.0,False,False,13.7,False
2026-01-05 03:00:00,2026-01-05,3,MGH,3.0,False,False,13.2,False
2026-01-05 04:00:00,2026-01-05,4,MGH,2.0,False,False,12.3,False
2026-01-05 05:00:00,2026-01-05,5,MGH,2.0,False,False,12.1,False
2026-01-05 06:00:00,2026-01-05,6,MGH,1.0,False,False,11.7,False
2026-01-05 07:00:00,2026-01-05,7,MGH,1.0,False,False,11.2,False
2026-01-05 08:00:00,2026-01-05,8,MGH,1.0,False,False,11.0,False
2026-01-05 09:00:00,2026-01-05,9,MGH,3.0,False,False,12.4,False
2026-01-05 10:00:00,2026-01-05,10,MGH,11.0,False,False,14.4,False
2026-01-05 11:00:00,2026-01-05,11,MGH,30.0,False,False,16.5,False
2026-01-05 12:00:00,2026-01-05,12,MGH,52.0,False,False,18.8,False
2026-01-05 13:00:00,2026-01-05,13,MGH,72.0,False,False,20.3,False
2026-01-05 14:00:00,2026-01-05,14,MGH,83.0,False,False,21.3,False
2026-01-05 15:00:00,2026-01-05,15,MGH,99.0,False,False,22.4,False
2026-01-05 16:00:00,2026-01-05,16,MGH,105.0,False,False,23.0,False
2026-01-05 17:00:00,2026-01-05,17,MGH,109.0,False,False,23.1,False
2026-01-05 18:00:00,2026-01-05,18,MGH,104.0,False,False,22.5,False
2026-01-05 19:00:00,2026-01-05,19,MGH,80.0,False,False,21.6,False
2026-01-05 20:00:00,2026-01-05,20,MGH,27.0,False,False,19.4,False
2026-01-05 21:00:00,2026-01-05,21,MGH,8.0,False,False,18.1,False
2026-01-05 22:00:00,2026-01-05,22,MGH,31.0,False,False,17.2,False
2026-01-05 23:00:00,2026-01-05,23,MGH,39.0,False,False,16.7,False
2026-01-06 00:00:00,2026-01-05,24,MGH,23.0,False,False,16.0,False
2026-01-06 01:00:00,2026-01-06,1,MGH,11.5,True,True,14.8,False
2026-01-06 02:00:00,2026-01-06,2,MGH,5.5,True,True,14.6,False
2026-01-06 03:00:00,2026-01-06,3,MGH,3.0,True,True,14.4,False
2026-01-06 04:00:00,2026-01-06,4,MGH,13.0,False,False,13.7,False
2026-01-06 05:00:00,2026-01-06,5,MGH,1.0,False,False,12.6,False
2026-01-06 06:00:00,2026-01-06,6,MGH,1.0,False,False,12.1,False
2026-01-06 07:00:00,2026-01-06,7,MGH,1.0,False,False,11.8,False
2026-01-06 08:00:00,2026-01-06,8,MGH,1.0,False,False,11.7,False
2026-01-06 09:00:00,2026-01-06,9,MGH,3.0,False,False,12.8,False
2026-01-06 10:00:00,2026-01-06,10,MGH,5.0,False,False,15.2,False
2026-01-06 11:00:00,2026-01-06,11,MGH,24.0,False,False,17.5,False
2026-01-06 12:00:00,2026-01-06,12,MGH,71.0,False,False,19.4,False
2026-01-06 13:00:00,2026-01-06,13,MGH,83.0,False,False,20.6,False
2026-01-06 14:00:00,2026-01-06,14,MGH,85.0,False,False,21.6,False
2026-01-06 15:00:00,2026-01-06,15,MGH,93.0,False,False,22.5,False
2026-01-06 16:00:00,2026-01-06,16,MGH,101.0,False,False,22.9,False
2026-01-06 17:00:00,2026-01-06,17,MGH,104.0,False,False,23.1,False
2026-01-06 18:00:00,2026-01-06,18,MGH,82.0,False,False,22.7,False
2026-01-06 19:00:00,2026-01-06,19,MGH,53.0,False,False,21.4,False
2026-01-06 20:00:00,2026-01-06,20,MGH,35.0,False,False,19.2,False
2026-01-06 21:00:00,2026-01-06,21,MGH,21.0,False,False,18.3,False
2026-01-06 22:00:00,2026-01-06,22,MGH,23.0,False,False,17.0,False
2026-01-06 23:00:00,2026-01-06,23,MGH,29.0,False,False,16.1,False
2026-01-07 00:00:00,2026-01-06,24,MGH,27.0,False,False,15.5,False
2026-01-07 01:00:00,2026-01-07,1,MGH,30.0,False,False,15.0,False
2026-01-07 02:00:00,2026-01-07,2,MGH,23.0,False,False,14.5,False
2026-01-07 03:00:00,2026-01-07,3,MGH,1.0,False,False,13.5,False
2026-01-07 04:00:00,2026-01-07,4,MGH,1.0,False,False,13.0,False
2026-01-07 05:00:00,2026-01-07,5,MGH,7.0,False,False,12.4,False
2026-01-07 06:00:00,2026-01-07,6,MGH,6.0,False,False,11.8,False
2026-01-07 07:00:00,2026-01-07,7,MGH,2.0,False,False,11.4,False
2026-01-07 08:00:00,2026-01-07,8,MGH,2.0,False,False,11.2,False
2026-01-07 09:00:00,2026-01-07,9,MGH,5.0,False,False,12.5,False
2026-01-07 10:00:00,2026-01-07,10,MGH,10.0,False,False,14.5,False
2026-01-07 11:00:00,2026-01-07,11,MGH,22.0,False,False,17.0,False
2026-01-07 12:00:00,2026-01-07,12,MGH,49.0,False,False,19.4,False
2026-01-07 13:00:00,2026-01-07,13,MGH,76.0,False,False,21.1,False
2026-01-07 14:00:00,2026-01-07,14,MGH,92.0,False,False,22.6,False
2026-01-07 15:00:00,2026-01-07,15,MGH,94.0,False,False,23.7,False
2026-01-07 16:00:00,2026-01-07,16,MGH,116.0,False,False,24.1,False
2026-01-07 17:00:00,2026-01-07,17,MGH,127.0,False,False,24.4,False
2026-01-07 18:00:00,2026-01-07,18,MGH,107.0,False,False,23.9,False
2026-01-07 19:00:00,2026-01-07,19,MGH,33.0,False,False,22.2,False
2026-01-07 20:00:00,2026-01-07,20,MGH,2.0,False,False,19.9,False
2026-01-07 21:00:00,2026-01-07,21,MGH,7.0,False,False,18.4,False
2026-01-07 22:00:00,2026-01-07,22,MGH,19.0,False,False,17.2,False
2026-01-07 23:00:00,2026-01-07,23,MGH,10.0,False,False,16.4,False
2026-01-08 00:00:00,2026-01-07,24,MGH,2.0,False,False,15.6,False
2026-01-08 01:00:00,2026-01-08,1,MGH,2.0,False,False,14.7,False
2026-01-08 02:00:00,2026-01-08,2,MGH,2.0,False,False,14.2,False
2026-01-08 03:00:00,2026-01-08,3,MGH,2.0,False,False,13.4,False
2026-01-08 04:00:00,2026-01-08,4,MGH,12.0,False,False,12.9,False
2026-01-08 05:00:00,2026-01-08,5,MGH,8.0,False,False,12.9,False
2026-01-08 06:00:00,2026-01-08,6,MGH,1.0,False,False,12.0,False
2026-01-08 07:00:00,2026-01-08,7,MGH,1.0,False,False,11.8,False
2026-01-08 08:00:00,2026-01-08,8,MGH,2.0,False,False,11.4,False
2026-01-08 09:00:00,2026-01-08,9,MGH,3.0,False,False,12.6,False
2026-01-08 10:00:00,2026-01-08,10,MGH,6.0,False,False,14.9,False
2026-01-08 11:00:00,2026-01-08,11,MGH,24.0,False,False,17.1,False
2026-01-08 12:00:00,2026-01-08,12,MGH,66.0,False,False,19.3,False
2026-01-08 13:00:00,2026-01-08,13,MGH,93.0,False,False,21.0,False
2026-01-08 14:00:00,2026-01-08,14,MGH,119.0,False,False,22.0,False
2026-01-08 15:00:00,2026-01-08,15,MGH,142.0,False,False,23.7,False
2026-01-08 16:00:00,2026-01-08,16,MGH,145.0,False,False,23.9,False
2026-01-08 17:00:00,2026-01-08,17,MGH,108.0,False,False,24.7,False
2026-01-08 18:00:00,2026-01-08,18,MGH,69.0,False,False,24.3,False
2026-01-08 19:00:00,2026-01-08,19,MGH,36.0,False,False,21.8,False
2026-01-08 20:00:00,2026-01-08,20,MGH,11.0,False,False,20.1,False
2026-01-08 21:00:00,2026-01-08,21,MGH,6.0,False,False,18.1,False
2026-01-08 22:00:00,2026-01-08,22,MGH,3.0,False,False,16.7,False
2026-01-08 23:00:00,2026-01-08,23,MGH,5.0,False,False,15.4,False
2026-01-09 00:00:00,2026-01-08,24,MGH,1.0,False,False,14.3,False
2026-01-09 01:00:00,2026-01-09,1,MGH,1.0,False,False,13.7,False
2026-01-09 02:00:00,2026-01-09,2,MGH,1.0,False,False,13.2,False
2026-01-09 03:00:00,2026-01-09,3,MGH,2.0,False,False,13.0,False
2026-01-09 04:00:00,2026-01-09,4,MGH,10.0,False,False,12.5,False
2026-01-09 05:00:00,2026-01-09,5,MGH,3.0,False,False,12.2,False
2026-01-09 06:00:00,2026-01-09,6,MGH,1.0,False,False,11.8,False
2026-01-09 07:00:00,2026-01-09,7,MGH,1.0,False,False,11.3,False
2026-01-09 08:00:00,2026-01-09,8,MGH,1.0,False,False,11.3,False
2026-01-09 09:00:00,2026-01-09,9,MGH,3.0,False,False,12.4,False
2026-01-09 10:00:00,2026-01-09,10,MGH,14.0,False,False,14.6,False
2026-01-09 11:00:00,2026-01-09,11,MGH,33.0,False,False,16.5,False
2026-01-09 12:00:00,2026-01-09,12,MGH,61.0,False,False,18.7,False
2026-01-09 13:00:00,2026-01-09,13,MGH,75.0,False,False,20.8,False
2026-01-09 14:00:00,2026-01-09,14,MGH,90.0,False,False,22.4,False
2026-01-09 15:00:00,2026-01-09,15,MGH,100.0,False,False,23.5,False
2026-01-09 16:00:00,2026-01-09,16,MGH,98.0,False,False,24.5,False
2026-01-09 17:00:00,2026-01-09,17,MGH,68.0,False,False,24.7,False
2026-01-09 18:00:00,2026-01-09,18,MGH,45.0,False,False,23.4,False
2026-01-09 19:00:00,2026-01-09,19,MGH,14.0,False,False,21.5,False
2026-01-09 20:00:00,2026-01-09,20,MGH,14.0,False,False,19.9,False
2026-01-09 21:00:00,2026-01-09,21,MGH,12.0,False,False,18.0,False
2026-01-09 22:00:00,2026-01-09,22,MGH,4.0,False,False,17.6,False
2026-01-09 23:00:00,2026-01-09,23,MGH,17.0,False,False,17.0,False
2026-01-10 00:00:00,2026-01-09,24,MGH,23.0,False,False,16.4,False
2026-01-10 01:00:00,2026-01-10,1,MGH,14.0,False,False,15.4,False
2026-01-10 02:00:00,2026-01-10,2,MGH,21.0,False,False,15.2,False
2026-01-10 03:00:00,2026-01-10,3,MGH,26.0,False,False,15.1,False
2026-01-10 04:00:00,2026-01-10,4,MGH,2.0,False,False,13.8,False
2026-01-10 05:00:00,2026-01-10,5,MGH,2.0,False,False,13.0,False
2026-01-10 06:00:00,2026-01-10,6,MGH,2.0,False,False,12.6,False
2026-01-10 07:00:00,2026-01-10,7,MGH,1.0,False,False,12.4,False
2026-01-10 08:00:00,2026-01-10,8,MGH,2.0,False,False,12.5,False
2026-01-10 09:00:00,2026-01-10,9,MGH,5.0,False,False,12.7,False
2026-01-10 10:00:00,2026-01-10,10,MGH,18.0,False,False,14.4,False
2026-01-10 11:00:00,2026-01-10,11,MGH,42.0,False,False,16.3,False
2026-01-10 12:00:00,2026-01-10,12,MGH,66.0,False,False,17.6,False
2026-01-10 13:00:00,2026-01-10,13,MGH,84.0,False,False,18.7,False
2026-01-10 14:00:00,2026-01-10,14,MGH,88.0,False,False,19.8,False
2026-01-10 15:00:00,2026-01-10,15,MGH,89.0,False,False,20.9,False
2026-01-10 16:00:00,2026-01-10,16,MGH,75.0,False,False,20.9,False
2026-01-10 17:00:00,2026-01-10,17,MGH,51.0,False,False,19.8,False
2026-01-10 18:00:00,2026-01-10,18,MGH,40.0,False,False,18.2,False
2026-01-10 19:00:00,2026-01-10,19,MGH,31.0,False,False,16.3,False
2026-01-10 20:00:00,2026-01-10,20,MGH,29.0,False,False,15.2,False
2026-01-10 21:00:00,2026-01-10,21,MGH,28.0,False,False,13.6,False
2026-01-10 22:00:00,2026-01-10,22,MGH,27.0,False,False,12.4,False
2026-01-10 23:00:00,2026-01-10,23,MGH,25.0,False,False,11.8,False
2026-01-11 00:00:00,2026-01-10,24,MGH,23.0,False,False,11.1,False
2026-01-11 01:00:00,2026-01-11,1,MGH,20.0,False,False,10.1,False
2026-01-11 02:00:00,2026-01-11,2,MGH,21.0,False,False,9.9,False
2026-01-11 03:00:00,2026-01-11,3,MGH,23.0,False,False,9.3,False
2026-01-11 04:00:00,2026-01-11,4,MGH,19.0,False,False,9.1,False
2026-01-11 05:00:00,2026-01-11,5,MGH,20.0,False,False,8.6,False
2026-01-11 06:00:00,2026-01-11,6,MGH,18.0,False,False,8.1,False
2026-01-11 07:00:00,2026-01-11,7,MGH,18.0,False,False,7.8,False
2026-01-11 08:00:00,2026-01-11,8,MGH,13.0,False,False,7.8,False
2026-01-11 09:00:00,2026-01-11,9,MGH,13.0,False,False,8.1,False
2026-01-11 10:00:00,2026-01-11,10,MGH,19.0,False,False,8.7,False
2026-01-11 11:00:00,2026-01-11,11,MGH,26.0,False,False,9.9,False
2026-01-11 12:00:00,2026-01-11,12,MGH,35.0,False,False,11.5,False
2026-01-11 13:00:00,2026-01-11,13,MGH,44.0,False,False,13.2,False
2026-01-11 14:00:00,2026-01-11,14,MGH,57.0,False,False,15.3,False
2026-01-11 15:00:00,2026-01-11,15,MGH,70.0,False,False,16.6,False
2026-01-11 16:00:00,2026-01-11,16,MGH,73.0,False,False,16.8,False
2026-01-11 17:00:00,2026-01-11,17,MGH,62.0,False,False,17.0,False
2026-01-11 18:00:00,2026-01-11,18,MGH,51.0,False,False,17.2,False
2026-01-11 19:00:00,2026-01-11,19,MGH,16.0,False,False,16.3,False
2026-01-11 20:00:00,2026-01-11,20,MGH,23.0,False,False,15.1,False
2026-01-11 21:00:00,2026-01-11,21,MGH,22.0,False,False,13.2,False
2026-01-11 22:00:00,2026-01-11,22,MGH,20.0,False,False,11.8,False
2026-01-11 23:00:00,2026-01-11,23,MGH,18.0,False,False,10.9,False
2026-01-12 00:00:00,2026-01-11,24,MGH,14.0,False,False,9.8,False
2026-01-12 01:00:00,2026-01-12,1,MGH,11.5,True,True,9.0,False
2026-01-12 02:00:00,2026-01-12,2,MGH,5.5,True,True,8.5,False
2026-01-12 03:00:00,2026-01-12,3,MGH,3.0,True,True,8.0,False
2026-01-12 04:00:00,2026-01-12,4,MGH,13.0,False,False,7.8,False
2026-01-12 05:00:00,2026-01-12,5,MGH,9.0,False,False,7.6,False
2026-01-12 06:00:00,2026-01-12,6,MGH,5.0,False,False,7.7,False
2026-01-12 07:00:00,2026-01-12,7,MGH,2.0,False,False,7.5,False
2026-01-12 08:00:00,2026-01-12,8,MGH,2.0,False,False,7.4,False
2026-01-12 09:00:00,2026-01-12,9,MGH,3.0,False,False,8.0,False
2026-01-12 10:00:00,2026-01-12,10,MGH,7.0,False,False,9.7,False
2026-01-12 11:00:00,2026-01-12,11,MGH,13.0,False,False,11.6,False
2026-01-12 12:00:00,2026-01-12,12,MGH,24.0,False,False,13.6,False
2026-01-12 13:00:00,2026-01-12,13,MGH,43.0,False,False,15.0,False
2026-01-12 14:00:00,2026-01-12,14,MGH,61.0,False,False,17.0,False
2026-01-12 15:00:00,2026-01-12,15,MGH,63.0,False,False,19.6,False
2026-01-12 16:00:00,2026-01-12,16,MGH,41.0,False,False,20.6,False
2026-01-12 17:00:00,2026-01-12,17,MGH,35.0,False,False,19.8,False
2026-01-12 18:00:00,2026-01-12,18,MGH,30.0,False,False,19.1,False
2026-01-12 19:00:00,2026-01-12,19,MGH,16.0,False,False,17.7,False
2026-01-12 20:00:00,2026-01-12,20,MGH,16.0,False,False,15.7,False
2026-01-12 21:00:00,2026-01-12,21,MGH,5.0,False,False,13.9,False
2026-01-12 22:00:00,2026-01-12,22,MGH,8.0,False,False,13.0,False
2026-01-12 23:00:00,2026-01-12,23,MGH,13.0,False,False,12.2,False
2026-01-13 00:00:00,2026-01-12,24,MGH,12.0,False,False,11.6,False
2026-01-13 01:00:00,2026-01-13,1,MGH,8.0,False,False,11.2,False
2026-01-13 02:00:00,2026-01-13,2,MGH,7.0,False,False,10.8,False
2026-01-13 03:00:00,2026-01-13,3,MGH,6.0,False,False,10.7,False
2026-01-13 04:00:00,2026-01-13,4,MGH,3.0,False,False,10.2,False
2026-01-13 05:00:00,2026-01-13,5,MGH,1.0,False,False,10.0,False
2026-01-13 06:00:00,2026-01-13,6,MGH,2.0,False,False,9.8,False
2026-01-13 07:00:00,2026-01-13,7,MGH,1.0,False,False,9.6,False
2026-01-13 08:00:00,2026-01-13,8,MGH,2.0,False,False,9.4,False
2026-01-13 09:00:00,2026-01-13,9,MGH,3.0,False,False,10.5,False
2026-01-13 10:00:00,2026-01-13,10,MGH,8.0,False,False,12.2,False
2026-01-13 11:00:00,2026-01-13,11,MGH,21.0,False,False,13.9,False
2026-01-13 12:00:00,2026-01-13,12,MGH,37.0,False,False,15.7,False
2026-01-13 13:00:00,2026-01-13,13,MGH,46.0,False,False,18.2,False
2026-01-13 14:00:00,2026-01-13,14,MGH,58.0,False,False,19.3,False
2026-01-13 15:00:00,2026-01-13,15,MGH,65.0,False,False,20.1,False
2026-01-13 16:00:00,2026-01-13,16,MGH,50.0,False,False,19.6,False
2026-01-13 17:00:00,2026-01-13,17,MGH,41.0,False,False,19.2,False
2026-01-13 18:00:00,2026-01-13,18,MGH,41.0,False,False,19.2,False
2026-01-13 19:00:00,2026-01-13,19,MGH,20.0,False,False,18.6,False
2026-01-13 20:00:00,2026-01-13,20,MGH,21.0,False,False,17.4,False
2026-01-13 21:00:00,2026-01-13,21,MGH,21.0,False,False,17.0,False
2026-01-13 22:00:00,2026-01-13,22,MGH,21.0,False,False,16.7,False
2026-01-13 23:00:00,2026-01-13,23,MGH,33.0,False,False,16.2,False
2026-01-14 00:00:00,2026-01-13,24,MGH,28.0,False,False,15.8,False
2026-01-14 01:00:00,2026-01-14,1,MGH,16.0,False,False,15.0,False
2026-01-14 02:00:00,2026-01-14,2,MGH,6.0,False,False,14.6,False
2026-01-14 03:00:00,2026-01-14,3,MGH,2.0,False,False,14.2,False
2026-01-14 04:00:00,2026-01-14,4,MGH,1.0,False,False,13.3,False
2026-01-14 05:00:00,2026-01-14,5,MGH,2.0,False,False,12.5,False
2026-01-14 06:00:00,2026-01-14,6,MGH,2.0,False,False,12.1,False
2026-01-14 07:00:00,2026-01-14,7,MGH,1.0,False,False,11.8,False
2026-01-14 08:00:00,2026-01-14,8,MGH,2.0,False,False,11.7,False
2026-01-14 09:00:00,2026-01-14,9,MGH,3.0,False,False,12.9,False
2026-01-14 10:00:00,2026-01-14,10,MGH,9.0,False,False,14.9,False
2026-01-14 11:00:00,2026-01-14,11,MGH,29.0,False,False,16.6,False
2026-01-14 12:00:00,2026-01-14,12,MGH,42.0,False,False,17.5,False
2026-01-14 13:00:00,2026-01-14,13,MGH,53.0,False,False,18.4,False
2026-01-14 14:00:00,2026-01-14,14,MGH,63.0,False,False,19.2,False
2026-01-14 15:00:00,2026-01-14,15,MGH,63.0,False,False,20.0,False
2026-01-14 16:00:00,2026-01-14,16,MGH,60.0,False,False,20.4,False
2026-01-14 17:00:00,2026-01-14,17,MGH,57.0,False,False,20.0,False
2026-01-14 18:00:00,2026-01-14,18,MGH,39.0,False,False,19.4,False
2026-01-14 19:00:00,2026-01-14,19,MGH,27.0,False,False,18.1,False
2026-01-14 20:00:00,2026-01-14,20,MGH,19.0,False,False,17.4,False
2026-01-14 21:00:00,2026-01-14,21,MGH,16.0,False,False,15.9,False
2026-01-14 22:00:00,2026-01-14,22,MGH,17.0,False,False,14.7,False
2026-01-14 23:00:00,2026-01-14,23,MGH,11.0,False,False,14.1,False
2026-01-15 00:00:00,2026-01-14,24,MGH,8.0,False,False,13.6,False
2026-01-15 01:00:00,2026-01-15,1,MGH,4.0,False,False,13.1,False
2026-01-15 02:00:00,2026-01-15,2,MGH,4.0,False,False,12.6,False
2026-01-15 03:00:00,2026-01-15,3,MGH,15.0,False,False,11.9,False
2026-01-15 04:00:00,2026-01-15,4,MGH,11.0,False,False,11.1,False
2026-01-15 05:00:00,2026-01-15,5,MGH,13.0,False,False,10.7,False
2026-01-15 06:00:00,2026-01-15,6,MGH,10.0,False,False,10.5,False
2026-01-15 07:00:00,2026-01-15,7,MGH,4.0,False,False,10.3,False
2026-01-15 08:00:00,2026-01-15,8,MGH,5.0,False,False,9.5,False
2026-01-15 09:00:00,2026-01-15,9,MGH,8.0,False,False,9.3,False
2026-01-15 10:00:00,2026-01-15,10,MGH,16.0,False,False,9.9,False
2026-01-15 11:00:00,2026-01-15,11,MGH,22.0,False,False,11.1,False
2026-01-15 12:00:00,2026-01-15,12,MGH,25.0,False,False,12.6,False
2026-01-15 13:00:00,2026-01-15,13,MGH,28.0,False,False,13.4,False
2026-01-15 14:00:00,2026-01-15,14,MGH,38.0,False,False,14.1,False
2026-01-15 15:00:00,2026-01-15,15,MGH,51.0,False,False,16.0,False
2026-01-15 16:00:00,2026-01-15,16,MGH,52.0,False,False,16.1,False
2026-01-15 17:00:00,2026-01-15,17,MGH,48.0,False,False,16.5,False
2026-01-15 18:00:00,2026-01-15,18,MGH,46.0,False,False,16.4,False
2026-01-15 19:00:00,2026-01-15,19,MGH,25.0,False,False,16.4,False
2026-01-15 20:00:00,2026-01-15,20,MGH,14.0,False,False,15.7,False
2026-01-15 21:00:00,2026-01-15,21,MGH,10.0,False,False,14.2,False
2026-01-15 22:00:00,2026-01-15,22,MGH,8.0,False,False,13.7,False
2026-01-15 23:00:00,2026-01-15,23,MGH,8.0,False,False,12.8,False
2026-01-16 00:00:00,2026-01-15,24,MGH,8.0,False,False,12.2,False
2026-01-16 01:00:00,2026-01-16,1,MGH,7.0,False,False,12.1,False
2026-01-16 02:00:00,2026-01-16,2,MGH,6.0,False,False,12.0,False
2026-01-16 03:00:00,2026-01-16,3,MGH,2.0,False,False,11.5,False
2026-01-16 04:00:00,2026-01-16,4,MGH,2.0,False,False,11.2,False
2026-01-16 05:00:00,2026-01-16,5,MGH,1.0,False,False,10.8,False
2026-01-16 06:00:00,2026-01-16,6,MGH,2.0,False,False,10.6,False
2026-01-16 07:00:00,2026-01-16,7,MGH,2.0,False,False,10.3,False
2026-01-16 08:00:00,2026-01-16,8,MGH,2.0,False,False,10.1,False
2026-01-16 09:00:00,2026-01-16,9,MGH,3.0,False,False,11.1,False
2026-01-16 10:00:00,2026-01-16,10,MGH,10.0,False,False,13.0,False
2026-01-16 11:00:00,2026-01-16,11,MGH,25.0,False,False,15.3,False
2026-01-16 12:00:00,2026-01-16,12,MGH,44.0,False,False,17.1,False
2026-01-16 13:00:00,2026-01-16,13,MGH,59.0,False,False,18.7,False
2026-01-16 14:00:00,2026-01-16,14,MGH,81.0,False,False,19.6,False
2026-01-16 15:00:00,2026-01-16,15,MGH,86.0,False,False,20.0,False
2026-01-16 16:00:00,2026-01-16,16,MGH,89.0,False,False,20.1,False
2026-01-16 17:00:00,2026-01-16,17,MGH,66.0,False,False,19.4,False
2026-01-16 18:00:00,2026-01-16,18,MGH,30.0,False,False,18.1,False
2026-01-16 19:00:00,2026-01-16,19,MGH,27.0,False,False,17.2,False
2026-01-16 20:00:00,2026-01-16,20,MGH,19.0,False,False,16.7,False
2026-01-16 21:00:00,2026-01-16,21,MGH,25.0,False,False,16.3,False
2026-01-16 22:00:00,2026-01-16,22,MGH,24.0,False,False,14.5,False
2026-01-16 23:00:00,2026-01-16,23,MGH,24.0,False,False,14.5,False
2026-01-17 00:00:00,2026-01-16,24,MGH,25.0,False,False,14.3,False
2026-01-17 01:00:00,2026-01-17,1,MGH,20.0,False,False,14.2,False
2026-01-17 02:00:00,2026-01-17,2,MGH,17.0,False,False,13.9,False
2026-01-17 03:00:00,2026-01-17,3,MGH,17.0,False,False,13.8,False
2026-01-17 04:00:00,2026-01-17,4,MGH,13.0,False,False,13.5,False
2026-01-17 05:00:00,2026-01-17,5,MGH,10.0,False,False,13.6,False
2026-01-17 06:00:00,2026-01-17,6,MGH,4.0,False,False,13.0,False
2026-01-17 07:00:00,2026-01-17,7,MGH,2.0,False,False,12.8,False
2026-01-17 08:00:00,2026-01-17,8,MGH,2.0,False,False,12.3,False
2026-01-17 09:00:00,2026-01-17,9,MGH,3.0,False,False,13.3,False
2026-01-17 10:00:00,2026-01-17,10,MGH,17.0,False,False,14.6,False
2026-01-17 11:00:00,2026-01-17,11,MGH,36.0,False,False,15.9,False
2026-01-17 12:00:00,2026-01-17,12,MGH,52.0,False,False,17.9,False
2026-01-17 13:00:00,2026-01-17,13,MGH,61.0,False,False,18.6,False
2026-01-17 14:00:00,2026-01-17,14,MGH,62.0,False,False,18.5,False
2026-01-17 15:00:00,2026-01-17,15,MGH,51.0,False,False,19.6,False
2026-01-17 16:00:00,2026-01-17,16,MGH,55.0,False,False,19.7,False
2026-01-17 17:00:00,2026-01-17,17,MGH,42.0,False,False,19.2,False
2026-01-17 18:00:00,2026-01-17,18,MGH,26.0,False,False,18.7,False
2026-01-17 19:00:00,2026-01-17,19,MGH,23.0,False,False,17.4,False
2026-01-17 20:00:00,2026-01-17,20,MGH,16.0,False,False,16.0,False
2026-01-17 21:00:00,2026-01-17,21,MGH,16.0,False,False,15.3,False
2026-01-17 22:00:00,2026-01-17,22,MGH,11.0,False,False,14.4,False
2026-01-17 23:00:00,2026-01-17,23,MGH,7.0,False,False,14.0,False
2026-01-18 00:00:00,2026-01-17,24,MGH,14.0,True,True,13.2,False
2026-01-18 01:00:00,2026-01-18,1,MGH,11.5,True,True,12.7,False
2026-01-18 02:00:00,2026-01-18,2,MGH,5.5,True,True,12.3,False
2026-01-18 03:00:00,2026-01-18,3,MGH,3.0,True,True,12.6,False
2026-01-18 04:00:00,2026-01-18,4,MGH,16.0,False,False,12.6,False
2026-01-18 05:00:00,2026-01-18,5,MGH,18.0,False,False,12.4,False
2026-01-18 06:00:00,2026-01-18,6,MGH,16.0,False,False,12.1,False
2026-01-18 07:00:00,2026-01-18,7,MGH,14.0,False,False,11.9,False
2026-01-18 08:00:00,2026-01-18,8,MGH,12.0,False,False,12.1,False
2026-01-18 09:00:00,2026-01-18,9,MGH,18.0,False,False,12.7,False
2026-01-18 10:00:00,2026-01-18,10,MGH,22.0,False,False,14.2,False
2026-01-18 11:00:00,2026-01-18,11,MGH,32.0,False,False,15.3,False
2026-01-18 12:00:00,2026-01-18,12,MGH,41.0,False,False,16.8,False
2026-01-18 13:00:00,2026-01-18,13,MGH,56.0,False,False,18.1,False
2026-01-18 14:00:00,2026-01-18,14,MGH,66.0,False,False,19.5,False
2026-01-18 15:00:00,2026-01-18,15,MGH,78.0,False,False,20.2,False
2026-01-18 16:00:00,2026-01-18,16,MGH,70.0,False,False,19.2,False
2026-01-18 17:00:00,2026-01-18,17,MGH,47.0,False,False,17.7,False
2026-01-18 18:00:00,2026-01-18,18,MGH,40.0,False,False,14.6,False
2026-01-18 19:00:00,2026-01-18,19,MGH,34.0,False,False,13.8,False
2026-01-18 20:00:00,2026-01-18,20,MGH,32.0,False,False,13.7,False
2026-01-18 21:00:00,2026-01-18,21,MGH,21.0,False,False,13.2,False
2026-01-18 22:00:00,2026-01-18,22,MGH,10.0,False,False,12.6,False
2026-01-18 23:00:00,2026-01-18,23,MGH,5.0,False,False,12.4,False
2026-01-19 00:00:00,2026-01-18,24,MGH,2.0,False,False,12.2,False
2026-01-19 01:00:00,2026-01-19,1,MGH,2.0,False,False,11.8,False
2026-01-19 02:00:00,2026-01-19,2,MGH,3.0,False,False,11.6,False
2026-01-19 03:00:00,2026-01-19,3,MGH,2.0,False,False,10.9,False
2026-01-19 04:00:00,2026-01-19,4,MGH,6.0,False,False,10.3,False
2026-01-19 05:00:00,2026-01-19,5,MGH,2.0,False,False,10.6,False
2026-01-19 06:00:00,2026-01-19,6,MGH,3.0,False,False,10.8,False
2026-01-19 07:00:00,2026-01-19,7,MGH,4.0,False,False,11.1,False
2026-01-19 08:00:00,2026-01-19,8,MGH,5.0,False,False,11.0,False
2026-01-19 09:00:00,2026-01-19,9,MGH,7.0,False,False,11.5,False
2026-01-19 10:00:00,2026-01-19,10,MGH,14.0,False,False,12.8,False
2026-01-19 11:00:00,2026-01-19,11,MGH,24.0,False,False,14.8,False
2026-01-19 12:00:00,2026-01-19,12,MGH,44.0,False,False,16.8,False
2026-01-19 13:00:00,2026-01-19,13,MGH,59.0,False,False,18.6,False
2026-01-19 14:00:00,2026-01-19,14,MGH,63.0,False,False,19.6,False
2026-01-19 15:00:00,2026-01-19,15,MGH,73.0,False,False,20.4,False
2026-01-19 16:00:00,2026-01-19,16,MGH,73.0,False,False,20.7,False
2026-01-19 17:00:00,2026-01-19,17,MGH,71.0,False,False,20.7,False
2026-01-19 18:00:00,2026-01-19,18,MGH,45.0,False,False,19.7,False
2026-01-19 19:00:00,2026-01-19,19,MGH,29.0,False,False,18.8,False
2026-01-19 20:00:00,2026-01-19,20,MGH,25.0,False,False,17.7,False
2026-01-19 21:00:00,2026-01-19,21,MGH,29.0,False,False,17.1,False
2026-01-19 22:00:00,2026-01-19,22,MGH,25.0,False,False,16.3,False
2026-01-19 23:00:00,2026-01-19,23,MGH,21.0,False,False,15.4,False
2026-01-20 00:00:00,2026-01-19,24,MGH,13.0,False,False,14.4,False
2026-01-20 01:00:00,2026-01-20,1,MGH,15.0,False,False,14.0,False
2026-01-20 02:00:00,2026-01-20,2,MGH,24.0,False,False,14.0,False
2026-01-20 03:00:00,2026-01-20,3,MGH,16.0,False,False,13.7,False
2026-01-20 04:00:00,2026-01-20,4,MGH,3.0,False,False,13.0,False
2026-01-20 05:00:00,2026-01-20,5,MGH,2.0,False,False,12.8,False
2026-01-20 06:00:00,2026-01-20,6,MGH,2.0,False,False,12.6,False
2026-01-20 07:00:00,2026-01-20,7,MGH,2.0,False,False,12.7,False
2026-01-20 08:00:00,2026-01-20,8,MGH,2.0,False,False,12.6,False
2026-01-20 09:00:00,2026-01-20,9,MGH,2.0,False,False,13.2,False
2026-01-20 10:00:00,2026-01-20,10,MGH,8.0,False,False,13.9,False
2026-01-20 11:00:00,2026-01-20,11,MGH,20.0,False,False,16.2,False
2026-01-20 12:00:00,2026-01-20,12,MGH,33.0,False,False,17.9,False
2026-01-20 13:00:00,2026-01-20,13,MGH,60.0,False,False,19.5,False
2026-01-20 14:00:00,2026-01-20,14,MGH,71.0,False,False,20.1,False
2026-01-20 15:00:00,2026-01-20,15,MGH,60.0,False,False,19.7,False
2026-01-20 16:00:00,2026-01-20,16,MGH,49.0,False,False,17.6,False
2026-01-20 17:00:00,2026-01-20,17,MGH,47.0,False,False,19.2,False
2026-01-20 18:00:00,2026-01-20,18,MGH,54.0,False,False,19.7,False
2026-01-20 19:00:00,2026-01-20,19,MGH,30.0,False,False,18.3,False
2026-01-20 20:00:00,2026-01-20,20,MGH,27.0,False,False,16.1,False
2026-01-20 21:00:00,2026-01-20,21,MGH,24.0,False,False,15.2,False
2026-01-20 22:00:00,2026-01-20,22,MGH,19.0,False,False,14.4,False
2026-01-20 23:00:00,2026-01-20,23,MGH,8.0,False,False,13.8,False
2026-01-21 00:00:00,2026-01-20,24,MGH,2.0,False,False,13.4,False
2026-01-21 01:00:00,2026-01-21,1,MGH,3.0,False,False,12.8,False
2026-01-21 02:00:00,2026-01-21,2,MGH,2.0,False,False,12.7,False
2026-01-21 03:00:00,2026-01-21,3,MGH,2.0,False,False,12.5,False
2026-01-21 04:00:00,2026-01-21,4,MGH,2.0,False,False,11.9,False
2026-01-21 05:00:00,2026-01-21,5,MGH,2.0,False,False,11.5,False
2026-01-21 06:00:00,2026-01-21,6,MGH,1.0,False,False,11.2,False
2026-01-21 07:00:00,2026-01-21,7,MGH,1.0,False,False,11.3,False
2026-01-21 08:00:00,2026-01-21,8,MGH,1.0,False,False,11.2,False
2026-01-21 09:00:00,2026-01-21,9,MGH,2.0,False,False,10.9,False
2026-01-21 10:00:00,2026-01-21,10,MGH,2.0,False,False,11.7,False
2026-01-21 11:00:00,2026-01-21,11,MGH,4.0,False,False,12.8,False
2026-01-21 12:00:00,2026-01-21,12,MGH,14.0,False,False,14.7,False
2026-01-21 13:00:00,2026-01-21,13,MGH,24.0,False,False,17.6,False
2026-01-21 14:00:00,2026-01-21,14,MGH,42.0,False,False,18.7,False
2026-01-21 15:00:00,2026-01-21,15,MGH,35.0,False,False,18.4,False
2026-01-21 16:00:00,2026-01-21,16,MGH,15.0,False,False,16.6,False
2026-01-21 17:00:00,2026-01-21,17,MGH,18.0,False,False,16.3,False
2026-01-21 18:00:00,2026-01-21,18,MGH,12.0,False,False,17.9,False
2026-01-21 19:00:00,2026-01-21,19,MGH,9.0,False,False,16.7,False
2026-01-21 20:00:00,2026-01-21,20,MGH,7.0,False,False,15.8,False
2026-01-21 21:00:00,2026-01-21,21,MGH,3.0,False,False,15.4,False
2026-01-21 22:00:00,2026-01-21,22,MGH,2.0,False,False,14.7,False
2026-01-21 23:00:00,2026-01-21,23,MGH,2.0,False,False,13.7,False
2026-01-22 00:00:00,2026-01-21,24,MGH,1.0,False,False,13.0,False
2026-01-22 01:00:00,2026-01-22,1,MGH,1.0,False,False,12.5,False
2026-01-22 02:00:00,2026-01-22,2,MGH,1.0,False,False,11.9,False
2026-01-22 03:00:00,2026-01-22,3,MGH,1.0,False,False,11.5,False
2026-01-22 04:00:00,2026-01-22,4,MGH,2.0,False,False,11.3,False
2026-01-22 05:00:00,2026-01-22,5,MGH,2.0,False,False,10.9,False
2026-01-22 06:00:00,2026-01-22,6,MGH,1.0,False,False,10.5,False
2026-01-22 07:00:00,2026-01-22,7,MGH,1.0,False,False,10.4,False
2026-01-22 08:00:00,2026-01-22,8,MGH,2.0,False,False,10.2,False
2026-01-22 09:00:00,2026-01-22,9,MGH,3.0,False,False,11.7,False
2026-01-22 10:00:00,2026-01-22,10,MGH,9.0,False,False,13.8,False
2026-01-22 11:00:00,2026-01-22,11,MGH,22.0,False,False,15.6,False
2026-01-22 12:00:00,2026-01-22,12,MGH,36.0,False,False,17.8,False
2026-01-22 13:00:00,2026-01-22,13,MGH,59.0,False,False,19.7,False
2026-01-22 14:00:00,2026-01-22,14,MGH,78.0,False,False,20.6,False
2026-01-22 15:00:00,2026-01-22,15,MGH,78.0,False,False,21.2,False
2026-01-22 16:00:00,2026-01-22,16,MGH,61.0,False,False,21.1,False
2026-01-22 17:00:00,2026-01-22,17,MGH,31.0,False,False,19.9,False
2026-01-22 18:00:00,2026-01-22,18,MGH,17.0,False,False,19.3,False
2026-01-22 19:00:00,2026-01-22,19,MGH,23.0,False,False,17.7,False
2026-01-22 20:00:00,2026-01-22,20,MGH,18.0,False,False,17.4,False
2026-01-22 21:00:00,2026-01-22,21,MGH,2.0,False,False,17.2,False
2026-01-22 22:00:00,2026-01-22,22,MGH,9.0,False,False,16.7,False
2026-01-22 23:00:00,2026-01-22,23,MGH,6.0,False,False,15.9,False
2026-01-23 00:00:00,2026-01-22,24,MGH,14.0,False,False,15.7,False
2026-01-23 01:00:00,2026-01-23,1,MGH,15.0,False,False,15.1,False
2026-01-23 02:00:00,2026-01-23,2,MGH,4.0,False,False,13.8,False
2026-01-23 03:00:00,2026-01-23,3,MGH,3.0,False,False,13.8,False
2026-01-23 04:00:00,2026-01-23,4,MGH,6.0,False,False,14.1,False
2026-01-23 05:00:00,2026-01-23,5,MGH,4.0,False,False,13.6,False
2026-01-23 06:00:00,2026-01-23,6,MGH,1.0,False,False,12.8,False
2026-01-23 07:00:00,2026-01-23,7,MGH,1.0,False,False,12.4,False
2026-01-23 08:00:00,2026-01-23,8,MGH,2.0,False,False,12.1,False
2026-01-23 09:00:00,2026-01-23,9,MGH,3.0,False,False,13.8,False
2026-01-23 10:00:00,2026-01-23,10,MGH,9.0,False,False,16.0,False
2026-01-23 11:00:00,2026-01-23,11,MGH,26.0,False,False,17.9,False
2026-01-23 12:00:00,2026-01-23,12,MGH,48.0,False,False,19.4,False
2026-01-23 13:00:00,2026-01-23,13,MGH,58.0,False,False,20.4,False
2026-01-23 14:00:00,2026-01-23,14,MGH,66.0,False,False,20.8,False
2026-01-23 15:00:00,2026-01-23,15,MGH,65.0,False,False,21.1,False
2026-01-23 16:00:00,2026-01-23,16,MGH,43.0,False,False,21.7,False
2026-01-23 17:00:00,2026-01-23,17,MGH,37.0,False,False,21.3,False
2026-01-23 18:00:00,2026-01-23,18,MGH,28.0,False,False,20.6,False
2026-01-23 19:00:00,2026-01-23,19,MGH,15.0,False,False,20.0,False
2026-01-23 20:00:00,2026-01-23,20,MGH,14.0,False,False,18.6,False
2026-01-23 21:00:00,2026-01-23,21,MGH,17.0,False,False,17.6,False
2026-01-23 22:00:00,2026-01-23,22,MGH,7.0,False,False,17.0,False
2026-01-23 23:00:00,2026-01-23,23,MGH,8.0,False,False,16.5,False
2026-01-24 00:00:00,2026-01-23,24,MGH,19.0,False,False,15.9,False
2026-01-24 01:00:00,2026-01-24,1,MGH,11.5,True,True,14.3,False
2026-01-24 02:00:00,2026-01-24,2,MGH,5.5,True,True,14.2,False
2026-01-24 03:00:00,2026-01-24,3,MGH,3.0,True,True,13.5,False
2026-01-24 04:00:00,2026-01-24,4,MGH,2.0,False,False,12.4,False
2026-01-24 05:00:00,2026-01-24,5,MGH,2.0,False,False,11.9,False
2026-01-24 06:00:00,2026-01-24,6,MGH,2.0,False,False,11.4,False
2026-01-24 07:00:00,2026-01-24,7,MGH,2.0,False,False,11.3,False
2026-01-24 08:00:00,2026-01-24,8,MGH,2.0,False,False,11.2,False
2026-01-24 09:00:00,2026-01-24,9,MGH,3.0,False,False,12.8,False
2026-01-24 10:00:00,2026-01-24,10,MGH,15.0,False,False,15.4,False
2026-01-24 11:00:00,2026-01-24,11,MGH,31.0,False,False,17.6,False
2026-01-24 12:00:00,2026-01-24,12,MGH,47.0,False,False,19.8,False
2026-01-24 13:00:00,2026-01-24,13,MGH,50.0,False,False,21.7,False
2026-01-24 14:00:00,2026-01-24,14,MGH,40.0,False,False,22.5,False
2026-01-24 15:00:00,2026-01-24,15,MGH,41.0,False,False,22.9,False
2026-01-24 16:00:00,2026-01-24,16,MGH,38.0,False,False,22.3,False
2026-01-24 17:00:00,2026-01-24,17,MGH,34.0,False,False,22.0,False
2026-01-24 18:00:00,2026-01-24,18,MGH,32.0,False,False,21.0,False
2026-01-24 19:00:00,2026-01-24,19,MGH,28.0,False,False,19.6,False
2026-01-24 20:00:00,2026-01-24,20,MGH,17.0,False,False,18.7,False
2026-01-24 21:00:00,2026-01-24,21,MGH,4.0,False,False,17.9,False
2026-01-24 22:00:00,2026-01-24,22,MGH,5.0,False,False,17.1,False
2026-01-24 23:00:00,2026-01-24,23,MGH,5.0,False,False,16.0,False
2026-01-25 00:00:00,2026-01-24,24,MGH,7.0,False,False,15.7,False
2026-01-25 01:00:00,2026-01-25,1,MGH,7.0,False,False,14.9,False
2026-01-25 02:00:00,2026-01-25,2,MGH,2.0,False,False,14.0,False
2026-01-25 03:00:00,2026-01-25,3,MGH,4.0,False,False,14.1,False
2026-01-25 04:00:00,2026-01-25,4,MGH,9.0,False,False,13.8,False
2026-01-25 05:00:00,2026-01-25,5,MGH,2.0,False,False,12.9,False
2026-01-25 06:00:00,2026-01-25,6,MGH,2.0,False,False,12.7,False
2026-01-25 07:00:00,2026-01-25,7,MGH,2.0,False,False,12.2,False
2026-01-25 08:00:00,2026-01-25,8,MGH,2.0,False,False,12.1,False
2026-01-25 09:00:00,2026-01-25,9,MGH,6.0,False,False,13.7,False
2026-01-25 10:00:00,2026-01-25,10,MGH,18.0,False,False,16.3,False
2026-01-25 11:00:00,2026-01-25,11,MGH,29.0,False,False,19.2,False
2026-01-25 12:00:00,2026-01-25,12,MGH,42.0,False,False,21.3,False
2026-01-25 13:00:00,2026-01-25,13,MGH,51.0,False,False,23.4,False
2026-01-25 14:00:00,2026-01-25,14,MGH,48.0,False,False,23.9,False
2026-01-25 15:00:00,2026-01-25,15,MGH,45.0,False,False,24.3,False
2026-01-25 16:00:00,2026-01-25,16,MGH,45.0,False,False,24.6,False
2026-01-25 17:00:00,2026-01-25,17,MGH,37.0,False,False,24.0,False
2026-01-25 18:00:00,2026-01-25,18,MGH,31.0,False,False,22.5,False
2026-01-25 19:00:00,2026-01-25,19,MGH,25.0,False,False,20.5,False
2026-01-25 20:00:00,2026-01-25,20,MGH,13.0,False,False,19.7,False
2026-01-25 21:00:00,2026-01-25,21,MGH,5.0,False,False,18.9,False
2026-01-25 22:00:00,2026-01-25,22,MGH,5.0,False,False,17.6,False
2026-01-25 23:00:00,2026-01-25,23,MGH,6.0,False,False,16.9,False
2026-01-26 00:00:00,2026-01-25,24,MGH,5.0,False,False,17.0,False
2026-01-26 01:00:00,2026-01-26,1,MGH,4.0,False,False,16.0,False
2026-01-26 02:00:00,2026-01-26,2,MGH,4.0,False,False,15.4,False
2026-01-26 03:00:00,2026-01-26,3,MGH,1.0,False,False,14.3,False
2026-01-26 04:00:00,2026-01-26,4,MGH,2.0,False,False,13.5,False
2026-01-26 05:00:00,2026-01-26,5,MGH,2.0,False,False,13.3,False
2026-01-26 06:00:00,2026-01-26,6,MGH,2.0,False,False,13.0,False
2026-01-26 07:00:00,2026-01-26,7,MGH,2.0,False,False,12.5,False
2026-01-26 08:00:00,2026-01-26,8,MGH,2.0,False,False,12.5,False
2026-01-26 09:00:00,2026-01-26,9,MGH,4.0,False,False,14.1,False
2026-01-26 10:00:00,2026-01-26,10,MGH,9.0,False,False,16.0,False
2026-01-26 11:00:00,2026-01-26,11,MGH,30.0,False,False,18.2,False
2026-01-26 12:00:00,2026-01-26,12,MGH,51.0,False,False,19.8,False
2026-01-26 13:00:00,2026-01-26,13,MGH,77.0,False,False,21.7,False
2026-01-26 14:00:00,2026-01-26,14,MGH,71.75,True,False,22.9,False
2026-01-26 15:00:00,2026-01-26,15,MGH,66.5,True,False,23.8,False
2026-01-26 16:00:00,2026-01-26,16,MGH,61.25,True,False,24.0,False
2026-01-26 17:00:00,2026-01-26,17,MGH,56.0,False,False,24.6,False
2026-01-26 18:00:00,2026-01-26,18,MGH,51.0,False,False,23.3,False
2026-01-26 19:00:00,2026-01-26,19,MGH,36.0,False,False,21.8,False
2026-01-26 20:00:00,2026-01-26,20,MGH,18.0,False,False,18.8,False
2026-01-26 21:00:00,2026-01-26,21,MGH,25.0,False,False,16.7,False
2026-01-26 22:00:00,2026-01-26,22,MGH,26.0,False,False,15.8,False
2026-01-26 23:00:00,2026-01-26,23,MGH,26.0,False,False,14.9,False
2026-01-27 00:00:00,2026-01-26,24,MGH,13.0,False,False,14.4,False
2026-01-27 01:00:00,2026-01-27,1,MGH,5.0,False,False,13.2,False
2026-01-27 02:00:00,2026-01-27,2,MGH,1.0,False,False,12.5,False
2026-01-27 03:00:00,2026-01-27,3,MGH,0.0,False,False,11.8,False
2026-01-27 04:00:00,2026-01-27,4,MGH,0.0,False,False,10.9,False
2026-01-27 05:00:00,2026-01-27,5,MGH,0.0,False,False,10.6,False
2026-01-27 06:00:00,2026-01-27,6,MGH,0.0,False,False,9.9,False
2026-01-27 07:00:00,2026-01-27,7,MGH,0.0,False,False,9.6,False
2026-01-27 08:00:00,2026-01-27,8,MGH,0.0,False,False,9.8,False
2026-01-27 09:00:00,2026-01-27,9,MGH,3.0,False,False,10.5,False
2026-01-27 10:00:00,2026-01-27,10,MGH,7.0,False,False,12.3,False
2026-01-27 11:00:00,2026-01-27,11,MGH,17.0,False,False,14.7,False
2026-01-27 12:00:00,2026-01-27,12,MGH,35.0,False,False,17.0,False
2026-01-27 13:00:00,2026-01-27,13,MGH,58.0,False,False,19.2,False
2026-01-27 14:00:00,2026-01-27,14,MGH,65.0,False,False,21.1,False
2026-01-27 15:00:00,2026-01-27,15,MGH,83.0,False,False,22.4,False
2026-01-27 16:00:00,2026-01-27,16,MGH,98.0,False,False,22.5,False
2026-01-27 17:00:00,2026-01-27,17,MGH,98.0,False,False,22.3,False
2026-01-27 18:00:00,2026-01-27,18,MGH,83.0,False,False,22.4,False
2026-01-27 19:00:00,2026-01-27,19,MGH,49.0,False,False,21.1,False
2026-01-27 20:00:00,2026-01-27,20,MGH,24.0,False,False,20.1,False
2026-01-27 21:00:00,2026-01-27,21,MGH,21.0,False,False,19.5,False
2026-01-27 22:00:00,2026-01-27,22,MGH,26.0,False,False,19.1,False
2026-01-27 23:00:00,2026-01-27,23,MGH,27.0,False,False,18.4,False
2026-01-28 00:00:00,2026-01-27,24,MGH,17.0,False,False,17.3,False
2026-01-28 01:00:00,2026-01-28,1,MGH,13.0,False,False,16.3,False
2026-01-28 02:00:00,2026-01-28,2,MGH,10.0,False,False,15.8,False
2026-01-28 03:00:00,2026-01-28,3,MGH,10.0,False,False,15.1,False
2026-01-28 04:00:00,2026-01-28,4,MGH,2.0,False,False,14.1,False
2026-01-28 05:00:00,2026-01-28,5,MGH,0.0,False,False,13.8,False
2026-01-28 06:00:00,2026-01-28,6,MGH,2.0,False,False,13.1,False
2026-01-28 07:00:00,2026-01-28,7,MGH,0.0,False,False,12.8,False
2026-01-28 08:00:00,2026-01-28,8,MGH,0.0,False,False,12.6,False
2026-01-28 09:00:00,2026-01-28,9,MGH,3.0,False,False,14.0,False
2026-01-28 10:00:00,2026-01-28,10,MGH,11.0,False,False,15.7,False
2026-01-28 11:00:00,2026-01-28,11,MGH,35.0,False,False,17.8,False
2026-01-28 12:00:00,2026-01-28,12,MGH,55.0,False,False,19.1,False
2026-01-28 13:00:00,2026-01-28,13,MGH,59.0,False,False,19.9,False
2026-01-28 14:00:00,2026-01-28,14,MGH,72.0,False,False,21.0,False
2026-01-28 15:00:00,2026-01-28,15,MGH,86.0,False,False,21.6,False
2026-01-28 16:00:00,2026-01-28,16,MGH,90.0,False,False,22.2,False
2026-01-28 17:00:00,2026-01-28,17,MGH,91.0,False,False,22.6,False
2026-01-28 18:00:00,2026-01-28,18,MGH,75.0,False,False,22.3,False
2026-01-28 19:00:00,2026-01-28,19,MGH,39.0,False,False,20.3,False
2026-01-28 20:00:00,2026-01-28,20,MGH,32.0,False,False,17.7,False
2026-01-28 21:00:00,2026-01-28,21,MGH,27.0,False,False,16.2,False
2026-01-28 22:00:00,2026-01-28,22,MGH,25.0,False,False,15.5,False
2026-01-28 23:00:00,2026-01-28,23,MGH,26.0,False,False,15.0,False
2026-01-29 00:00:00,2026-01-28,24,MGH,29.0,False,False,14.6,False
2026-01-29 01:00:00,2026-01-29,1,MGH,10.0,False,False,14.0,False
2026-01-29 02:00:00,2026-01-29,2,MGH,4.0,False,False,13.6,False
2026-01-29 03:00:00,2026-01-29,3,MGH,2.0,False,False,13.2,False
2026-01-29 04:00:00,2026-01-29,4,MGH,5.0,False,False,12.6,False
2026-01-29 05:00:00,2026-01-29,5,MGH,0.0,False,False,11.9,False
2026-01-29 06:00:00,2026-01-29,6,MGH,0.0,False,False,11.6,False
2026-01-29 07:00:00,2026-01-29,7,MGH,0.0,False,False,11.6,False
2026-01-29 08:00:00,2026-01-29,8,MGH,1.0,False,False,11.5,False
2026-01-29 09:00:00,2026-01-29,9,MGH,3.0,False,False,12.4,False
2026-01-29 10:00:00,2026-01-29,10,MGH,7.0,False,False,14.1,False
2026-01-29 11:00:00,2026-01-29,11,MGH,20.0,False,False,16.8,False
2026-01-29 12:00:00,2026-01-29,12,MGH,52.0,False,False,18.7,False
2026-01-29 13:00:00,2026-01-29,13,MGH,70.0,False,False,20.5,False
2026-01-29 14:00:00,2026-01-29,14,MGH,89.0,False,False,22.0,False
2026-01-29 15:00:00,2026-01-29,15,MGH,94.0,False,False,23.0,False
2026-01-29 16:00:00,2026-01-29,16,MGH,90.0,False,False,23.9,False
2026-01-29 17:00:00,2026-01-29,17,MGH,59.0,False,False,24.7,False
2026-01-29 18:00:00,2026-01-29,18,MGH,49.0,False,False,23.7,False
2026-01-29 19:00:00,2026-01-29,19,MGH,36.0,False,False,22.4,False
2026-01-29 20:00:00,2026-01-29,20,MGH,17.0,False,False,21.1,False
2026-01-29 21:00:00,2026-01-29,21,MGH,5.0,False,False,19.8,False
2026-01-29 22:00:00,2026-01-29,22,MGH,0.0,False,False,18.5,False
2026-01-29 23:00:00,2026-01-29,23,MGH,0.0,False,False,17.5,False
2026-01-30 00:00:00,2026-01-29,24,MGH,6.0,False,False,16.5,False
2026-01-30 01:00:00,2026-01-30,1,MGH,11.5,True,True,16.1,False
2026-01-30 02:00:00,2026-01-30,2,MGH,5.5,True,True,15.2,False
2026-01-30 03:00:00,2026-01-30,3,MGH,3.0,True,True,14.8,False
2026-01-30 04:00:00,2026-01-30,4,MGH,0.0,False,False,14.0,False
2026-01-30 05:00:00,2026-01-30,5,MGH,3.0,False,False,13.7,False
2026-01-30 06:00:00,2026-01-30,6,MGH,0.0,False,False,13.5,False
2026-01-30 07:00:00,2026-01-30,7,MGH,0.0,False,False,13.0,False
2026-01-30 08:00:00,2026-01-30,8,MGH,0.0,False,False,12.7,False
2026-01-30 09:00:00,2026-01-30,9,MGH,5.0,False,False,13.5,False
2026-01-30 10:00:00,2026-01-30,10,MGH,15.0,False,False,15.0,False
2026-01-30 11:00:00,2026-01-30,11,MGH,27.0,False,False,16.9,False
2026-01-30 12:00:00,2026-01-30,12,MGH,47.0,False,False,18.9,False
2026-01-30 13:00:00,2026-01-30,13,MGH,71.0,False,False,21.1,False
2026-01-30 14:00:00,2026-01-30,14,MGH,85.0,False,False,22.4,False
2026-01-30 15:00:00,2026-01-30,15,MGH,97.0,False,False,22.8,False
2026-01-30 16:00:00,2026-01-30,16,MGH,111.0,False,False,23.6,False
2026-01-30 17:00:00,2026-01-30,17,MGH,114.0,False,False,23.4,False
2026-01-30 18:00:00,2026-01-30,18,MGH,113.0,False,False,23.2,False
2026-01-30 19:00:00,2026-01-30,19,MGH,67.0,False,False,22.3,False
2026-01-30 20:00:00,2026-01-30,20,MGH,38.0,False,False,20.8,False
2026-01-30 21:00:00,2026-01-30,21,MGH,16.0,False,False,19.5,False
2026-01-30 22:00:00,2026-01-30,22,MGH,10.0,False,False,17.8,False
2026-01-30 23:00:00,2026-01-30,23,MGH,12.0,False,False,15.3,False
2026-01-31 00:00:00,2026-01-30,24,MGH,10.0,False,False,14.0,False
2026-01-31 01:00:00,2026-01-31,1,MGH,5.0,False,False,13.2,False
2026-01-31 02:00:00,2026-01-31,2,MGH,10.0,False,False,12.0,False
2026-01-31 03:00:00,2026-01-31,3,MGH,8.0,False,False,11.2,False
2026-01-31 04:00:00,2026-01-31,4,MGH,8.0,False,False,10.7,False
2026-01-31 05:00:00,2026-01-31,5,MGH,3.0,False,False,10.4,False
2026-01-31 06:00:00,2026-01-31,6,MGH,5.0,False,False,9.9,False
2026-01-31 07:00:00,2026-01-31,7,MGH,2.0,False,False,10.1,False
2026-01-31 08:00:00,2026-01-31,8,MGH,2.0,False,False,10.5,False
2026-01-31 09:00:00,2026-01-31,9,MGH,1.0,False,False,10.2,False
2026-01-31 10:00:00,2026-01-31,10,MGH,3.0,False,False,9.8,False
2026-01-31 11:00:00,2026-01-31,11,MGH,4.0,False,False,9.5,False
2026-01-31 12:00:00,2026-01-31,12,MGH,7.0,False,False,9.8,False
2026-01-31 13:00:00,2026-01-31,13,MGH,10.0,False,False,10.6,False
2026-01-31 14:00:00,2026-01-31,14,MGH,19.0,False,False,12.3,False
2026-01-31 15:00:00,2026-01-31,15,MGH,29.0,False,False,13.9,False
2026-01-31 16:00:00,2026-01-31,16,MGH,33.0,False,False,14.4,False
2026-01-31 17:00:00,2026-01-31,17,MGH,36.0,False,False,15.3,False
2026-01-31 18:00:00,2026-01-31,18,MGH,29.0,False,False,15.4,False
2026-01-31 19:00:00,2026-01-31,19,MGH,17.0,False,False,15.0,False
2026-01-31 20:00:00,2026-01-31,20,MGH,11.0,False,False,14.1,False
2026-01-31 21:00:00,2026-01-31,21,MGH,17.0,False,False,13.0,False
2026-01-31 22:00:00,2026-01-31,22,MGH,25.0,False,False,12.3,False
2026-01-31 23:00:00,2026-01-31,23,MGH,17.0,False,False,11.5,False
2026-02-01 00:00:00,2026-01-31,24,MGH,9.0,False,False,10.3,False
2026-02-01 01:00:00,2026-02-01,1,MGH,13.0,False,False,9.3,False
2026-02-01 02:00:00,2026-02-01,2,MGH,8.0,False,False,8.8,False
2026-02-01 03:00:00,2026-02-01,3,MGH,11.0,False,False,8.6,False
2026-02-01 04:00:00,2026-02-01,4,MGH,10.0,False,False,8.4,False
2026-02-01 05:00:00,2026-02-01,5,MGH,1.0,False,False,7.8,False
2026-02-01 06:00:00,2026-02-01,6,MGH,0.0,False,False,7.2,False
2026-02-01 07:00:00,2026-02-01,7,MGH,1.0,False,False,6.6,False
2026-02-01 08:00:00,2026-02-01,8,MGH,2.0,False,False,6.5,False
2026-02-01 09:00:00,2026-02-01,9,MGH,8.0,False,False,7.2,False
2026-02-01 10:00:00,2026-02-01,10,MGH,17.0,False,False,9.2,False
2026-02-01 11:00:00,2026-02-01,11,MGH,27.0,False,False,11.2,False
2026-02-01 12:00:00,2026-02-01,12,MGH,32.0,False,False,13.0,False
2026-02-01 13:00:00,2026-02-01,13,MGH,54.0,False,False,15.2,False
2026-02-01 14:00:00,2026-02-01,14,MGH,76.0,False,False,17.2,False
2026-02-01 15:00:00,2026-02-01,15,MGH,95.0,False,False,18.7,False
2026-02-01 16:00:00,2026-02-01,16,MGH,110.0,False,False,19.2,False
2026-02-01 17:00:00,2026-02-01,17,MGH,83.0,False,False,19.5,False
2026-02-01 18:00:00,2026-02-01,18,MGH,65.0,False,False,18.8,False
2026-02-01 19:00:00,2026-02-01,19,MGH,51.0,False,False,17.9,False
2026-02-01 20:00:00,2026-02-01,20,MGH,32.0,False,False,16.8,False
2026-02-01 21:00:00,2026-02-01,21,MGH,22.0,False,False,15.5,False
2026-02-01 22:00:00,2026-02-01,22,MGH,24.0,False,False,14.2,False
2026-02-01 23:00:00,2026-02-01,23,MGH,19.0,False,False,13.6,False
2026-02-02 00:00:00,2026-02-01,24,MGH,22.0,False,False,12.8,False
2026-02-02 01:00:00,2026-02-02,1,MGH,16.0,False,False,12.6,False
2026-02-02 02:00:00,2026-02-02,2,MGH,17.0,False,False,12.1,False
2026-02-02 03:00:00,2026-02-02,3,MGH,8.0,False,False,11.3,False
2026-02-02 04:00:00,2026-02-02,4,MGH,9.0,False,False,10.8,False
2026-02-02 05:00:00,2026-02-02,5,MGH,7.0,False,False,9.9,False
2026-02-02 06:00:00,2026-02-02,6,MGH,8.0,False,False,9.4,False
2026-02-02 07:00:00,2026-02-02,7,MGH,2.0,False,False,8.7,False
2026-02-02 08:00:00,2026-02-02,8,MGH,0.0,False,False,8.2,False
2026-02-02 09:00:00,2026-02-02,9,MGH,5.0,False,False,8.7,False
2026-02-02 10:00:00,2026-02-02,10,MGH,15.0,False,False,10.8,False
2026-02-02 11:00:00,2026-02-02,11,MGH,26.0,False,False,12.7,False
2026-02-02 12:00:00,2026-02-02,12,MGH,36.0,False,False,15.0,False
2026-02-02 13:00:00,2026-02-02,13,MGH,57.0,False,False,16.9,False
2026-02-02 14:00:00,2026-02-02,14,MGH,62.0,False,False,18.6,False
2026-02-02 15:00:00,2026-02-02,15,MGH,62.0,False,False,19.6,False
2026-02-02 16:00:00,2026-02-02,16,MGH,59.0,False,False,20.2,False
2026-02-02 17:00:00,2026-02-02,17,MGH,68.0,False,False,20.4,False
2026-02-02 18:00:00,2026-02-02,18,MGH,60.0,False,False,20.2,False
2026-02-02 19:00:00,2026-02-02,19,MGH,48.0,False,False,18.9,False
2026-02-02 20:00:00,2026-02-02,20,MGH,29.0,False,False,17.6,False
2026-02-02 21:00:00,2026-02-02,21,MGH,27.0,False,False,16.8,False
2026-02-02 22:00:00,2026-02-02,22,MGH,21.0,False,False,15.7,False
2026-02-02 23:00:00,2026-02-02,23,MGH,12.0,False,False,15.0,False
2026-02-03 00:00:00,2026-02-02,24,MGH,9.0,False,False,14.5,False
2026-02-03 01:00:00,2026-02-03,1,MGH,11.0,False,False,13.9,False
2026-02-03 02:00:00,2026-02-03,2,MGH,7.0,False,False,13.4,False
2026-02-03 03:00:00,2026-02-03,3,MGH,0.0,False,False,12.7,False
2026-02-03 04:00:00,2026-02-03,4,MGH,3.0,False,False,12.1,False
2026-02-03 05:00:00,2026-02-03,5,MGH,2.0,False,False,11.7,False
2026-02-03 06:00:00,2026-02-03,6,MGH,0.0,False,False,11.2,False
2026-02-03 07:00:00,2026-02-03,7,MGH,0.0,False,False,10.9,False
2026-02-03 08:00:00,2026-02-03,8,MGH,0.0,False,False,10.8,False
2026-02-03 09:00:00,2026-02-03,9,MGH,2.0,False,False,12.3,False
2026-02-03 10:00:00,2026-02-03,10,MGH,11.0,False,False,14.4,False
2026-02-03 11:00:00,2026-02-03,11,MGH,28.0,False,False,16.2,False
2026-02-03 12:00:00,2026-02-03,12,MGH,50.0,False,False,18.4,False
2026-02-03 13:00:00,2026-02-03,13,MGH,57.0,False,False,19.9,False
2026-02-03 14:00:00,2026-02-03,14,MGH,58.0,False,False,21.1,False
2026-02-03 15:00:00,2026-02-03,15,MGH,67.0,False,False,21.8,False
2026-02-03 16:00:00,2026-02-03,16,MGH,64.0,False,False,22.3,False
2026-02-03 17:00:00,2026-02-03,17,MGH,57.0,False,False,21.8,False
2026-02-03 18:00:00,2026-02-03,18,MGH,58.0,False,False,21.4,False
2026-02-03 19:00:00,2026-02-03,19,MGH,48.0,False,False,20.7,False
2026-02-03 20:00:00,2026-02-03,20,MGH,41.0,False,False,18.4,False
2026-02-03 21:00:00,2026-02-03,21,MGH,24.0,False,False,18.7,False
2026-02-03 22:00:00,2026-02-03,22,MGH,22.0,False,False,18.0,False
2026-02-03 23:00:00,2026-02-03,23,MGH,25.0,False,False,16.6,False
2026-02-04 00:00:00,2026-02-03,24,MGH,27.0,False,False,16.2,False
2026-02-04 01:00:00,2026-02-04,1,MGH,29.0,False,False,15.7,False
2026-02-04 02:00:00,2026-02-04,2,MGH,28.0,False,False,15.2,False
2026-02-04 03:00:00,2026-02-04,3,MGH,12.0,False,False,14.6,False
2026-02-04 04:00:00,2026-02-04,4,MGH,15.0,False,False,14.1,False
2026-02-04 05:00:00,2026-02-04,5,MGH,6.0,False,False,13.4,False
2026-02-04 06:00:00,2026-02-04,6,MGH,2.0,False,False,13.0,False
2026-02-04 07:00:00,2026-02-04,7,MGH,0.0,False,False,12.7,False
2026-02-04 08:00:00,2026-02-04,8,MGH,0.0,False,False,12.9,False
2026-02-04 09:00:00,2026-02-04,9,MGH,2.0,False,False,13.8,False
2026-02-04 10:00:00,2026-02-04,10,MGH,8.0,False,False,15.2,False
2026-02-04 11:00:00,2026-02-04,11,MGH,25.0,False,False,17.2,False
2026-02-04 12:00:00,2026-02-04,12,MGH,44.0,False,False,19.2,False
2026-02-04 13:00:00,2026-02-04,13,MGH,61.0,False,False,20.2,False
2026-02-04 14:00:00,2026-02-04,14,MGH,74.0,False,False,21.6,False
2026-02-04 15:00:00,2026-02-04,15,MGH,90.0,False,False,22.2,False
2026-02-04 16:00:00,2026-02-04,16,MGH,97.0,False,False,22.3,False
2026-02-04 17:00:00,2026-02-04,17,MGH,89.0,False,False,22.0,False
2026-02-04 18:00:00,2026-02-04,18,MGH,59.0,False,False,21.1,False
2026-02-04 19:00:00,2026-02-04,19,MGH,61.0,False,False,18.2,False
2026-02-04 20:00:00,2026-02-04,20,MGH,39.0,False,False,15.8,False
2026-02-04 21:00:00,2026-02-04,21,MGH,14.0,False,False,15.7,False
2026-02-04 22:00:00,2026-02-04,22,MGH,18.0,False,False,14.2,False
2026-02-04 23:00:00,2026-02-04,23,MGH,18.0,False,False,13.3,False
2026-02-05 00:00:00,2026-02-04,24,MGH,19.6,True,False,12.7,False
2026-02-05 01:00:00,2026-02-05,1,MGH,11.5,True,True,12.1,False
2026-02-05 02:00:00,2026-02-05,2,MGH,5.5,True,True,11.4,False
2026-02-05 03:00:00,2026-02-05,3,MGH,3.0,True,True,11.2,False
2026-02-05 04:00:00,2026-02-05,4,MGH,26.0,False,False,11.1,False
2026-02-05 05:00:00,2026-02-05,5,MGH,24.0,False,False,10.9,False
2026-02-05 06:00:00,2026-02-05,6,MGH,22.0,False,False,10.6,False
2026-02-05 07:00:00,2026-02-05,7,MGH,15.0,False,False,10.6,False
2026-02-05 08:00:00,2026-02-05,8,MGH,14.0,False,False,10.6,False
2026-02-05 09:00:00,2026-02-05,9,MGH,12.0,False,False,10.7,False
2026-02-05 10:00:00,2026-02-05,10,MGH,11.0,False,False,11.1,False
2026-02-05 11:00:00,2026-02-05,11,MGH,13.0,False,False,11.6,False
2026-02-05 12:00:00,2026-02-05,12,MGH,21.0,False,False,12.2,False
2026-02-05 13:00:00,2026-02-05,13,MGH,30.0,False,False,13.1,False
2026-02-05 14:00:00,2026-02-05,14,MGH,44.0,False,False,15.1,False
2026-02-05 15:00:00,2026-02-05,15,MGH,63.0,False,False,16.7,False
2026-02-05 16:00:00,2026-02-05,16,MGH,73.0,False,False,17.7,False
2026-02-05 17:00:00,2026-02-05,17,MGH,71.0,False,False,18.2,False
2026-02-05 18:00:00,2026-02-05,18,MGH,61.0,False,False,18.1,False
2026-02-05 19:00:00,2026-02-05,19,MGH,45.0,False,False,17.8,False
2026-02-05 20:00:00,2026-02-05,20,MGH,43.0,False,False,16.3,False
2026-02-05 21:00:00,2026-02-05,21,MGH,37.0,False,False,15.7,False
2026-02-05 22:00:00,2026-02-05,22,MGH,12.0,False,False,15.0,False
2026-02-05 23:00:00,2026-02-05,23,MGH,13.0,False,False,14.1,False
2026-02-06 00:00:00,2026-02-05,24,MGH,8.0,False,False,13.1,False
2026-02-06 01:00:00,2026-02-06,1,MGH,0.0,False,False,12.0,False
2026-02-06 02:00:00,2026-02-06,2,MGH,4.0,False,False,11.5,False
2026-02-06 03:00:00,2026-02-06,3,MGH,2.0,False,False,11.6,False
2026-02-06 04:00:00,2026-02-06,4,MGH,1.0,False,False,11.3,False
2026-02-06 05:00:00,2026-02-06,5,MGH,0.0,False,False,10.9,False
2026-02-06 06:00:00,2026-02-06,6,MGH,0.0,False,False,10.7,False
2026-02-06 07:00:00,2026-02-06,7,MGH,0.0,False,False,10.4,False
2026-02-06 08:00:00,2026-02-06,8,MGH,0.0,False,False,10.5,False
2026-02-06 09:00:00,2026-02-06,9,MGH,2.0,False,False,11.4,False
2026-02-06 10:00:00,2026-02-06,10,MGH,8.0,False,False,13.4,False
2026-02-06 11:00:00,2026-02-06,11,MGH,27.0,False,False,15.8,False
2026-02-06 12:00:00,2026-02-06,12,MGH,50.0,False,False,18.3,False
2026-02-06 13:00:00,2026-02-06,13,MGH,59.0,False,False,19.4,False
2026-02-06 14:00:00,2026-02-06,14,MGH,70.0,False,False,20.5,False
2026-02-06 15:00:00,2026-02-06,15,MGH,75.0,False,False,21.2,False
2026-02-06 16:00:00,2026-02-06,16,MGH,64.0,False,False,21.5,False
2026-02-06 17:00:00,2026-02-06,17,MGH,59.0,False,False,21.6,False
2026-02-06 18:00:00,2026-02-06,18,MGH,38.0,False,False,21.2,False
2026-02-06 19:00:00,2026-02-06,19,MGH,25.0,False,False,19.8,False
2026-02-06 20:00:00,2026-02-06,20,MGH,15.0,False,False,18.4,False
2026-02-06 21:00:00,2026-02-06,21,MGH,16.0,False,False,16.8,False
2026-02-06 22:00:00,2026-02-06,22,MGH,16.0,False,False,15.4,False
2026-02-06 23:00:00,2026-02-06,23,MGH,15.0,False,False,14.6,False
2026-02-07 00:00:00,2026-02-06,24,MGH,6.0,False,False,13.7,False
2026-02-07 01:00:00,2026-02-07,1,MGH,5.0,False,False,13.0,False
2026-02-07 02:00:00,2026-02-07,2,MGH,1.0,False,False,12.4,False
2026-02-07 03:00:00,2026-02-07,3,MGH,2.0,False,False,11.9,False
2026-02-07 04:00:00,2026-02-07,4,MGH,1.0,False,False,11.4,False
2026-02-07 05:00:00,2026-02-07,5,MGH,0.0,False,False,11.1,False
2026-02-07 06:00:00,2026-02-07,6,MGH,0.0,False,False,10.3,False
2026-02-07 07:00:00,2026-02-07,7,MGH,0.0,False,False,10.1,False
2026-02-07 08:00:00,2026-02-07,8,MGH,0.0,False,False,10.0,False
2026-02-07 09:00:00,2026-02-07,9,MGH,2.0,False,False,11.1,False
2026-02-07 10:00:00,2026-02-07,10,MGH,7.0,False,False,13.0,False
2026-02-07 11:00:00,2026-02-07,11,MGH,23.0,False,False,15.6,False
2026-02-07 12:00:00,2026-02-07,12,MGH,46.0,False,False,18.3,False
2026-02-07 13:00:00,2026-02-07,13,MGH,58.0,False,False,20.1,False
2026-02-07 14:00:00,2026-02-07,14,MGH,56.0,False,False,21.3,False
2026-02-07 15:00:00,2026-02-07,15,MGH,58.0,False,False,22.4,False
2026-02-07 16:00:00,2026-02-07,16,MGH,69.0,False,False,23.0,False
2026-02-07 17:00:00,2026-02-07,17,MGH,72.0,False,False,23.3,False
2026-02-07 18:00:00,2026-02-07,18,MGH,57.0,False,False,23.1,False
2026-02-07 19:00:00,2026-02-07,19,MGH,32.0,False,False,21.6,False
2026-02-07 20:00:00,2026-02-07,20,MGH,18.0,False,False,19.6,False
2026-02-07 21:00:00,2026-02-07,21,MGH,13.0,False,False,18.0,False
2026-02-07 22:00:00,2026-02-07,22,MGH,19.0,False,False,16.7,False
2026-02-07 23:00:00,2026-02-07,23,MGH,19.0,False,False,15.7,False
2026-02-08 00:00:00,2026-02-07,24,MGH,11.0,False,False,15.0,False
2026-02-08 01:00:00,2026-02-08,1,MGH,0.0,False,False,14.0,False
2026-02-08 02:00:00,2026-02-08,2,MGH,0.0,False,False,13.3,False
2026-02-08 03:00:00,2026-02-08,3,MGH,1.0,False,False,13.0,False
2026-02-08 04:00:00,2026-02-08,4,MGH,3.0,False,False,12.2,False
2026-02-08 05:00:00,2026-02-08,5,MGH,1.0,False,False,11.6,False
2026-02-08 06:00:00,2026-02-08,6,MGH,4.0,False,False,11.2,False
2026-02-08 07:00:00,2026-02-08,7,MGH,0.0,False,False,10.6,False
2026-02-08 08:00:00,2026-02-08,8,MGH,0.0,False,False,10.5,False
2026-02-08 09:00:00,2026-02-08,9,MGH,2.0,False,False,11.9,False
2026-02-08 10:00:00,2026-02-08,10,MGH,12.0,False,False,13.9,False
2026-02-08 11:00:00,2026-02-08,11,MGH,30.0,False,False,16.6,False
2026-02-08 12:00:00,2026-02-08,12,MGH,57.0,False,False,19.5,False
2026-02-08 13:00:00,2026-02-08,13,MGH,70.0,False,False,21.3,False
2026-02-08 14:00:00,2026-02-08,14,MGH,72.0,False,False,22.7,False
2026-02-08 15:00:00,2026-02-08,15,MGH,79.0,False,False,23.7,False
2026-02-08 16:00:00,2026-02-08,16,MGH,90.0,False,False,24.3,False
2026-02-08 17:00:00,2026-02-08,17,MGH,94.0,False,False,24.7,False
2026-02-08 18:00:00,2026-02-08,18,MGH,95.0,False,False,24.4,False
2026-02-08 19:00:00,2026-02-08,19,MGH,51.0,False,False,22.8,False
2026-02-08 20:00:00,2026-02-08,20,MGH,29.0,False,False,20.2,False
2026-02-08 21:00:00,2026-02-08,21,MGH,24.0,False,False,18.3,False
2026-02-08 22:00:00,2026-02-08,22,MGH,30.0,False,False,16.9,False
2026-02-08 23:00:00,2026-02-08,23,MGH,24.0,False,False,15.7,False
2026-02-09 00:00:00,2026-02-08,24,MGH,21.0,False,False,14.8,False
2026-02-09 01:00:00,2026-02-09,1,MGH,4.0,False,False,14.4,False
2026-02-09 02:00:00,2026-02-09,2,MGH,1.0,False,False,13.7,False
2026-02-09 03:00:00,2026-02-09,3,MGH,3.0,False,False,13.1,False
2026-02-09 04:00:00,2026-02-09,4,MGH,4.0,False,False,12.6,False
2026-02-09 05:00:00,2026-02-09,5,MGH,2.0,False,False,12.2,False
2026-02-09 06:00:00,2026-02-09,6,MGH,1.0,False,False,11.7,False
2026-02-09 07:00:00,2026-02-09,7,MGH,0.0,False,False,11.3,False
2026-02-09 08:00:00,2026-02-09,8,MGH,0.0,False,False,11.4,False
2026-02-09 09:00:00,2026-02-09,9,MGH,2.0,False,False,12.8,False
2026-02-09 10:00:00,2026-02-09,10,MGH,8.0,False,False,14.5,False
2026-02-09 11:00:00,2026-02-09,11,MGH,24.0,False,False,16.7,False
2026-02-09 12:00:00,2026-02-09,12,MGH,47.0,False,False,19.0,False
2026-02-09 13:00:00,2026-02-09,13,MGH,66.0,False,False,21.1,False
2026-02-09 14:00:00,2026-02-09,14,MGH,69.0,False,False,22.9,False
2026-02-09 15:00:00,2026-02-09,15,MGH,89.0,False,False,24.2,False
2026-02-09 16:00:00,2026-02-09,16,MGH,106.0,False,False,25.1,False
2026-02-09 17:00:00,2026-02-09,17,MGH,107.0,False,False,25.6,False
2026-02-09 18:00:00,2026-02-09,18,MGH,108.0,False,False,25.3,False
2026-02-09 19:00:00,2026-02-09,19,MGH,72.0,False,False,23.8,False
2026-02-09 20:00:00,2026-02-09,20,MGH,18.0,False,False,21.4,False
2026-02-09 21:00:00,2026-02-09,21,MGH,12.0,False,False,19.4,False
2026-02-09 22:00:00,2026-02-09,22,MGH,25.0,False,False,18.0,False
2026-02-09 23:00:00,2026-02-09,23,MGH,7.0,False,False,17.4,False
2026-02-10 00:00:00,2026-02-09,24,MGH,5.0,False,False,16.3,False
2026-02-10 01:00:00,2026-02-10,1,MGH,0.0,False,False,15.3,False
2026-02-10 02:00:00,2026-02-10,2,MGH,1.0,False,False,14.8,False
2026-02-10 03:00:00,2026-02-10,3,MGH,0.0,False,False,14.1,False
2026-02-10 04:00:00,2026-02-10,4,MGH,6.0,False,False,13.4,False
2026-02-10 05:00:00,2026-02-10,5,MGH,2.0,False,False,12.8,False
2026-02-10 06:00:00,2026-02-10,6,MGH,0.0,False,False,12.4,False
2026-02-10 07:00:00,2026-02-10,7,MGH,0.0,False,False,12.0,False
2026-02-10 08:00:00,2026-02-10,8,MGH,1.0,False,False,12.0,False
2026-02-10 09:00:00,2026-02-10,9,MGH,1.0,False,False,13.8,False
2026-02-10 10:00:00,2026-02-10,10,MGH,13.0,False,False,16.3,False
2026-02-10 11:00:00,2026-02-10,11,MGH,28.0,False,False,18.6,False
2026-02-10 12:00:00,2026-02-10,12,MGH,53.0,False,False,20.6,False
2026-02-10 13:00:00,2026-02-10,13,MGH,76.0,False,False,22.6,False
2026-02-10 14:00:00,2026-02-10,14,MGH,103.0,False,False,24.4,False
2026-02-10 15:00:00,2026-02-10,15,MGH,109.0,False,False,25.9,False
2026-02-10 16:00:00,2026-02-10,16,MGH,110.0,False,False,26.8,False
2026-02-10 17:00:00,2026-02-10,17,MGH,110.0,False,False,27.3,False
2026-02-10 18:00:00,2026-02-10,18,MGH,87.0,False,False,26.7,False
2026-02-10 19:00:00,2026-02-10,19,MGH,27.0,False,False,24.7,False
2026-02-10 20:00:00,2026-02-10,20,MGH,21.0,False,False,22.8,False
2026-02-10 21:00:00,2026-02-10,21,MGH,17.0,False,False,21.4,False
2026-02-10 22:00:00,2026-02-10,22,MGH,20.0,False,False,20.5,False
2026-02-10 23:00:00,2026-02-10,23,MGH,15.0,False,False,19.5,False
2026-02-11 00:00:00,2026-02-10,24,MGH,12.4,True,False,18.7,False
2026-02-11 01:00:00,2026-02-11,1,MGH,11.5,True,True,18.2,False
2026-02-11 02:00:00,2026-02-11,2,MGH,5.5,True,True,17.6,False
2026-02-11 03:00:00,2026-02-11,3,MGH,3.0,True,True,16.5,False
2026-02-11 04:00:00,2026-02-11,4,MGH,2.0,False,False,16.1,False
2026-02-11 05:00:00,2026-02-11,5,MGH,1.0,False,False,15.4,False
2026-02-11 06:00:00,2026-02-11,6,MGH,0.0,False,False,14.9,False
2026-02-11 07:00:00,2026-02-11,7,MGH,0.0,False,False,14.5,False
2026-02-11 08:00:00,2026-02-11,8,MGH,1.0,False,False,14.9,False
2026-02-11 09:00:00,2026-02-11,9,MGH,1.0,False,False,16.0,False
2026-02-11 10:00:00,2026-02-11,10,MGH,6.0,False,False,18.1,False
2026-02-11 11:00:00,2026-02-11,11,MGH,27.0,False,False,20.2,False
2026-02-11 12:00:00,2026-02-11,12,MGH,60.0,False,False,22.4,False
2026-02-11 13:00:00,2026-02-11,13,MGH,82.0,False,False,23.9,False
2026-02-11 14:00:00,2026-02-11,14,MGH,102.0,False,False,25.1,False
2026-02-11 15:00:00,2026-02-11,15,MGH,110.0,False,False,26.4,False
2026-02-11 16:00:00,2026-02-11,16,MGH,127.0,False,False,26.6,False
2026-02-11 17:00:00,2026-02-11,17,MGH,128.0,False,False,26.7,False
2026-02-11 18:00:00,2026-02-11,18,MGH,113.0,False,False,26.5,False
2026-02-11 19:00:00,2026-02-11,19,MGH,55.0,False,False,24.6,False
2026-02-11 20:00:00,2026-02-11,20,MGH,34.0,False,False,22.6,False
2026-02-11 21:00:00,2026-02-11,21,MGH,33.0,False,False,20.7,False
2026-02-11 22:00:00,2026-02-11,22,MGH,39.0,False,False,19.3,False
2026-02-11 23:00:00,2026-02-11,23,MGH,26.0,False,False,18.4,False
2026-02-12 00:00:00,2026-02-11,24,MGH,27.0,False,False,17.5,False
2026-02-12 01:00:00,2026-02-12,1,MGH,15.0,False,False,17.0,False
2026-02-12 02:00:00,2026-02-12,2,MGH,10.0,False,False,16.7,False
2026-02-12 03:00:00,2026-02-12,3,MGH,7.0,False,False,15.8,False
2026-02-12 04:00:00,2026-02-12,4,MGH,10.0,False,False,15.4,False
2026-02-12 05:00:00,2026-02-12,5,MGH,7.0,False,False,14.8,False
2026-02-12 06:00:00,2026-02-12,6,MGH,1.0,False,False,14.2,False
2026-02-12 07:00:00,2026-02-12,7,MGH,0.0,False,False,13.8,False
2026-02-12 08:00:00,2026-02-12,8,MGH,0.0,False,False,13.7,False
2026-02-12 09:00:00,2026-02-12,9,MGH,2.0,False,False,15.1,False
2026-02-12 10:00:00,2026-02-12,10,MGH,10.0,False,False,17.1,False
2026-02-12 11:00:00,2026-02-12,11,MGH,30.0,False,False,19.3,False
2026-02-12 12:00:00,2026-02-12,12,MGH,63.0,False,False,21.5,False
2026-02-12 13:00:00,2026-02-12,13,MGH,77.0,False,False,23.5,False
2026-02-12 14:00:00,2026-02-12,14,MGH,87.0,False,False,24.5,False
2026-02-12 15:00:00,2026-02-12,15,MGH,111.0,False,False,25.1,False
2026-02-12 16:00:00,2026-02-12,16,MGH,118.0,False,False,25.8,False
2026-02-12 17:00:00,2026-02-12,17,MGH,99.0,False,False,26.1,False
2026-02-12 18:00:00,2026-02-12,18,MGH,77.0,False,False,26.2,False
2026-02-12 19:00:00,2026-02-12,19,MGH,56.0,False,False,25.0,False
2026-02-12 20:00:00,2026-02-12,20,MGH,27.0,False,False,23.5,False
2026-02-12 21:00:00,2026-02-12,21,MGH,17.0,False,False,21.8,False
2026-02-12 22:00:00,2026-02-12,22,MGH,15.0,False,False,20.1,False
2026-02-12 23:00:00,2026-02-12,23,MGH,16.0,False,False,19.0,False
2026-02-13 00:00:00,2026-02-12,24,MGH,14.0,False,False,18.2,False
2026-02-13 01:00:00,2026-02-13,1,MGH,16.0,False,False,17.5,False
2026-02-13 02:00:00,2026-02-13,2,MGH,8.0,False,False,17.0,False
2026-02-13 03:00:00,2026-02-13,3,MGH,0.0,False,False,16.4,False
2026-02-13 04:00:00,2026-02-13,4,MGH,8.0,False,False,15.6,False
2026-02-13 05:00:00,2026-02-13,5,MGH,7.0,False,False,15.1,False
2026-02-13 06:00:00,2026-02-13,6,MGH,0.0,False,False,14.8,False
2026-02-13 07:00:00,2026-02-13,7,MGH,0.0,False,False,14.5,False
2026-02-13 08:00:00,2026-02-13,8,MGH,0.0,False,False,14.3,False
2026-02-13 09:00:00,2026-02-13,9,MGH,1.0,False,False,15.4,False
2026-02-13 10:00:00,2026-02-13,10,MGH,10.0,False,False,17.5,False
2026-02-13 11:00:00,2026-02-13,11,MGH,32.0,False,False,19.8,False
2026-02-13 12:00:00,2026-02-13,12,MGH,64.0,False,False,22.6,False
2026-02-13 13:00:00,2026-02-13,13,MGH,74.0,False,False,23.9,False
2026-02-13 14:00:00,2026-02-13,14,MGH,71.0,False,False,25.1,False
2026-02-13 15:00:00,2026-02-13,15,MGH,76.0,False,False,26.0,False
2026-02-13 16:00:00,2026-02-13,16,MGH,97.0,False,False,26.3,False
2026-02-13 17:00:00,2026-02-13,17,MGH,104.0,False,False,26.9,False
2026-02-13 18:00:00,2026-02-13,18,MGH,108.0,False,False,26.3,False
2026-02-13 19:00:00,2026-02-13,19,MGH,67.0,False,False,25.5,False
2026-02-13 20:00:00,2026-02-13,20,MGH,55.0,False,False,23.2,False
2026-02-13 21:00:00,2026-02-13,21,MGH,27.0,False,False,21.8,False
2026-02-13 22:00:00,2026-02-13,22,MGH,12.0,False,False,20.6,False
2026-02-13 23:00:00,2026-02-13,23,MGH,13.0,False,False,19.7,False
2026-02-14 00:00:00,2026-02-13,24,MGH,18.0,False,False,19.0,False
2026-02-14 01:00:00,2026-02-14,1,MGH,19.0,False,False,18.2,False
2026-02-14 02:00:00,2026-02-14,2,MGH,0.0,False,False,17.7,False
2026-02-14 03:00:00,2026-02-14,3,MGH,0.0,False,False,17.1,False
2026-02-14 04:00:00,2026-02-14,4,MGH,0.0,False,False,16.6,False
2026-02-14 05:00:00,2026-02-14,5,MGH,0.0,False,False,15.9,False
2026-02-14 06:00:00,2026-02-14,6,MGH,0.0,False,False,15.4,False
2026-02-14 07:00:00,2026-02-14,7,MGH,0.0,False,False,15.1,False
2026-02-14 08:00:00,2026-02-14,8,MGH,0.0,False,False,14.9,False
2026-02-14 09:00:00,2026-02-14,9,MGH,3.0,False,False,16.2,False
2026-02-14 10:00:00,2026-02-14,10,MGH,18.0,False,False,18.4,False
2026-02-14 11:00:00,2026-02-14,11,MGH,41.0,False,False,20.2,False
2026-02-14 12:00:00,2026-02-14,12,MGH,71.0,False,False,22.2,False
2026-02-14 13:00:00,2026-02-14,13,MGH,97.0,False,False,23.9,False
2026-02-14 14:00:00,2026-02-14,14,MGH,123.0,False,False,25.1,False
2026-02-14 15:00:00,2026-02-14,15,MGH,136.0,False,False,26.4,False
2026-02-14 16:00:00,2026-02-14,16,MGH,136.0,False,False,27.4,False
2026-02-14 17:00:00,2026-02-14,17,MGH,126.0,False,False,27.2,False
2026-02-14 18:00:00,2026-02-14,18,MGH,106.0,False,False,27.2,False
2026-02-14 19:00:00,2026-02-14,19,MGH,60.0,False,False,25.5,False
2026-02-14 20:00:00,2026-02-14,20,MGH,47.0,False,False,23.3,False
2026-02-14 21:00:00,2026-02-14,21,MGH,37.0,False,False,22.1,False
2026-02-14 22:00:00,2026-02-14,22,MGH,30.0,False,False,20.9,False
2026-02-14 23:00:00,2026-02-14,23,MGH,13.0,False,False,20.3,False
2026-02-15 00:00:00,2026-02-14,24,MGH,6.0,False,False,19.6,False
2026-02-15 01:00:00,2026-02-15,1,MGH,5.0,False,False,18.6,False
2026-02-15 02:00:00,2026-02-15,2,MGH,1.0,False,False,17.9,False
2026-02-15 03:00:00,2026-02-15,3,MGH,1.0,False,False,17.4,False
2026-02-15 04:00:00,2026-02-15,4,MGH,0.0,False,False,16.9,False
2026-02-15 05:00:00,2026-02-15,5,MGH,0.0,False,False,16.6,False
2026-02-15 06:00:00,2026-02-15,6,MGH,0.0,False,False,16.1,False
2026-02-15 07:00:00,2026-02-15,7,MGH,0.0,False,False,15.6,False
2026-02-15 08:00:00,2026-02-15,8,MGH,0.0,False,False,15.3,False
2026-02-15 09:00:00,2026-02-15,9,MGH,13.0,False,False,15.7,False
2026-02-15 10:00:00,2026-02-15,10,MGH,33.0,False,False,16.1,False
2026-02-15 11:00:00,2026-02-15,11,MGH,52.0,False,False,17.6,False
2026-02-15 12:00:00,2026-02-15,12,MGH,70.0,False,False,18.8,False
2026-02-15 13:00:00,2026-02-15,13,MGH,90.0,False,False,20.4,False
2026-02-15 14:00:00,2026-02-15,14,MGH,102.0,False,False,21.9,False
2026-02-15 15:00:00,2026-02-15,15,MGH,115.0,False,False,23.2,False
2026-02-15 16:00:00,2026-02-15,16,MGH,127.0,False,False,24.8,False
2026-02-15 17:00:00,2026-02-15,17,MGH,130.0,False,False,25.8,False
2026-02-15 18:00:00,2026-02-15,18,MGH,118.0,False,False,25.8,False
2026-02-15 19:00:00,2026-02-15,19,MGH,93.0,False,False,24.8,False
2026-02-15 20:00:00,2026-02-15,20,MGH,60.0,False,False,22.2,False
2026-02-15 21:00:00,2026-02-15,21,MGH,29.0,False,False,19.9,False
2026-02-15 22:00:00,2026-02-15,22,MGH,21.0,False,False,18.0,False
2026-02-15 23:00:00,2026-02-15,23,MGH,21.0,False,False,16.8,False
2026-02-16 00:00:00,2026-02-15,24,MGH,19.0,False,False,15.9,False
2026-02-16 01:00:00,2026-02-16,1,MGH,17.0,False,False,15.1,False
2026-02-16 02:00:00,2026-02-16,2,MGH,14.0,False,False,15.0,False
2026-02-16 03:00:00,2026-02-16,3,MGH,8.0,False,False,14.7,False
2026-02-16 04:00:00,2026-02-16,4,MGH,5.0,False,False,14.9,False
2026-02-16 05:00:00,2026-02-16,5,MGH,0.0,False,False,14.6,False
2026-02-16 06:00:00,2026-02-16,6,MGH,1.0,False,False,14.3,False
2026-02-16 07:00:00,2026-02-16,7,MGH,0.0,False,False,14.0,False
2026-02-16 08:00:00,2026-02-16,8,MGH,0.0,False,False,14.0,False
2026-02-16 09:00:00,2026-02-16,9,MGH,2.0,False,False,14.9,False
2026-02-16 10:00:00,2026-02-16,10,MGH,11.0,False,False,16.6,False
2026-02-16 11:00:00,2026-02-16,11,MGH,34.0,False,False,18.7,False
2026-02-16 12:00:00,2026-02-16,12,MGH,67.0,False,False,21.4,False
2026-02-16 13:00:00,2026-02-16,13,MGH,92.0,False,False,23.1,False
2026-02-16 14:00:00,2026-02-16,14,MGH,112.0,False,False,24.6,False
2026-02-16 15:00:00,2026-02-16,15,MGH,134.0,False,False,25.7,False
2026-02-16 16:00:00,2026-02-16,16,MGH,137.0,False,False,26.4,False
2026-02-16 17:00:00,2026-02-16,17,MGH,114.0,False,False,26.4,False
2026-02-16 18:00:00,2026-02-16,18,MGH,78.0,False,False,26.3,False
2026-02-16 19:00:00,2026-02-16,19,MGH,58.0,False,False,25.0,False
2026-02-16 20:00:00,2026-02-16,20,MGH,50.0,False,False,23.5,False
2026-02-16 21:00:00,2026-02-16,21,MGH,43.0,False,False,22.2,False
2026-02-16 22:00:00,2026-02-16,22,MGH,25.0,False,False,20.8,False
2026-02-16 23:00:00,2026-02-16,23,MGH,25.0,False,False,19.8,False
2026-02-17 00:00:00,2026-02-16,24,MGH,28.0,False,False,18.9,False
2026-02-17 01:00:00,2026-02-17,1,MGH,11.5,True,True,18.2,False
2026-02-17 02:00:00,2026-02-17,2,MGH,5.5,True,True,17.6,False
2026-02-17 03:00:00,2026-02-17,3,MGH,3.0,True,True,16.7,False
2026-02-17 04:00:00,2026-02-17,4,MGH,1.0,False,False,16.0,False
2026-02-17 05:00:00,2026-02-17,5,MGH,0.0,False,False,15.4,False
2026-02-17 06:00:00,2026-02-17,6,MGH,0.0,False,False,14.9,False
2026-02-17 07:00:00,2026-02-17,7,MGH,0.0,False,False,14.6,False
2026-02-17 08:00:00,2026-02-17,8,MGH,0.0,False,False,14.6,False
2026-02-17 09:00:00,2026-02-17,9,MGH,2.0,False,False,16.2,False
2026-02-17 10:00:00,2026-02-17,10,MGH,13.0,False,False,18.2,False
2026-02-17 11:00:00,2026-02-17,11,MGH,37.0,False,False,20.7,False
2026-02-17 12:00:00,2026-02-17,12,MGH,63.0,False,False,22.8,False
2026-02-17 13:00:00,2026-02-17,13,MGH,67.0,False,False,24.3,False
2026-02-17 14:00:00,2026-02-17,14,MGH,79.0,False,False,25.2,False
2026-02-17 15:00:00,2026-02-17,15,MGH,85.0,False,False,26.1,False
2026-02-17 16:00:00,2026-02-17,16,MGH,89.0,False,False,26.7,False
2026-02-17 17:00:00,2026-02-17,17,MGH,99.0,False,False,26.9,False
2026-02-17 18:00:00,2026-02-17,18,MGH,82.0,False,False,26.6,False
2026-02-17 19:00:00,2026-02-17,19,MGH,51.0,False,False,25.3,False
2026-02-17 20:00:00,2026-02-17,20,MGH,34.0,False,False,23.9,False
2026-02-17 21:00:00,2026-02-17,21,MGH,24.0,False,False,22.6,False
2026-02-17 22:00:00,2026-02-17,22,MGH,16.0,False,False,21.3,False
2026-02-17 23:00:00,2026-02-17,23,MGH,12.0,False,False,20.4,False
2026-02-18 00:00:00,2026-02-17,24,MGH,19.0,False,False,19.1,False
2026-02-18 01:00:00,2026-02-18,1,MGH,25.0,False,False,18.5,False
2026-02-18 02:00:00,2026-02-18,2,MGH,5.0,False,False,17.6,False
2026-02-18 03:00:00,2026-02-18,3,MGH,0.0,False,False,16.6,False
2026-02-18 04:00:00,2026-02-18,4,MGH,3.0,False,False,16.3,False
2026-02-18 05:00:00,2026-02-18,5,MGH,0.0,False,False,15.4,False
2026-02-18 06:00:00,2026-02-18,6,MGH,2.0,False,False,14.8,False
2026-02-18 07:00:00,2026-02-18,7,MGH,0.0,False,False,14.5,False
2026-02-18 08:00:00,2026-02-18,8,MGH,0.0,False,False,14.7,False
2026-02-18 09:00:00,2026-02-18,9,MGH,2.0,False,False,16.5,False
2026-02-18 10:00:00,2026-02-18,10,MGH,15.0,False,False,18.6,False
2026-02-18 11:00:00,2026-02-18,11,MGH,40.0,False,False,21.4,False
2026-02-18 12:00:00,2026-02-18,12,MGH,66.0,False,False,23.4,False
2026-02-18 13:00:00,2026-02-18,13,MGH,73.0,False,False,25.1,False
2026-02-18 14:00:00,2026-02-18,14,MGH,72.0,False,False,26.8,False
2026-02-18 15:00:00,2026-02-18,15,MGH,88.0,False,False,27.6,False
2026-02-18 16:00:00,2026-02-18,16,MGH,93.0,False,False,28.3,False
2026-02-18 17:00:00,2026-02-18,17,MGH,93.0,False,False,28.3,False
2026-02-18 18:00:00,2026-02-18,18,MGH,81.0,False,False,28.1,False
2026-02-18 19:00:00,2026-02-18,19,MGH,44.0,False,False,26.7,False
2026-02-18 20:00:00,2026-02-18,20,MGH,29.0,False,False,24.9,False
2026-02-18 21:00:00,2026-02-18,21,MGH,23.0,False,False,23.1,False
2026-02-18 22:00:00,2026-02-18,22,MGH,17.0,False,False,21.7,False
2026-02-18 23:00:00,2026-02-18,23,MGH,6.0,False,False,21.0,False
2026-02-19 00:00:00,2026-02-18,24,MGH,2.0,False,False,19.8,False
2026-02-19 01:00:00,2026-02-19,1,MGH,9.0,False,False,18.5,False
2026-02-19 02:00:00,2026-02-19,2,MGH,5.0,False,False,17.6,False
2026-02-19 03:00:00,2026-02-19,3,MGH,13.0,False,False,17.2,False
2026-02-19 04:00:00,2026-02-19,4,MGH,16.0,False,False,16.5,False
2026-02-19 05:00:00,2026-02-19,5,MGH,2.0,False,False,16.1,False
2026-02-19 06:00:00,2026-02-19,6,MGH,0.0,False,False,15.5,False
2026-02-19 07:00:00,2026-02-19,7,MGH,0.0,False,False,15.1,False
2026-02-19 08:00:00,2026-02-19,8,MGH,0.0,False,False,15.3,False
2026-02-19 09:00:00,2026-02-19,9,MGH,2.0,False,False,17.0,False
2026-02-19 10:00:00,2026-02-19,10,MGH,15.0,False,False,19.5,False
2026-02-19 11:00:00,2026-02-19,11,MGH,36.0,False,False,21.9,False
2026-02-19 12:00:00,2026-02-19,12,MGH,59.0,False,False,24.2,False
2026-02-19 13:00:00,2026-02-19,13,MGH,78.0,False,False,26.1,False
2026-02-19 14:00:00,2026-02-19,14,MGH,79.0,False,False,27.3,False
2026-02-19 15:00:00,2026-02-19,15,MGH,81.0,False,False,27.9,False
2026-02-19 16:00:00,2026-02-19,16,MGH,80.0,False,False,28.6,False
2026-02-19 17:00:00,2026-02-19,17,MGH,75.0,False,False,28.8,False
2026-02-19 18:00:00,2026-02-19,18,MGH,67.0,False,False,28.4,False
2026-02-19 19:00:00,2026-02-19,19,MGH,41.0,False,False,27.1,False
2026-02-19 20:00:00,2026-02-19,20,MGH,28.0,False,False,24.7,False
2026-02-19 21:00:00,2026-02-19,21,MGH,8.0,False,False,23.1,False
2026-02-19 22:00:00,2026-02-19,22,MGH,1.0,False,False,21.9,False
2026-02-19 23:00:00,2026-02-19,23,MGH,10.0,False,False,21.0,False
2026-02-20 00:00:00,2026-02-19,24,MGH,16.0,False,False,20.0,False
2026-02-20 01:00:00,2026-02-20,1,MGH,13.0,False,False,19.6,False
2026-02-20 02:00:00,2026-02-20,2,MGH,1.0,False,False,18.5,False
2026-02-20 03:00:00,2026-02-20,3,MGH,0.0,False,False,17.5,False
2026-02-20 04:00:00,2026-02-20,4,MGH,0.0,False,False,16.7,False
2026-02-20 05:00:00,2026-02-20,5,MGH,1.0,False,False,16.2,False
2026-02-20 06:00:00,2026-02-20,6,MGH,1.0,False,False,15.5,False
2026-02-20 07:00:00,2026-02-20,7,MGH,0.0,False,False,15.1,False
2026-02-20 08:00:00,2026-02-20,8,MGH,0.0,False,False,15.3,False
2026-02-20 09:00:00,2026-02-20,9,MGH,3.0,False,False,16.7,False
2026-02-20 10:00:00,2026-02-20,10,MGH,14.0,False,False,19.1,False
2026-02-20 11:00:00,2026-02-20,11,MGH,43.0,False,False,21.7,False
2026-02-20 12:00:00,2026-02-20,12,MGH,65.0,False,False,23.8,False
2026-02-20 13:00:00,2026-02-20,13,MGH,70.0,False,False,25.6,False
2026-02-20 14:00:00,2026-02-20,14,MGH,81.0,False,False,26.7,False
2026-02-20 15:00:00,2026-02-20,15,MGH,72.0,False,False,27.5,False
2026-02-20 16:00:00,2026-02-20,16,MGH,73.0,False,False,28.1,False
2026-02-20 17:00:00,2026-02-20,17,MGH,81.0,False,False,28.0,False
2026-02-20 18:00:00,2026-02-20,18,MGH,72.0,False,False,27.8,False
2026-02-20 19:00:00,2026-02-20,19,MGH,59.0,False,False,26.5,False
2026-02-20 20:00:00,2026-02-20,20,MGH,28.0,False,False,25.1,False
2026-02-20 21:00:00,2026-02-20,21,MGH,14.0,False,False,23.5,False
2026-02-20 22:00:00,2026-02-20,22,MGH,5.0,False,False,21.8,False
2026-02-20 23:00:00,2026-02-20,23,MGH,10.0,False,False,20.5,False
2026-02-21 00:00:00,2026-02-20,24,MGH,10.0,False,False,19.6,False
2026-02-21 01:00:00,2026-02-21,1,MGH,2.0,False,False,18.4,False
2026-02-21 02:00:00,2026-02-21,2,MGH,2.0,False,False,17.3,False
2026-02-21 03:00:00,2026-02-21,3,MGH,3.0,False,False,17.2,False
2026-02-21 04:00:00,2026-02-21,4,MGH,1.0,False,False,16.5,False
2026-02-21 05:00:00,2026-02-21,5,MGH,0.0,False,False,15.7,False
2026-02-21 06:00:00,2026-02-21,6,MGH,0.0,False,False,15.2,False
2026-02-21 07:00:00,2026-02-21,7,MGH,0.0,False,False,15.0,False
2026-02-21 08:00:00,2026-02-21,8,MGH,1.0,False,False,15.1,False
2026-02-21 09:00:00,2026-02-21,9,MGH,3.0,False,False,16.4,False
2026-02-21 10:00:00,2026-02-21,10,MGH,14.0,False,False,18.4,False
2026-02-21 11:00:00,2026-02-21,11,MGH,43.0,False,False,20.8,False
2026-02-21 12:00:00,2026-02-21,12,MGH,55.0,False,False,22.9,False
2026-02-21 13:00:00,2026-02-21,13,MGH,64.0,False,False,24.4,False
2026-02-21 14:00:00,2026-02-21,14,MGH,62.0,False,False,25.8,False
2026-02-21 15:00:00,2026-02-21,15,MGH,73.0,False,False,26.7,False
2026-02-21 16:00:00,2026-02-21,16,MGH,80.0,False,False,27.4,False
2026-02-21 17:00:00,2026-02-21,17,MGH,60.0,False,False,27.7,False
2026-02-21 18:00:00,2026-02-21,18,MGH,44.0,False,False,26.8,False
2026-02-21 19:00:00,2026-02-21,19,MGH,35.0,False,False,24.8,False
2026-02-21 20:00:00,2026-02-21,20,MGH,29.0,False,False,22.6,False
2026-02-21 21:00:00,2026-02-21,21,MGH,27.0,False,False,20.8,False
2026-02-21 22:00:00,2026-02-21,22,MGH,26.0,False,False,19.2,False
2026-02-21 23:00:00,2026-02-21,23,MGH,34.0,False,False,17.3,False
2026-02-22 00:00:00,2026-02-21,24,MGH,35.0,False,False,16.0,False
2026-02-22 01:00:00,2026-02-22,1,MGH,32.0,False,False,14.9,False
2026-02-22 02:00:00,2026-02-22,2,MGH,36.0,False,False,14.1,False
2026-02-22 03:00:00,2026-02-22,3,MGH,33.0,False,False,13.8,False
2026-02-22 04:00:00,2026-02-22,4,MGH,35.0,False,False,13.8,False
2026-02-22 05:00:00,2026-02-22,5,MGH,34.0,False,False,14.0,False
2026-02-22 06:00:00,2026-02-22,6,MGH,29.0,False,False,14.1,False
2026-02-22 07:00:00,2026-02-22,7,MGH,27.0,False,False,14.1,False
2026-02-22 08:00:00,2026-02-22,8,MGH,27.0,False,False,14.0,False
2026-02-22 09:00:00,2026-02-22,9,MGH,26.0,False,False,14.1,False
2026-02-22 10:00:00,2026-02-22,10,MGH,25.0,False,False,14.3,False
2026-02-22 11:00:00,2026-02-22,11,MGH,22.0,False,False,14.0,False
2026-02-22 12:00:00,2026-02-22,12,MGH,20.0,False,False,12.7,False
2026-02-22 13:00:00,2026-02-22,13,MGH,29.0,False,False,13.0,False
2026-02-22 14:00:00,2026-02-22,14,MGH,33.0,False,False,13.4,False
2026-02-22 15:00:00,2026-02-22,15,MGH,34.0,False,False,13.4,False
2026-02-22 16:00:00,2026-02-22,16,MGH,31.0,False,False,13.4,False
2026-02-22 17:00:00,2026-02-22,17,MGH,31.0,False,False,13.6,False
2026-02-22 18:00:00,2026-02-22,18,MGH,28.0,False,False,13.1,False
2026-02-22 19:00:00,2026-02-22,19,MGH,23.0,False,False,12.4,False
2026-02-22 20:00:00,2026-02-22,20,MGH,22.0,False,False,12.0,False
2026-02-22 21:00:00,2026-02-22,21,MGH,22.0,False,False,11.2,False
2026-02-22 22:00:00,2026-02-22,22,MGH,26.0,False,False,9.3,False
2026-02-22 23:00:00,2026-02-22,23,MGH,30.0,False,False,8.1,False
2026-02-23 00:00:00,2026-02-22,24,MGH,34.0,False,False,7.8,False
2026-02-23 01:00:00,2026-02-23,1,MGH,11.5,True,True,7.4,False
2026-02-23 02:00:00,2026-02-23,2,MGH,5.5,True,True,6.9,False
2026-02-23 03:00:00,2026-02-23,3,MGH,3.0,True,True,6.5,False
2026-02-23 04:00:00,2026-02-23,4,MGH,39.0,False,False,5.9,False
2026-02-23 05:00:00,2026-02-23,5,MGH,37.0,False,False,5.5,False
2026-02-23 06:00:00,2026-02-23,6,MGH,34.0,False,False,5.3,False
2026-02-23 07:00:00,2026-02-23,7,MGH,26.0,False,False,5.5,False
2026-02-23 08:00:00,2026-02-23,8,MGH,12.0,False,False,5.8,False
2026-02-23 09:00:00,2026-02-23,9,MGH,21.0,False,False,7.0,False
2026-02-23 10:00:00,2026-02-23,10,MGH,23.0,False,False,9.3,False
2026-02-23 11:00:00,2026-02-23,11,MGH,30.0,False,False,11.0,False
2026-02-23 12:00:00,2026-02-23,12,MGH,40.0,False,False,13.2,False
2026-02-23 13:00:00,2026-02-23,13,MGH,47.0,False,False,15.0,False
2026-02-23 14:00:00,2026-02-23,14,MGH,59.0,False,False,16.9,False
2026-02-23 15:00:00,2026-02-23,15,MGH,72.0,False,False,18.5,False
2026-02-23 16:00:00,2026-02-23,16,MGH,75.0,False,False,19.9,False
2026-02-23 17:00:00,2026-02-23,17,MGH,65.0,False,False,20.1,False
2026-02-23 18:00:00,2026-02-23,18,MGH,50.0,False,False,19.2,False
2026-02-23 19:00:00,2026-02-23,19,MGH,38.0,False,False,17.1,False
2026-02-23 20:00:00,2026-02-23,20,MGH,31.0,False,False,14.8,False
2026-02-23 21:00:00,2026-02-23,21,MGH,27.0,False,False,12.8,False
2026-02-23 22:00:00,2026-02-23,22,MGH,22.0,False,False,11.4,False
2026-02-23 23:00:00,2026-02-23,23,MGH,15.0,False,False,10.1,False
2026-02-24 00:00:00,2026-02-23,24,MGH,16.0,False,False,9.0,False
2026-02-24 01:00:00,2026-02-24,1,MGH,14.0,False,False,8.0,False
2026-02-24 02:00:00,2026-02-24,2,MGH,8.0,False,False,7.3,False
2026-02-24 03:00:00,2026-02-24,3,MGH,9.0,False,False,6.9,False
2026-02-24 04:00:00,2026-02-24,4,MGH,10.0,False,False,6.5,False
2026-02-24 05:00:00,2026-02-24,5,MGH,4.0,False,False,6.1,False
2026-02-24 06:00:00,2026-02-24,6,MGH,1.0,False,False,5.9,False
2026-02-24 07:00:00,2026-02-24,7,MGH,0.0,False,False,6.1,False
2026-02-24 08:00:00,2026-02-24,8,MGH,1.0,False,False,6.3,False
2026-02-24 09:00:00,2026-02-24,9,MGH,4.0,False,False,7.6,False
2026-02-24 10:00:00,2026-02-24,10,MGH,11.0,False,False,10.1,False
2026-02-24 11:00:00,2026-02-24,11,MGH,20.0,False,False,13.6,False
2026-02-24 12:00:00,2026-02-24,12,MGH,39.0,False,False,16.5,False
2026-02-24 13:00:00,2026-02-24,13,MGH,44.0,False,False,18.6,False
2026-02-24 14:00:00,2026-02-24,14,MGH,46.0,False,False,19.9,False
2026-02-24 15:00:00,2026-02-24,15,MGH,54.0,False,False,20.8,False
2026-02-24 16:00:00,2026-02-24,16,MGH,74.0,False,False,21.5,False
2026-02-24 17:00:00,2026-02-24,17,MGH,57.0,False,False,21.6,False
2026-02-24 18:00:00,2026-02-24,18,MGH,45.0,False,False,21.2,False
2026-02-24 19:00:00,2026-02-24,19,MGH,34.0,False,False,20.1,False
2026-02-24 20:00:00,2026-02-24,20,MGH,15.0,False,False,18.9,False
2026-02-24 21:00:00,2026-02-24,21,MGH,10.0,False,False,17.6,False
2026-02-24 22:00:00,2026-02-24,22,MGH,3.0,False,False,16.6,False
2026-02-24 23:00:00,2026-02-24,23,MGH,3.0,False,False,15.6,False
2026-02-25 00:00:00,2026-02-24,24,MGH,3.0,False,False,14.7,False
2026-02-25 01:00:00,2026-02-25,1,MGH,0.0,False,False,13.9,False
2026-02-25 02:00:00,2026-02-25,2,MGH,0.0,False,False,13.2,False
2026-02-25 03:00:00,2026-02-25,3,MGH,0.0,False,False,12.5,False
2026-02-25 04:00:00,2026-02-25,4,MGH,1.0,False,False,12.0,False
2026-02-25 05:00:00,2026-02-25,5,MGH,0.0,False,False,11.6,False
2026-02-25 06:00:00,2026-02-25,6,MGH,1.0,False,False,11.1,False
2026-02-25 07:00:00,2026-02-25,7,MGH,0.0,False,False,10.8,False
2026-02-25 08:00:00,2026-02-25,8,MGH,1.0,False,False,10.7,False
2026-02-25 09:00:00,2026-02-25,9,MGH,2.0,False,False,12.8,False
2026-02-25 10:00:00,2026-02-25,10,MGH,9.0,False,False,15.8,False
2026-02-25 11:00:00,2026-02-25,11,MGH,24.0,False,False,18.5,False
2026-02-25 12:00:00,2026-02-25,12,MGH,45.0,False,False,20.4,False
2026-02-25 13:00:00,2026-02-25,13,MGH,49.8,True,False,22.2,False
2026-02-25 14:00:00,2026-02-25,14,MGH,54.6,True,False,22.4,False
2026-02-25 15:00:00,2026-02-25,15,MGH,59.4,True,False,23.1,False
2026-02-25 16:00:00,2026-02-25,16,MGH,64.2,True,False,23.6,False
2026-02-25 17:00:00,2026-02-25,17,MGH,69.0,False,False,23.9,False
2026-02-25 18:00:00,2026-02-25,18,MGH,65.0,False,False,23.4,False
2026-02-25 19:00:00,2026-02-25,19,MGH,38.0,False,False,22.3,False
2026-02-25 20:00:00,2026-02-25,20,MGH,19.0,False,False,21.0,False
2026-02-25 21:00:00,2026-02-25,21,MGH,10.0,False,False,19.6,False
2026-02-25 22:00:00,2026-02-25,22,MGH,5.0,False,False,18.7,False
2026-02-25 23:00:00,2026-02-25,23,MGH,5.0,False,False,17.6,False
2026-02-26 00:00:00,2026-02-25,24,MGH,13.0,False,False,16.6,False
2026-02-26 01:00:00,2026-02-26,1,MGH,12.0,False,False,16.2,False
2026-02-26 02:00:00,2026-02-26,2,MGH,3.0,False,False,15.3,False
2026-02-26 03:00:00,2026-02-26,3,MGH,6.0,False,False,14.5,False
2026-02-26 04:00:00,2026-02-26,4,MGH,3.0,False,False,13.9,False
2026-02-26 05:00:00,2026-02-26,5,MGH,1.0,False,False,13.3,False
2026-02-26 06:00:00,2026-02-26,6,MGH,1.0,False,False,12.9,False
2026-02-26 07:00:00,2026-02-26,7,MGH,1.0,False,False,12.5,False
2026-02-26 08:00:00,2026-02-26,8,MGH,1.0,False,False,12.8,False
2026-02-26 09:00:00,2026-02-26,9,MGH,3.0,False,False,14.7,False
2026-02-26 10:00:00,2026-02-26,10,MGH,16.0,False,False,17.0,False
2026-02-26 11:00:00,2026-02-26,11,MGH,40.0,False,False,19.3,False
2026-02-26 12:00:00,2026-02-26,12,MGH,65.0,False,False,21.1,False
2026-02-26 13:00:00,2026-02-26,13,MGH,73.0,False,False,23.0,False
2026-02-26 14:00:00,2026-02-26,14,MGH,66.0,False,False,24.1,False
2026-02-26 15:00:00,2026-02-26,15,MGH,78.0,False,False,24.8,False
2026-02-26 16:00:00,2026-02-26,16,MGH,83.0,False,False,25.5,False
2026-02-26 17:00:00,2026-02-26,17,MGH,71.0,False,False,25.9,False
2026-02-26 18:00:00,2026-02-26,18,MGH,66.0,False,False,25.6,False
2026-02-26 19:00:00,2026-02-26,19,MGH,39.0,False,False,24.6,False
2026-02-26 20:00:00,2026-02-26,20,MGH,23.0,False,False,23.1,False
2026-02-26 21:00:00,2026-02-26,21,MGH,36.0,False,False,21.0,False
2026-02-26 22:00:00,2026-02-26,22,MGH,27.0,False,False,19.5,False
2026-02-26 23:00:00,2026-02-26,23,MGH,9.0,False,False,19.0,False
2026-02-27 00:00:00,2026-02-26,24,MGH,3.0,False,False,18.2,False
2026-02-27 01:00:00,2026-02-27,1,MGH,10.0,False,False,17.7,False
2026-02-27 02:00:00,2026-02-27,2,MGH,18.0,False,False,17.0,False
2026-02-27 03:00:00,2026-02-27,3,MGH,1.0,False,False,16.3,False
2026-02-27 04:00:00,2026-02-27,4,MGH,1.0,False,False,15.6,False
2026-02-27 05:00:00,2026-02-27,5,MGH,1.0,False,False,15.2,False
2026-02-27 06:00:00,2026-02-27,6,MGH,1.0,False,False,14.8,False
2026-02-27 07:00:00,2026-02-27,7,MGH,1.0,False,False,14.3,False
2026-02-27 08:00:00,2026-02-27,8,MGH,1.0,False,False,14.4,False
2026-02-27 09:00:00,2026-02-27,9,MGH,3.0,False,False,16.3,False
2026-02-27 10:00:00,2026-02-27,10,MGH,16.0,False,False,18.4,False
2026-02-27 11:00:00,2026-02-27,11,MGH,44.0,False,False,20.1,False
2026-02-27 12:00:00,2026-02-27,12,MGH,58.0,False,False,21.6,False
2026-02-27 13:00:00,2026-02-27,13,MGH,64.0,False,False,23.3,False
2026-02-27 14:00:00,2026-02-27,14,MGH,67.0,False,False,24.1,False
2026-02-27 15:00:00,2026-02-27,15,MGH,65.0,False,False,25.1,False
2026-02-27 16:00:00,2026-02-27,16,MGH,57.0,False,False,25.6,False
2026-02-27 17:00:00,2026-02-27,17,MGH,53.0,False,False,25.9,False
2026-02-27 18:00:00,2026-02-27,18,MGH,44.0,False,False,25.1,False
2026-02-27 19:00:00,2026-02-27,19,MGH,33.0,False,False,23.5,False
2026-02-27 20:00:00,2026-02-27,20,MGH,25.0,False,False,21.7,False
2026-02-27 21:00:00,2026-02-27,21,MGH,19.0,False,False,20.2,False
2026-02-27 22:00:00,2026-02-27,22,MGH,12.0,False,False,19.2,False
2026-02-27 23:00:00,2026-02-27,23,MGH,14.0,False,False,17.7,False
2026-02-28 00:00:00,2026-02-27,24,MGH,18.0,False,False,16.8,False
2026-02-28 01:00:00,2026-02-28,1,MGH,22.0,False,False,16.0,False
2026-02-28 02:00:00,2026-02-28,2,MGH,18.0,False,False,15.4,False
2026-02-28 03:00:00,2026-02-28,3,MGH,15.0,False,False,14.8,False
2026-02-28 04:00:00,2026-02-28,4,MGH,14.0,False,False,14.1,False
2026-02-28 05:00:00,2026-02-28,5,MGH,19.0,False,False,13.8,False
2026-02-28 06:00:00,2026-02-28,6,MGH,16.0,False,False,13.4,False
2026-02-28 07:00:00,2026-02-28,7,MGH,3.0,False,False,13.3,False
2026-02-28 08:00:00,2026-02-28,8,MGH,3.0,False,False,13.5,False
2026-02-28 09:00:00,2026-02-28,9,MGH,5.0,False,False,15.1,False
2026-02-28 10:00:00,2026-02-28,10,MGH,15.0,False,False,17.4,False
2026-02-28 11:00:00,2026-02-28,11,MGH,30.0,False,False,20.2,False
2026-02-28 12:00:00,2026-02-28,12,MGH,48.0,False,False,22.9,False
2026-02-28 13:00:00,2026-02-28,13,MGH,60.0,False,False,23.6,False
2026-02-28 14:00:00,2026-02-28,14,MGH,76.0,False,False,24.5,False
2026-02-28 15:00:00,2026-02-28,15,MGH,65.0,False,False,25.2,False
2026-02-28 16:00:00,2026-02-28,16,MGH,72.0,False,False,25.4,False
2026-02-28 17:00:00,2026-02-28,17,MGH,71.0,False,False,25.8,False
2026-02-28 18:00:00,2026-02-28,18,MGH,54.0,False,False,25.3,False
2026-02-28 19:00:00,2026-02-28,19,MGH,41.0,False,False,24.5,False
2026-02-28 20:00:00,2026-02-28,20,MGH,32.0,False,False,22.7,False
2026-02-28 21:00:00,2026-02-28,21,MGH,30.0,False,False,21.1,False
2026-02-28 22:00:00,2026-02-28,22,MGH,21.0,False,False,19.8,False
2026-02-28 23:00:00,2026-02-28,23,MGH,11.0,False,False,19.0,False
2026-03-01 00:00:00,2026-02-28,24,MGH,16.0,False,False,17.9,False
2026-01-01 01:00:00,2026-01-01,1,PED,4.0,False,False,13.1,False
2026-01-01 02:00:00,2026-01-01,2,PED,12.0,False,False,12.1,False
2026-01-01 03:00:00,2026-01-01,3,PED,15.0,False,False,11.5,False
2026-01-01 04:00:00,2026-01-01,4,PED,18.0,False,False,11.0,False
2026-01-01 05:00:00,2026-01-01,5,PED,20.0,False,False,10.6,False
2026-01-01 06:00:00,2026-01-01,6,PED,13.0,False,False,9.8,False
2026-01-01 07:00:00,2026-01-01,7,PED,3.0,False,False,9.1,False
2026-01-01 08:00:00,2026-01-01,8,PED,4.0,False,False,8.9,False
2026-01-01 09:00:00,2026-01-01,9,PED,10.0,False,False,10.6,False
2026-01-01 10:00:00,2026-01-01,10,PED,30.0,False,False,12.5,False
2026-01-01 11:00:00,2026-01-01,11,PED,58.0,False,False,14.9,False
2026-01-01 12:00:00,2026-01-01,12,PED,74.0,False,False,17.0,False
2026-01-01 13:00:00,2026-01-01,13,PED,79.0,False,False,18.3,False
2026-01-01 14:00:00,2026-01-01,14,PED,85.0,False,False,19.5,False
2026-01-01 15:00:00,2026-01-01,15,PED,85.0,False,False,20.0,False
2026-01-01 16:00:00,2026-01-01,16,PED,83.0,False,False,20.4,False
2026-01-01 17:00:00,2026-01-01,17,PED,79.0,False,False,20.4,False
2026-01-01 18:00:00,2026-01-01,18,PED,70.0,False,False,19.8,False
2026-01-01 19:00:00,2026-01-01,19,PED,50.0,False,False,17.6,False
2026-01-01 20:00:00,2026-01-01,20,PED,33.0,False,False,15.7,False
2026-01-01 21:00:00,2026-01-01,21,PED,26.0,False,False,14.7,False
2026-01-01 22:00:00,2026-01-01,22,PED,19.0,False,False,13.6,False
2026-01-01 23:00:00,2026-01-01,23,PED,19.0,False,False,12.9,False
2026-01-02 00:00:00,2026-01-01,24,PED,26.0,False,False,12.2,False
2026-01-02 01:00:00,2026-01-02,1,PED,30.0,False,False,11.8,False
2026-01-02 02:00:00,2026-01-02,2,PED,30.0,False,False,11.2,False
2026-01-02 03:00:00,2026-01-02,3,PED,30.0,False,False,10.7,False
2026-01-02 04:00:00,2026-01-02,4,PED,15.0,False,False,9.8,False
2026-01-02 05:00:00,2026-01-02,5,PED,29.0,False,False,9.9,False
2026-01-02 06:00:00,2026-01-02,6,PED,26.0,False,False,9.4,False
2026-01-02 07:00:00,2026-01-02,7,PED,8.0,False,False,8.2,False
2026-01-02 08:00:00,2026-01-02,8,PED,1.0,False,False,8.0,False
2026-01-02 09:00:00,2026-01-02,9,PED,4.0,False,False,9.9,False
2026-01-02 10:00:00,2026-01-02,10,PED,19.0,False,False,12.3,False
2026-01-02 11:00:00,2026-01-02,11,PED,34.0,False,False,15.2,False
2026-01-02 12:00:00,2026-01-02,12,PED,52.0,False,False,17.5,False
2026-01-02 13:00:00,2026-01-02,13,PED,58.0,False,False,19.0,False
2026-01-02 14:00:00,2026-01-02,14,PED,73.0,False,False,19.8,False
2026-01-02 15:00:00,2026-01-02,15,PED,84.0,False,False,20.6,False
2026-01-02 16:00:00,2026-01-02,16,PED,94.0,False,False,21.1,False
2026-01-02 17:00:00,2026-01-02,17,PED,99.0,False,False,21.3,False
2026-01-02 18:00:00,2026-01-02,18,PED,91.0,False,False,20.5,False
2026-01-02 19:00:00,2026-01-02,19,PED,61.0,False,False,17.5,False
2026-01-02 20:00:00,2026-01-02,20,PED,61.0,False,False,16.1,False
2026-01-02 21:00:00,2026-01-02,21,PED,48.0,False,False,15.1,False
2026-01-02 22:00:00,2026-01-02,22,PED,39.0,False,False,14.3,False
2026-01-02 23:00:00,2026-01-02,23,PED,27.0,False,False,13.4,False
2026-01-03 00:00:00,2026-01-02,24,PED,34.0,False,False,13.0,False
2026-01-03 01:00:00,2026-01-03,1,PED,30.0,False,False,12.2,False
2026-01-03 02:00:00,2026-01-03,2,PED,25.0,False,False,11.6,False
2026-01-03 03:00:00,2026-01-03,3,PED,32.0,False,False,11.4,False
2026-01-03 04:00:00,2026-01-03,4,PED,34.0,False,False,11.1,False
2026-01-03 05:00:00,2026-01-03,5,PED,22.0,False,False,9.9,False
2026-01-03 06:00:00,2026-01-03,6,PED,13.0,False,False,9.1,False
2026-01-03 07:00:00,2026-01-03,7,PED,5.0,False,False,8.9,False
2026-01-03 08:00:00,2026-01-03,8,PED,2.0,False,False,8.8,False
2026-01-03 09:00:00,2026-01-03,9,PED,8.0,False,False,10.9,False
2026-01-03 10:00:00,2026-01-03,10,PED,17.0,False,False,13.6,False
2026-01-03 11:00:00,2026-01-03,11,PED,35.0,False,False,16.1,False
2026-01-03 12:00:00,2026-01-03,12,PED,57.0,False,False,18.0,False
2026-01-03 13:00:00,2026-01-03,13,PED,70.0,False,False,19.7,False
2026-01-03 14:00:00,2026-01-03,14,PED,73.0,False,False,20.7,False
2026-01-03 15:00:00,2026-01-03,15,PED,84.0,False,False,21.4,False
2026-01-03 16:00:00,2026-01-03,16,PED,94.0,False,False,21.8,False
2026-01-03 17:00:00,2026-01-03,17,PED,97.0,False,False,21.9,False
2026-01-03 18:00:00,2026-01-03,18,PED,79.0,False,False,21.1,False
2026-01-03 19:00:00,2026-01-03,19,PED,49.0,False,False,18.6,False
2026-01-03 20:00:00,2026-01-03,20,PED,37.0,False,False,17.9,False
2026-01-03 21:00:00,2026-01-03,21,PED,25.0,False,False,17.2,False
2026-01-03 22:00:00,2026-01-03,22,PED,14.0,False,False,15.6,False
2026-01-03 23:00:00,2026-01-03,23,PED,13.0,False,False,13.9,False
2026-01-04 00:00:00,2026-01-03,24,PED,16.0,False,False,13.3,False
2026-01-04 01:00:00,2026-01-04,1,PED,20.0,False,False,12.8,False
2026-01-04 02:00:00,2026-01-04,2,PED,17.0,False,False,11.7,False
2026-01-04 03:00:00,2026-01-04,3,PED,17.0,False,False,11.1,False
2026-01-04 04:00:00,2026-01-04,4,PED,22.0,False,False,10.6,False
2026-01-04 05:00:00,2026-01-04,5,PED,26.0,False,False,10.8,False
2026-01-04 06:00:00,2026-01-04,6,PED,12.0,False,False,9.9,False
2026-01-04 07:00:00,2026-01-04,7,PED,3.0,False,False,9.2,False
2026-01-04 08:00:00,2026-01-04,8,PED,3.0,False,False,8.8,False
2026-01-04 09:00:00,2026-01-04,9,PED,10.0,False,False,10.7,False
2026-01-04 10:00:00,2026-01-04,10,PED,25.0,False,False,12.8,False
2026-01-04 11:00:00,2026-01-04,11,PED,42.0,False,False,14.8,False
2026-01-04 12:00:00,2026-01-04,12,PED,56.0,False,False,17.1,False
2026-01-04 13:00:00,2026-01-04,13,PED,63.0,False,False,19.2,False
2026-01-04 14:00:00,2026-01-04,14,PED,76.0,False,False,20.2,False
2026-01-04 15:00:00,2026-01-04,15,PED,88.0,False,False,21.2,False
2026-01-04 16:00:00,2026-01-04,16,PED,90.0,False,False,21.8,False
2026-01-04 17:00:00,2026-01-04,17,PED,93.0,False,False,21.6,False
2026-01-04 18:00:00,2026-01-04,18,PED,93.0,False,False,21.1,False
2026-01-04 19:00:00,2026-01-04,19,PED,65.0,False,False,18.5,False
2026-01-04 20:00:00,2026-01-04,20,PED,60.0,False,False,16.6,False
2026-01-04 21:00:00,2026-01-04,21,PED,50.0,False,False,15.5,False
2026-01-04 22:00:00,2026-01-04,22,PED,35.0,False,False,14.4,False
2026-01-04 23:00:00,2026-01-04,23,PED,42.0,False,False,13.9,False
2026-01-05 00:00:00,2026-01-04,24,PED,43.0,False,False,13.5,False
2026-01-05 01:00:00,2026-01-05,1,PED,40.0,False,False,13.0,False
2026-01-05 02:00:00,2026-01-05,2,PED,33.0,False,False,12.3,False
2026-01-05 03:00:00,2026-01-05,3,PED,37.0,False,False,11.5,False
2026-01-05 04:00:00,2026-01-05,4,PED,33.0,False,False,10.9,False
2026-01-05 05:00:00,2026-01-05,5,PED,36.0,False,False,10.7,False
2026-01-05 06:00:00,2026-01-05,6,PED,35.0,False,False,10.5,False
2026-01-05 07:00:00,2026-01-05,7,PED,8.0,False,False,9.3,False
2026-01-05 08:00:00,2026-01-05,8,PED,1.0,False,False,8.9,False
2026-01-05 09:00:00,2026-01-05,9,PED,3.0,False,False,10.7,False
2026-01-05 10:00:00,2026-01-05,10,PED,18.0,False,False,13.4,False
2026-01-05 11:00:00,2026-01-05,11,PED,38.0,False,False,15.9,False
2026-01-05 12:00:00,2026-01-05,12,PED,58.0,False,False,18.4,False
2026-01-05 13:00:00,2026-01-05,13,PED,75.0,False,False,20.0,False
2026-01-05 14:00:00,2026-01-05,14,PED,91.0,False,False,20.8,False
2026-01-05 15:00:00,2026-01-05,15,PED,105.0,False,False,21.5,False
2026-01-05 16:00:00,2026-01-05,16,PED,114.0,False,False,22.0,False
2026-01-05 17:00:00,2026-01-05,17,PED,119.0,False,False,22.3,False
2026-01-05 18:00:00,2026-01-05,18,PED,107.0,False,False,21.2,False
2026-01-05 19:00:00,2026-01-05,19,PED,70.0,False,False,18.3,False
2026-01-05 20:00:00,2026-01-05,20,PED,74.0,False,False,17.0,False
2026-01-05 21:00:00,2026-01-05,21,PED,67.0,False,False,16.0,False
2026-01-05 22:00:00,2026-01-05,22,PED,50.0,False,False,15.3,False
2026-01-05 23:00:00,2026-01-05,23,PED,42.0,False,False,14.5,False
2026-01-06 00:00:00,2026-01-05,24,PED,39.0,False,False,14.0,False
2026-01-06 01:00:00,2026-01-06,1,PED,20.0,True,True,13.5,False
2026-01-06 02:00:00,2026-01-06,2,PED,22.0,True,True,12.5,False
2026-01-06 03:00:00,2026-01-06,3,PED,23.5,True,True,11.8,False
2026-01-06 04:00:00,2026-01-06,4,PED,40.0,False,False,11.8,False
2026-01-06 05:00:00,2026-01-06,5,PED,26.0,False,False,10.9,False
2026-01-06 06:00:00,2026-01-06,6,PED,6.0,False,False,9.8,False
2026-01-06 07:00:00,2026-01-06,7,PED,7.0,False,False,9.8,False
2026-01-06 08:00:00,2026-01-06,8,PED,1.0,False,False,9.7,False
2026-01-06 09:00:00,2026-01-06,9,PED,4.0,False,False,11.5,False
2026-01-06 10:00:00,2026-01-06,10,PED,11.0,False,False,14.3,False
2026-01-06 11:00:00,2026-01-06,11,PED,33.0,False,False,17.0,False
2026-01-06 12:00:00,2026-01-06,12,PED,69.0,False,False,19.2,False
2026-01-06 13:00:00,2026-01-06,13,PED,84.0,False,False,20.2,False
2026-01-06 14:00:00,2026-01-06,14,PED,100.0,False,False,20.8,False
2026-01-06 15:00:00,2026-01-06,15,PED,108.0,False,False,21.9,False
2026-01-06 16:00:00,2026-01-06,16,PED,108.0,False,False,22.7,False
2026-01-06 17:00:00,2026-01-06,17,PED,108.0,False,False,22.6,False
2026-01-06 18:00:00,2026-01-06,18,PED,99.0,False,False,22.2,False
2026-01-06 19:00:00,2026-01-06,19,PED,62.0,False,False,19.1,False
2026-01-06 20:00:00,2026-01-06,20,PED,51.0,False,False,17.4,False
2026-01-06 21:00:00,2026-01-06,21,PED,24.0,False,False,16.4,False
2026-01-06 22:00:00,2026-01-06,22,PED,16.0,False,False,15.0,False
2026-01-06 23:00:00,2026-01-06,23,PED,24.0,False,False,14.4,False
2026-01-07 00:00:00,2026-01-06,24,PED,31.0,False,False,13.7,False
2026-01-07 01:00:00,2026-01-07,1,PED,35.0,False,False,12.9,False
2026-01-07 02:00:00,2026-01-07,2,PED,39.0,False,False,12.5,False
2026-01-07 03:00:00,2026-01-07,3,PED,40.0,False,False,11.9,False
2026-01-07 04:00:00,2026-01-07,4,PED,38.0,False,False,11.2,False
2026-01-07 05:00:00,2026-01-07,5,PED,32.0,False,False,10.6,False
2026-01-07 06:00:00,2026-01-07,6,PED,34.0,False,False,10.1,False
2026-01-07 07:00:00,2026-01-07,7,PED,16.0,False,False,9.4,False
2026-01-07 08:00:00,2026-01-07,8,PED,2.0,False,False,8.9,False
2026-01-07 09:00:00,2026-01-07,9,PED,5.0,False,False,11.2,False
2026-01-07 10:00:00,2026-01-07,10,PED,13.0,False,False,13.4,False
2026-01-07 11:00:00,2026-01-07,11,PED,31.0,False,False,15.7,False
2026-01-07 12:00:00,2026-01-07,12,PED,56.0,False,False,18.3,False
2026-01-07 13:00:00,2026-01-07,13,PED,79.0,False,False,20.5,False
2026-01-07 14:00:00,2026-01-07,14,PED,100.0,False,False,21.8,False
2026-01-07 15:00:00,2026-01-07,15,PED,117.0,False,False,23.0,False
2026-01-07 16:00:00,2026-01-07,16,PED,132.0,False,False,23.3,False
2026-01-07 17:00:00,2026-01-07,17,PED,137.0,False,False,23.6,False
2026-01-07 18:00:00,2026-01-07,18,PED,81.0,False,False,22.8,False
2026-01-07 19:00:00,2026-01-07,19,PED,57.0,False,False,20.0,False
2026-01-07 20:00:00,2026-01-07,20,PED,39.0,False,False,18.0,False
2026-01-07 21:00:00,2026-01-07,21,PED,41.0,False,False,16.5,False
2026-01-07 22:00:00,2026-01-07,22,PED,43.0,False,False,15.7,False
2026-01-07 23:00:00,2026-01-07,23,PED,33.0,False,False,14.8,False
2026-01-08 00:00:00,2026-01-07,24,PED,34.0,False,False,13.9,False
2026-01-08 01:00:00,2026-01-08,1,PED,37.0,False,False,13.5,False
2026-01-08 02:00:00,2026-01-08,2,PED,44.0,False,False,13.0,False
2026-01-08 03:00:00,2026-01-08,3,PED,38.0,False,False,12.0,False
2026-01-08 04:00:00,2026-01-08,4,PED,23.0,False,False,10.8,False
2026-01-08 05:00:00,2026-01-08,5,PED,23.0,False,False,10.5,False
2026-01-08 06:00:00,2026-01-08,6,PED,13.0,False,False,9.8,False
2026-01-08 07:00:00,2026-01-08,7,PED,12.0,False,False,9.6,False
2026-01-08 08:00:00,2026-01-08,8,PED,1.0,False,False,9.0,False
2026-01-08 09:00:00,2026-01-08,9,PED,3.0,False,False,10.7,False
2026-01-08 10:00:00,2026-01-08,10,PED,12.0,False,False,13.5,False
2026-01-08 11:00:00,2026-01-08,11,PED,37.0,False,False,16.2,False
2026-01-08 12:00:00,2026-01-08,12,PED,70.0,False,False,18.5,False
2026-01-08 13:00:00,2026-01-08,13,PED,103.0,False,False,20.1,False
2026-01-08 14:00:00,2026-01-08,14,PED,121.0,False,False,21.5,False
2026-01-08 15:00:00,2026-01-08,15,PED,138.0,False,False,22.9,False
2026-01-08 16:00:00,2026-01-08,16,PED,131.0,False,False,23.7,False
2026-01-08 17:00:00,2026-01-08,17,PED,108.0,False,False,24.1,False
2026-01-08 18:00:00,2026-01-08,18,PED,75.0,False,False,23.3,False
2026-01-08 19:00:00,2026-01-08,19,PED,49.0,False,False,19.6,False
2026-01-08 20:00:00,2026-01-08,20,PED,28.0,False,False,17.1,False
2026-01-08 21:00:00,2026-01-08,21,PED,12.0,False,False,15.4,False
2026-01-08 22:00:00,2026-01-08,22,PED,12.0,False,False,13.9,False
2026-01-08 23:00:00,2026-01-08,23,PED,4.0,False,False,12.3,False
2026-01-09 00:00:00,2026-01-08,24,PED,13.0,False,False,12.0,False
2026-01-09 01:00:00,2026-01-09,1,PED,12.0,False,False,10.7,False
2026-01-09 02:00:00,2026-01-09,2,PED,15.0,False,False,10.3,False
2026-01-09 03:00:00,2026-01-09,3,PED,15.0,False,False,10.0,False
2026-01-09 04:00:00,2026-01-09,4,PED,21.0,False,False,10.0,False
2026-01-09 05:00:00,2026-01-09,5,PED,18.0,False,False,9.5,False
2026-01-09 06:00:00,2026-01-09,6,PED,10.0,False,False,9.0,False
2026-01-09 07:00:00,2026-01-09,7,PED,3.0,False,False,9.0,False
2026-01-09 08:00:00,2026-01-09,8,PED,2.0,False,False,8.8,False
2026-01-09 09:00:00,2026-01-09,9,PED,4.0,False,False,10.3,False
2026-01-09 10:00:00,2026-01-09,10,PED,15.0,False,False,12.8,False
2026-01-09 11:00:00,2026-01-09,11,PED,37.0,False,False,15.8,False
2026-01-09 12:00:00,2026-01-09,12,PED,69.0,False,False,18.6,False
2026-01-09 13:00:00,2026-01-09,13,PED,83.0,False,False,20.1,False
2026-01-09 14:00:00,2026-01-09,14,PED,94.0,False,False,21.7,False
2026-01-09 15:00:00,2026-01-09,15,PED,106.0,False,False,22.7,False
2026-01-09 16:00:00,2026-01-09,16,PED,88.0,False,False,23.8,False
2026-01-09 17:00:00,2026-01-09,17,PED,45.0,False,False,24.3,False
2026-01-09 18:00:00,2026-01-09,18,PED,35.0,False,False,23.4,False
2026-01-09 19:00:00,2026-01-09,19,PED,20.0,False,False,19.6,False
2026-01-09 20:00:00,2026-01-09,20,PED,15.0,False,False,17.6,False
2026-01-09 21:00:00,2026-01-09,21,PED,19.0,False,False,16.7,False
2026-01-09 22:00:00,2026-01-09,22,PED,10.0,False,False,15.6,False
2026-01-09 23:00:00,2026-01-09,23,PED,16.0,False,False,14.9,False
2026-01-10 00:00:00,2026-01-09,24,PED,4.0,False,False,13.9,False
2026-01-10 01:00:00,2026-01-10,1,PED,12.0,False,False,13.3,False
2026-01-10 02:00:00,2026-01-10,2,PED,37.0,False,False,13.3,False
2026-01-10 03:00:00,2026-01-10,3,PED,40.0,False,False,13.1,False
2026-01-10 04:00:00,2026-01-10,4,PED,19.0,False,False,12.0,False
2026-01-10 05:00:00,2026-01-10,5,PED,2.0,False,False,10.8,False
2026-01-10 06:00:00,2026-01-10,6,PED,2.0,False,False,10.4,False
2026-01-10 07:00:00,2026-01-10,7,PED,25.0,False,False,10.5,False
2026-01-10 08:00:00,2026-01-10,8,PED,28.0,False,False,10.8,False
2026-01-10 09:00:00,2026-01-10,9,PED,15.0,False,False,12.0,False
2026-01-10 10:00:00,2026-01-10,10,PED,13.0,False,False,13.9,False
2026-01-10 11:00:00,2026-01-10,11,PED,29.0,False,False,15.9,False
2026-01-10 12:00:00,2026-01-10,12,PED,63.0,False,False,17.4,False
2026-01-10 13:00:00,2026-01-10,13,PED,84.0,False,False,18.6,False
2026-01-10 14:00:00,2026-01-10,14,PED,99.0,False,False,19.6,False
2026-01-10 15:00:00,2026-01-10,15,PED,105.0,False,False,20.6,False
2026-01-10 16:00:00,2026-01-10,16,PED,97.0,False,False,20.7,False
2026-01-10 17:00:00,2026-01-10,17,PED,57.0,False,False,19.2,False
2026-01-10 18:00:00,2026-01-10,18,PED,47.0,False,False,17.9,False
2026-01-10 19:00:00,2026-01-10,19,PED,34.0,False,False,15.9,False
2026-01-10 20:00:00,2026-01-10,20,PED,35.0,False,False,14.3,False
2026-01-10 21:00:00,2026-01-10,21,PED,32.0,False,False,13.2,False
2026-01-10 22:00:00,2026-01-10,22,PED,29.0,False,False,11.9,False
2026-01-10 23:00:00,2026-01-10,23,PED,28.0,False,False,11.4,False
2026-01-11 00:00:00,2026-01-10,24,PED,27.0,False,False,11.0,False
2026-01-11 01:00:00,2026-01-11,1,PED,24.0,False,False,10.0,False
2026-01-11 02:00:00,2026-01-11,2,PED,22.0,False,False,9.6,False
2026-01-11 03:00:00,2026-01-11,3,PED,21.0,False,False,9.1,False
2026-01-11 04:00:00,2026-01-11,4,PED,22.0,False,False,8.8,False
2026-01-11 05:00:00,2026-01-11,5,PED,22.0,False,False,8.3,False
2026-01-11 06:00:00,2026-01-11,6,PED,23.0,False,False,7.8,False
2026-01-11 07:00:00,2026-01-11,7,PED,22.0,False,False,7.6,False
2026-01-11 08:00:00,2026-01-11,8,PED,21.0,False,False,7.6,False
2026-01-11 09:00:00,2026-01-11,9,PED,17.0,False,False,7.7,False
2026-01-11 10:00:00,2026-01-11,10,PED,20.0,False,False,8.3,False
2026-01-11 11:00:00,2026-01-11,11,PED,27.0,False,False,9.5,False
2026-01-11 12:00:00,2026-01-11,12,PED,34.0,False,False,11.4,False
2026-01-11 13:00:00,2026-01-11,13,PED,47.0,False,False,12.8,False
2026-01-11 14:00:00,2026-01-11,14,PED,54.0,False,False,14.4,False
2026-01-11 15:00:00,2026-01-11,15,PED,64.0,False,False,15.8,False
2026-01-11 16:00:00,2026-01-11,16,PED,70.0,False,False,16.0,False
2026-01-11 17:00:00,2026-01-11,17,PED,70.0,False,False,16.1,False
2026-01-11 18:00:00,2026-01-11,18,PED,66.0,False,False,15.9,False
2026-01-11 19:00:00,2026-01-11,19,PED,49.0,False,False,14.8,False
2026-01-11 20:00:00,2026-01-11,20,PED,34.0,False,False,14.3,False
2026-01-11 21:00:00,2026-01-11,21,PED,27.0,False,False,13.3,False
2026-01-11 22:00:00,2026-01-11,22,PED,22.0,False,False,12.0,False
2026-01-11 23:00:00,2026-01-11,23,PED,19.0,False,False,10.8,False
2026-01-12 00:00:00,2026-01-11,24,PED,17.0,False,False,10.0,False
2026-01-12 01:00:00,2026-01-12,1,PED,20.0,True,True,9.3,False
2026-01-12 02:00:00,2026-01-12,2,PED,22.0,True,True,8.8,False
2026-01-12 03:00:00,2026-01-12,3,PED,23.5,True,True,8.1,False
2026-01-12 04:00:00,2026-01-12,4,PED,13.0,False,False,7.5,False
2026-01-12 05:00:00,2026-01-12,5,PED,6.0,False,False,7.1,False
2026-01-12 06:00:00,2026-01-12,6,PED,3.0,False,False,7.0,False
2026-01-12 07:00:00,2026-01-12,7,PED,4.0,False,False,7.0,False
2026-01-12 08:00:00,2026-01-12,8,PED,3.0,False,False,6.9,False
2026-01-12 09:00:00,2026-01-12,9,PED,3.0,False,False,7.3,False
2026-01-12 10:00:00,2026-01-12,10,PED,8.0,False,False,8.4,False
2026-01-12 11:00:00,2026-01-12,11,PED,17.0,False,False,10.6,False
2026-01-12 12:00:00,2026-01-12,12,PED,33.0,False,False,12.4,False
2026-01-12 13:00:00,2026-01-12,13,PED,51.0,False,False,14.8,False
2026-01-12 14:00:00,2026-01-12,14,PED,71.0,False,False,16.7,False
2026-01-12 15:00:00,2026-01-12,15,PED,49.0,False,False,19.5,False
2026-01-12 16:00:00,2026-01-12,16,PED,45.0,False,False,19.5,False
2026-01-12 17:00:00,2026-01-12,17,PED,45.0,False,False,18.5,False
2026-01-12 18:00:00,2026-01-12,18,PED,39.0,False,False,18.0,False
2026-01-12 19:00:00,2026-01-12,19,PED,34.0,False,False,16.1,False
2026-01-12 20:00:00,2026-01-12,20,PED,29.0,False,False,15.2,False
2026-01-12 21:00:00,2026-01-12,21,PED,19.0,False,False,13.8,False
2026-01-12 22:00:00,2026-01-12,22,PED,16.0,False,False,12.9,False
2026-01-12 23:00:00,2026-01-12,23,PED,12.0,False,False,12.2,False
2026-01-13 00:00:00,2026-01-12,24,PED,16.0,False,False,11.9,False
2026-01-13 01:00:00,2026-01-13,1,PED,15.0,False,False,11.1,False
2026-01-13 02:00:00,2026-01-13,2,PED,10.0,False,False,10.4,False
2026-01-13 03:00:00,2026-01-13,3,PED,3.0,False,False,9.7,False
2026-01-13 04:00:00,2026-01-13,4,PED,3.0,False,False,9.1,False
2026-01-13 05:00:00,2026-01-13,5,PED,2.0,False,False,8.7,False
2026-01-13 06:00:00,2026-01-13,6,PED,1.0,False,False,8.2,False
2026-01-13 07:00:00,2026-01-13,7,PED,1.0,False,False,8.1,False
2026-01-13 08:00:00,2026-01-13,8,PED,1.0,False,False,7.9,False
2026-01-13 09:00:00,2026-01-13,9,PED,5.0,False,False,9.3,False
2026-01-13 10:00:00,2026-01-13,10,PED,10.0,False,False,10.8,False
2026-01-13 11:00:00,2026-01-13,11,PED,25.0,False,False,13.0,False
2026-01-13 12:00:00,2026-01-13,12,PED,42.0,False,False,15.2,False
2026-01-13 13:00:00,2026-01-13,13,PED,64.0,False,False,16.9,False
2026-01-13 14:00:00,2026-01-13,14,PED,74.0,False,False,18.0,False
2026-01-13 15:00:00,2026-01-13,15,PED,55.0,False,False,18.2,False
2026-01-13 16:00:00,2026-01-13,16,PED,57.0,False,False,17.8,False
2026-01-13 17:00:00,2026-01-13,17,PED,52.0,False,False,18.2,False
2026-01-13 18:00:00,2026-01-13,18,PED,43.0,False,False,18.2,False
2026-01-13 19:00:00,2026-01-13,19,PED,20.0,False,False,16.8,False
2026-01-13 20:00:00,2026-01-13,20,PED,16.0,False,False,15.6,False
2026-01-13 21:00:00,2026-01-13,21,PED,16.0,False,False,15.9,False
2026-01-13 22:00:00,2026-01-13,22,PED,12.0,False,False,15.9,False
2026-01-13 23:00:00,2026-01-13,23,PED,15.0,False,False,15.5,False
2026-01-14 00:00:00,2026-01-13,24,PED,16.0,False,False,14.9,False
2026-01-14 01:00:00,2026-01-14,1,PED,18.0,False,False,13.5,False
2026-01-14 02:00:00,2026-01-14,2,PED,24.0,False,False,12.4,False
2026-01-14 03:00:00,2026-01-14,3,PED,25.0,False,False,11.9,False
2026-01-14 04:00:00,2026-01-14,4,PED,26.0,False,False,11.5,False
2026-01-14 05:00:00,2026-01-14,5,PED,26.0,False,False,11.1,False
2026-01-14 06:00:00,2026-01-14,6,PED,21.0,False,False,10.6,False
2026-01-14 07:00:00,2026-01-14,7,PED,13.0,False,False,10.3,False
2026-01-14 08:00:00,2026-01-14,8,PED,8.0,False,False,10.3,False
2026-01-14 09:00:00,2026-01-14,9,PED,13.0,False,False,12.3,False
2026-01-14 10:00:00,2026-01-14,10,PED,18.0,False,False,14.8,False
2026-01-14 11:00:00,2026-01-14,11,PED,34.0,False,False,16.2,False
2026-01-14 12:00:00,2026-01-14,12,PED,43.0,False,False,16.9,False
2026-01-14 13:00:00,2026-01-14,13,PED,54.0,False,False,18.0,False
2026-01-14 14:00:00,2026-01-14,14,PED,65.0,False,False,18.6,False
2026-01-14 15:00:00,2026-01-14,15,PED,73.0,False,False,19.4,False
2026-01-14 16:00:00,2026-01-14,16,PED,69.0,False,False,19.8,False
2026-01-14 17:00:00,2026-01-14,17,PED,61.0,False,False,19.4,False
2026-01-14 18:00:00,2026-01-14,18,PED,51.0,False,False,18.9,False
2026-01-14 19:00:00,2026-01-14,19,PED,31.0,False,False,17.7,False
2026-01-14 20:00:00,2026-01-14,20,PED,23.0,False,False,15.8,False
2026-01-14 21:00:00,2026-01-14,21,PED,10.0,False,False,13.1,False
2026-01-14 22:00:00,2026-01-14,22,PED,14.0,False,False,13.2,False
2026-01-14 23:00:00,2026-01-14,23,PED,13.0,False,False,13.3,False
2026-01-15 00:00:00,2026-01-14,24,PED,8.0,False,False,13.1,False
2026-01-15 01:00:00,2026-01-15,1,PED,7.0,False,False,12.7,False
2026-01-15 02:00:00,2026-01-15,2,PED,4.0,False,False,12.3,False
2026-01-15 03:00:00,2026-01-15,3,PED,10.0,False,False,11.9,False
2026-01-15 04:00:00,2026-01-15,4,PED,15.0,False,False,11.0,False
2026-01-15 05:00:00,2026-01-15,5,PED,15.0,False,False,10.4,False
2026-01-15 06:00:00,2026-01-15,6,PED,17.0,False,False,10.2,False
2026-01-15 07:00:00,2026-01-15,7,PED,11.0,False,False,9.9,False
2026-01-15 08:00:00,2026-01-15,8,PED,7.0,False,False,9.4,False
2026-01-15 09:00:00,2026-01-15,9,PED,9.0,False,False,8.6,False
2026-01-15 10:00:00,2026-01-15,10,PED,15.0,False,False,9.1,False
2026-01-15 11:00:00,2026-01-15,11,PED,19.0,False,False,10.4,False
2026-01-15 12:00:00,2026-01-15,12,PED,26.0,False,False,11.5,False
2026-01-15 13:00:00,2026-01-15,13,PED,38.0,False,False,13.3,False
2026-01-15 14:00:00,2026-01-15,14,PED,37.0,False,False,14.3,False
2026-01-15 15:00:00,2026-01-15,15,PED,49.0,False,False,15.1,False
2026-01-15 16:00:00,2026-01-15,16,PED,65.0,False,False,16.3,False
2026-01-15 17:00:00,2026-01-15,17,PED,64.0,False,False,15.9,False
2026-01-15 18:00:00,2026-01-15,18,PED,55.0,False,False,15.3,False
2026-01-15 19:00:00,2026-01-15,19,PED,33.0,False,False,15.0,False
2026-01-15 20:00:00,2026-01-15,20,PED,23.0,False,False,14.2,False
2026-01-15 21:00:00,2026-01-15,21,PED,19.0,False,False,13.2,False
2026-01-15 22:00:00,2026-01-15,22,PED,16.0,False,False,12.8,False
2026-01-15 23:00:00,2026-01-15,23,PED,19.0,False,False,12.3,False
2026-01-16 00:00:00,2026-01-15,24,PED,7.0,False,False,12.0,False
2026-01-16 01:00:00,2026-01-16,1,PED,3.0,False,False,11.1,False
2026-01-16 02:00:00,2026-01-16,2,PED,2.0,False,False,10.6,False
2026-01-16 03:00:00,2026-01-16,3,PED,6.0,False,False,10.1,False
2026-01-16 04:00:00,2026-01-16,4,PED,7.0,False,False,9.6,False
2026-01-16 05:00:00,2026-01-16,5,PED,6.0,False,False,9.0,False
2026-01-16 06:00:00,2026-01-16,6,PED,6.0,False,False,8.7,False
2026-01-16 07:00:00,2026-01-16,7,PED,2.0,False,False,8.4,False
2026-01-16 08:00:00,2026-01-16,8,PED,1.0,False,False,8.5,False
2026-01-16 09:00:00,2026-01-16,9,PED,2.0,False,False,10.0,False
2026-01-16 10:00:00,2026-01-16,10,PED,11.0,False,False,12.2,False
2026-01-16 11:00:00,2026-01-16,11,PED,31.0,False,False,14.6,False
2026-01-16 12:00:00,2026-01-16,12,PED,56.0,False,False,16.9,False
2026-01-16 13:00:00,2026-01-16,13,PED,61.0,False,False,18.2,False
2026-01-16 14:00:00,2026-01-16,14,PED,72.0,False,False,19.1,False
2026-01-16 15:00:00,2026-01-16,15,PED,85.0,False,False,19.4,False
2026-01-16 16:00:00,2026-01-16,16,PED,89.0,False,False,19.3,False
2026-01-16 17:00:00,2026-01-16,17,PED,59.0,False,False,17.1,False
2026-01-16 18:00:00,2026-01-16,18,PED,39.0,False,False,16.3,False
2026-01-16 19:00:00,2026-01-16,19,PED,10.0,False,False,16.2,False
2026-01-16 20:00:00,2026-01-16,20,PED,3.0,False,False,15.9,False
2026-01-16 21:00:00,2026-01-16,21,PED,2.0,False,False,15.7,False
2026-01-16 22:00:00,2026-01-16,22,PED,10.0,False,False,14.9,False
2026-01-16 23:00:00,2026-01-16,23,PED,16.0,False,False,14.1,False
2026-01-17 00:00:00,2026-01-16,24,PED,16.0,False,False,13.3,False
2026-01-17 01:00:00,2026-01-17,1,PED,22.0,False,False,13.5,False
2026-01-17 02:00:00,2026-01-17,2,PED,15.0,False,False,13.4,False
2026-01-17 03:00:00,2026-01-17,3,PED,10.0,False,False,13.2,False
2026-01-17 04:00:00,2026-01-17,4,PED,9.0,False,False,12.8,False
2026-01-17 05:00:00,2026-01-17,5,PED,2.0,False,False,12.4,False
2026-01-17 06:00:00,2026-01-17,6,PED,9.0,False,False,11.8,False
2026-01-17 07:00:00,2026-01-17,7,PED,4.0,False,False,11.0,False
2026-01-17 08:00:00,2026-01-17,8,PED,3.0,False,False,10.5,False
2026-01-17 09:00:00,2026-01-17,9,PED,10.0,False,False,12.1,False
2026-01-17 10:00:00,2026-01-17,10,PED,33.0,False,False,14.0,False
2026-01-17 11:00:00,2026-01-17,11,PED,40.0,False,False,15.3,False
2026-01-17 12:00:00,2026-01-17,12,PED,57.0,False,False,16.7,False
2026-01-17 13:00:00,2026-01-17,13,PED,74.0,False,False,17.8,False
2026-01-17 14:00:00,2026-01-17,14,PED,55.0,False,False,15.4,False
2026-01-17 15:00:00,2026-01-17,15,PED,57.0,False,False,16.9,False
2026-01-17 16:00:00,2026-01-17,16,PED,72.0,False,False,19.0,False
2026-01-17 17:00:00,2026-01-17,17,PED,50.0,False,False,19.7,False
2026-01-17 18:00:00,2026-01-17,18,PED,46.0,False,False,18.4,False
2026-01-17 19:00:00,2026-01-17,19,PED,33.0,False,False,16.7,False
2026-01-17 20:00:00,2026-01-17,20,PED,22.0,False,False,16.2,False
2026-01-17 21:00:00,2026-01-17,21,PED,22.0,False,False,15.2,False
2026-01-17 22:00:00,2026-01-17,22,PED,12.0,False,False,14.2,False
2026-01-17 23:00:00,2026-01-17,23,PED,9.0,False,False,13.5,False
2026-01-18 00:00:00,2026-01-17,24,PED,18.0,True,True,13.2,False
2026-01-18 01:00:00,2026-01-18,1,PED,20.0,True,True,12.5,False
2026-01-18 02:00:00,2026-01-18,2,PED,22.0,True,True,12.3,False
2026-01-18 03:00:00,2026-01-18,3,PED,23.5,True,True,12.5,False
2026-01-18 04:00:00,2026-01-18,4,PED,22.0,False,False,12.5,False
2026-01-18 05:00:00,2026-01-18,5,PED,23.0,False,False,12.1,False
2026-01-18 06:00:00,2026-01-18,6,PED,27.0,False,False,11.8,False
2026-01-18 07:00:00,2026-01-18,7,PED,22.0,False,False,11.6,False
2026-01-18 08:00:00,2026-01-18,8,PED,19.0,False,False,11.8,False
2026-01-18 09:00:00,2026-01-18,9,PED,21.0,False,False,12.2,False
2026-01-18 10:00:00,2026-01-18,10,PED,28.0,False,False,13.2,False
2026-01-18 11:00:00,2026-01-18,11,PED,34.0,False,False,14.8,False
2026-01-18 12:00:00,2026-01-18,12,PED,43.0,False,False,16.6,False
2026-01-18 13:00:00,2026-01-18,13,PED,59.0,False,False,17.9,False
2026-01-18 14:00:00,2026-01-18,14,PED,76.0,False,False,19.2,False
2026-01-18 15:00:00,2026-01-18,15,PED,79.0,False,False,18.2,False
2026-01-18 16:00:00,2026-01-18,16,PED,58.0,False,False,15.7,False
2026-01-18 17:00:00,2026-01-18,17,PED,54.0,False,False,16.6,False
2026-01-18 18:00:00,2026-01-18,18,PED,47.0,False,False,15.7,False
2026-01-18 19:00:00,2026-01-18,19,PED,39.0,False,False,14.6,False
2026-01-18 20:00:00,2026-01-18,20,PED,30.0,False,False,14.0,False
2026-01-18 21:00:00,2026-01-18,21,PED,30.0,False,False,13.1,False
2026-01-18 22:00:00,2026-01-18,22,PED,18.0,False,False,12.2,False
2026-01-18 23:00:00,2026-01-18,23,PED,8.0,False,False,11.5,False
2026-01-19 00:00:00,2026-01-18,24,PED,7.0,False,False,10.8,False
2026-01-19 01:00:00,2026-01-19,1,PED,12.0,False,False,10.2,False
2026-01-19 02:00:00,2026-01-19,2,PED,19.0,False,False,9.9,False
2026-01-19 03:00:00,2026-01-19,3,PED,20.0,False,False,9.5,False
2026-01-19 04:00:00,2026-01-19,4,PED,18.0,False,False,9.2,False
2026-01-19 05:00:00,2026-01-19,5,PED,10.0,False,False,9.8,False
2026-01-19 06:00:00,2026-01-19,6,PED,6.0,False,False,10.2,False
2026-01-19 07:00:00,2026-01-19,7,PED,5.0,False,False,10.0,False
2026-01-19 08:00:00,2026-01-19,8,PED,3.0,False,False,9.7,False
2026-01-19 09:00:00,2026-01-19,9,PED,6.0,False,False,9.5,False
2026-01-19 10:00:00,2026-01-19,10,PED,19.0,False,False,11.3,False
2026-01-19 11:00:00,2026-01-19,11,PED,32.0,False,False,13.5,False
2026-01-19 12:00:00,2026-01-19,12,PED,50.0,False,False,15.9,False
2026-01-19 13:00:00,2026-01-19,13,PED,62.0,False,False,17.8,False
2026-01-19 14:00:00,2026-01-19,14,PED,73.0,False,False,19.1,False
2026-01-19 15:00:00,2026-01-19,15,PED,81.0,False,False,19.3,False
2026-01-19 16:00:00,2026-01-19,16,PED,67.0,False,False,19.3,False
2026-01-19 17:00:00,2026-01-19,17,PED,60.0,False,False,18.7,False
2026-01-19 18:00:00,2026-01-19,18,PED,51.0,False,False,17.3,False
2026-01-19 19:00:00,2026-01-19,19,PED,42.0,False,False,16.4,False
2026-01-19 20:00:00,2026-01-19,20,PED,30.0,False,False,15.6,False
2026-01-19 21:00:00,2026-01-19,21,PED,26.0,False,False,15.4,False
2026-01-19 22:00:00,2026-01-19,22,PED,22.0,False,False,15.3,False
2026-01-19 23:00:00,2026-01-19,23,PED,24.0,False,False,14.7,False
2026-01-20 00:00:00,2026-01-19,24,PED,18.0,False,False,13.3,False
2026-01-20 01:00:00,2026-01-20,1,PED,23.0,False,False,12.4,False
2026-01-20 02:00:00,2026-01-20,2,PED,23.0,False,False,12.1,False
2026-01-20 03:00:00,2026-01-20,3,PED,20.0,False,False,11.9,False
2026-01-20 04:00:00,2026-01-20,4,PED,19.0,False,False,11.4,False
2026-01-20 05:00:00,2026-01-20,5,PED,16.0,False,False,11.2,False
2026-01-20 06:00:00,2026-01-20,6,PED,3.0,False,False,10.9,False
2026-01-20 07:00:00,2026-01-20,7,PED,1.0,False,False,11.0,False
2026-01-20 08:00:00,2026-01-20,8,PED,1.0,False,False,11.0,False
2026-01-20 09:00:00,2026-01-20,9,PED,3.0,False,False,11.7,False
2026-01-20 10:00:00,2026-01-20,10,PED,7.0,False,False,13.3,False
2026-01-20 11:00:00,2026-01-20,11,PED,25.0,False,False,15.3,False
2026-01-20 12:00:00,2026-01-20,12,PED,43.0,False,False,17.0,False
2026-01-20 13:00:00,2026-01-20,13,PED,66.0,False,False,18.5,False
2026-01-20 14:00:00,2026-01-20,14,PED,85.0,False,False,19.4,False
2026-01-20 15:00:00,2026-01-20,15,PED,82.0,False,False,19.3,False
2026-01-20 16:00:00,2026-01-20,16,PED,45.0,False,False,17.3,False
2026-01-20 17:00:00,2026-01-20,17,PED,51.0,False,False,18.0,False
2026-01-20 18:00:00,2026-01-20,18,PED,58.0,False,False,18.5,False
2026-01-20 19:00:00,2026-01-20,19,PED,37.0,False,False,17.4,False
2026-01-20 20:00:00,2026-01-20,20,PED,27.0,False,False,15.7,False
2026-01-20 21:00:00,2026-01-20,21,PED,24.0,False,False,15.0,False
2026-01-20 22:00:00,2026-01-20,22,PED,6.0,False,False,13.7,False
2026-01-20 23:00:00,2026-01-20,23,PED,9.0,False,False,12.8,False
2026-01-21 00:00:00,2026-01-20,24,PED,11.0,False,False,12.3,False
2026-01-21 01:00:00,2026-01-21,1,PED,2.0,False,False,12.0,False
2026-01-21 02:00:00,2026-01-21,2,PED,2.0,False,False,11.8,False
2026-01-21 03:00:00,2026-01-21,3,PED,1.0,False,False,11.3,False
2026-01-21 04:00:00,2026-01-21,4,PED,3.0,False,False,10.8,False
2026-01-21 05:00:00,2026-01-21,5,PED,2.0,False,False,10.4,False
2026-01-21 06:00:00,2026-01-21,6,PED,2.0,False,False,10.1,False
2026-01-21 07:00:00,2026-01-21,7,PED,1.0,False,False,9.5,False
2026-01-21 08:00:00,2026-01-21,8,PED,1.0,False,False,9.5,False
2026-01-21 09:00:00,2026-01-21,9,PED,2.0,False,False,10.4,False
2026-01-21 10:00:00,2026-01-21,10,PED,3.0,False,False,11.0,False
2026-01-21 11:00:00,2026-01-21,11,PED,7.0,False,False,12.2,False
2026-01-21 12:00:00,2026-01-21,12,PED,14.0,False,False,15.0,False
2026-01-21 13:00:00,2026-01-21,13,PED,33.0,False,False,17.1,False
2026-01-21 14:00:00,2026-01-21,14,PED,57.0,False,False,17.9,False
2026-01-21 15:00:00,2026-01-21,15,PED,55.0,False,False,17.4,False
2026-01-21 16:00:00,2026-01-21,16,PED,20.0,False,False,15.5,False
2026-01-21 17:00:00,2026-01-21,17,PED,24.0,False,False,15.8,False
2026-01-21 18:00:00,2026-01-21,18,PED,21.0,False,False,16.5,False
2026-01-21 19:00:00,2026-01-21,19,PED,22.0,False,False,14.4,False
2026-01-21 20:00:00,2026-01-21,20,PED,16.0,False,False,13.6,False
2026-01-21 21:00:00,2026-01-21,21,PED,4.0,False,False,13.1,False
2026-01-21 22:00:00,2026-01-21,22,PED,1.0,False,False,12.2,False
2026-01-21 23:00:00,2026-01-21,23,PED,2.0,False,False,11.5,False
2026-01-22 00:00:00,2026-01-21,24,PED,3.0,False,False,11.2,False
2026-01-22 01:00:00,2026-01-22,1,PED,3.0,False,False,10.7,False
2026-01-22 02:00:00,2026-01-22,2,PED,9.0,False,False,10.5,False
2026-01-22 03:00:00,2026-01-22,3,PED,6.0,False,False,9.7,False
2026-01-22 04:00:00,2026-01-22,4,PED,11.0,False,False,9.5,False
2026-01-22 05:00:00,2026-01-22,5,PED,12.0,False,False,9.4,False
2026-01-22 06:00:00,2026-01-22,6,PED,11.0,False,False,9.3,False
2026-01-22 07:00:00,2026-01-22,7,PED,1.0,False,False,8.4,False
2026-01-22 08:00:00,2026-01-22,8,PED,1.0,False,False,8.1,False
2026-01-22 09:00:00,2026-01-22,9,PED,4.0,False,False,10.4,False
2026-01-22 10:00:00,2026-01-22,10,PED,11.0,False,False,13.0,False
2026-01-22 11:00:00,2026-01-22,11,PED,26.0,False,False,14.9,False
2026-01-22 12:00:00,2026-01-22,12,PED,52.0,False,False,16.8,False
2026-01-22 13:00:00,2026-01-22,13,PED,66.0,False,False,18.9,False
2026-01-22 14:00:00,2026-01-22,14,PED,78.0,False,False,20.2,False
2026-01-22 15:00:00,2026-01-22,15,PED,76.0,False,False,21.4,False
2026-01-22 16:00:00,2026-01-22,16,PED,54.0,False,False,20.3,False
2026-01-22 17:00:00,2026-01-22,17,PED,39.0,False,False,18.1,False
2026-01-22 18:00:00,2026-01-22,18,PED,44.0,False,False,18.4,False
2026-01-22 19:00:00,2026-01-22,19,PED,29.0,False,False,16.6,False
2026-01-22 20:00:00,2026-01-22,20,PED,23.0,False,False,15.9,False
2026-01-22 21:00:00,2026-01-22,21,PED,7.0,False,False,15.1,False
2026-01-22 22:00:00,2026-01-22,22,PED,4.0,False,False,14.6,False
2026-01-22 23:00:00,2026-01-22,23,PED,7.0,False,False,14.3,False
2026-01-23 00:00:00,2026-01-22,24,PED,19.0,False,False,13.9,False
2026-01-23 01:00:00,2026-01-23,1,PED,20.0,False,False,13.2,False
2026-01-23 02:00:00,2026-01-23,2,PED,22.0,False,False,12.6,False
2026-01-23 03:00:00,2026-01-23,3,PED,23.0,False,False,12.4,False
2026-01-23 04:00:00,2026-01-23,4,PED,21.0,False,False,12.3,False
2026-01-23 05:00:00,2026-01-23,5,PED,17.0,False,False,11.9,False
2026-01-23 06:00:00,2026-01-23,6,PED,10.0,False,False,11.2,False
2026-01-23 07:00:00,2026-01-23,7,PED,2.0,False,False,10.3,False
2026-01-23 08:00:00,2026-01-23,8,PED,2.0,False,False,9.9,False
2026-01-23 09:00:00,2026-01-23,9,PED,9.0,False,False,12.6,False
2026-01-23 10:00:00,2026-01-23,10,PED,21.0,False,False,15.1,False
2026-01-23 11:00:00,2026-01-23,11,PED,28.0,False,False,16.6,False
2026-01-23 12:00:00,2026-01-23,12,PED,46.0,False,False,17.9,False
2026-01-23 13:00:00,2026-01-23,13,PED,58.0,False,False,19.3,False
2026-01-23 14:00:00,2026-01-23,14,PED,69.0,False,False,20.6,False
2026-01-23 15:00:00,2026-01-23,15,PED,69.0,False,False,20.6,False
2026-01-23 16:00:00,2026-01-23,16,PED,43.0,False,False,20.2,False
2026-01-23 17:00:00,2026-01-23,17,PED,45.0,False,False,20.2,False
2026-01-23 18:00:00,2026-01-23,18,PED,30.0,False,False,19.3,False
2026-01-23 19:00:00,2026-01-23,19,PED,22.0,False,False,18.1,False
2026-01-23 20:00:00,2026-01-23,20,PED,12.0,False,False,16.5,False
2026-01-23 21:00:00,2026-01-23,21,PED,4.0,False,False,15.5,False
2026-01-23 22:00:00,2026-01-23,22,PED,4.0,False,False,14.4,False
2026-01-23 23:00:00,2026-01-23,23,PED,1.0,False,False,13.2,False
2026-01-24 00:00:00,2026-01-23,24,PED,4.0,False,False,12.3,False
2026-01-24 01:00:00,2026-01-24,1,PED,20.0,True,True,12.8,False
2026-01-24 02:00:00,2026-01-24,2,PED,22.0,True,True,12.0,False
2026-01-24 03:00:00,2026-01-24,3,PED,23.5,True,True,11.2,False
2026-01-24 04:00:00,2026-01-24,4,PED,9.0,False,False,9.8,False
2026-01-24 05:00:00,2026-01-24,5,PED,8.0,False,False,9.1,False
2026-01-24 06:00:00,2026-01-24,6,PED,3.0,False,False,8.8,False
2026-01-24 07:00:00,2026-01-24,7,PED,4.0,False,False,8.7,False
2026-01-24 08:00:00,2026-01-24,8,PED,2.0,False,False,8.4,False
2026-01-24 09:00:00,2026-01-24,9,PED,9.0,False,False,11.5,False
2026-01-24 10:00:00,2026-01-24,10,PED,17.0,False,False,13.8,False
2026-01-24 11:00:00,2026-01-24,11,PED,33.0,False,False,16.2,False
2026-01-24 12:00:00,2026-01-24,12,PED,51.0,False,False,18.4,False
2026-01-24 13:00:00,2026-01-24,13,PED,50.0,False,False,20.4,False
2026-01-24 14:00:00,2026-01-24,14,PED,38.0,False,False,22.2,False
2026-01-24 15:00:00,2026-01-24,15,PED,39.0,False,False,22.4,False
2026-01-24 16:00:00,2026-01-24,16,PED,40.0,False,False,22.0,False
2026-01-24 17:00:00,2026-01-24,17,PED,43.0,False,False,21.2,False
2026-01-24 18:00:00,2026-01-24,18,PED,40.0,False,False,19.3,False
2026-01-24 19:00:00,2026-01-24,19,PED,33.0,False,False,17.9,False
2026-01-24 20:00:00,2026-01-24,20,PED,31.0,False,False,17.2,False
2026-01-24 21:00:00,2026-01-24,21,PED,23.0,False,False,16.3,False
2026-01-24 22:00:00,2026-01-24,22,PED,9.0,False,False,14.9,False
2026-01-24 23:00:00,2026-01-24,23,PED,1.0,False,False,13.7,False
2026-01-25 00:00:00,2026-01-24,24,PED,1.0,False,False,12.8,False
2026-01-25 01:00:00,2026-01-25,1,PED,5.0,False,False,12.3,False
2026-01-25 02:00:00,2026-01-25,2,PED,2.0,False,False,11.5,False
2026-01-25 03:00:00,2026-01-25,3,PED,1.0,False,False,11.0,False
2026-01-25 04:00:00,2026-01-25,4,PED,2.0,False,False,10.8,False
2026-01-25 05:00:00,2026-01-25,5,PED,2.0,False,False,10.1,False
2026-01-25 06:00:00,2026-01-25,6,PED,3.0,False,False,9.9,False
2026-01-25 07:00:00,2026-01-25,7,PED,5.0,False,False,9.8,False
2026-01-25 08:00:00,2026-01-25,8,PED,2.0,False,False,9.4,False
2026-01-25 09:00:00,2026-01-25,9,PED,9.0,False,False,12.0,False
2026-01-25 10:00:00,2026-01-25,10,PED,22.0,False,False,14.8,False
2026-01-25 11:00:00,2026-01-25,11,PED,33.0,False,False,17.6,False
2026-01-25 12:00:00,2026-01-25,12,PED,45.0,False,False,20.0,False
2026-01-25 13:00:00,2026-01-25,13,PED,48.0,False,False,22.0,False
2026-01-25 14:00:00,2026-01-25,14,PED,54.0,False,False,23.2,False
2026-01-25 15:00:00,2026-01-25,15,PED,55.0,False,False,24.1,False
2026-01-25 16:00:00,2026-01-25,16,PED,41.0,False,False,24.3,False
2026-01-25 17:00:00,2026-01-25,17,PED,41.0,False,False,24.2,False
2026-01-25 18:00:00,2026-01-25,18,PED,32.0,False,False,22.3,False
2026-01-25 19:00:00,2026-01-25,19,PED,26.0,False,False,20.1,False
2026-01-25 20:00:00,2026-01-25,20,PED,19.0,False,False,18.5,False
2026-01-25 21:00:00,2026-01-25,21,PED,11.0,False,False,17.5,False
2026-01-25 22:00:00,2026-01-25,22,PED,11.0,False,False,16.1,False
2026-01-25 23:00:00,2026-01-25,23,PED,11.0,False,False,14.9,False
2026-01-26 00:00:00,2026-01-25,24,PED,13.0,False,False,14.1,False
2026-01-26 01:00:00,2026-01-26,1,PED,15.0,False,False,13.7,False
2026-01-26 02:00:00,2026-01-26,2,PED,17.0,False,False,13.2,False
2026-01-26 03:00:00,2026-01-26,3,PED,18.0,False,False,12.8,False
2026-01-26 04:00:00,2026-01-26,4,PED,19.0,False,False,12.4,False
2026-01-26 05:00:00,2026-01-26,5,PED,18.0,False,False,11.7,False
2026-01-26 06:00:00,2026-01-26,6,PED,12.0,False,False,10.9,False
2026-01-26 07:00:00,2026-01-26,7,PED,5.0,False,False,10.6,False
2026-01-26 08:00:00,2026-01-26,8,PED,2.0,False,False,10.6,False
2026-01-26 09:00:00,2026-01-26,9,PED,3.0,False,False,12.8,False
2026-01-26 10:00:00,2026-01-26,10,PED,11.0,False,False,14.6,False
2026-01-26 11:00:00,2026-01-26,11,PED,32.0,False,False,16.8,False
2026-01-26 12:00:00,2026-01-26,12,PED,55.0,False,False,19.0,False
2026-01-26 13:00:00,2026-01-26,13,PED,83.0,False,False,21.1,False
2026-01-26 14:00:00,2026-01-26,14,PED,77.0,False,False,22.9,False
2026-01-26 15:00:00,2026-01-26,15,PED,82.0,False,False,23.8,False
2026-01-26 16:00:00,2026-01-26,16,PED,68.0,False,False,23.6,False
2026-01-26 17:00:00,2026-01-26,17,PED,66.0,False,False,23.5,False
2026-01-26 18:00:00,2026-01-26,18,PED,65.0,False,False,21.6,False
2026-01-26 19:00:00,2026-01-26,19,PED,55.0,False,False,20.2,False
2026-01-26 20:00:00,2026-01-26,20,PED,33.0,False,False,18.6,False
2026-01-26 21:00:00,2026-01-26,21,PED,28.0,False,False,16.8,False
2026-01-26 22:00:00,2026-01-26,22,PED,30.0,False,False,15.6,False
2026-01-26 23:00:00,2026-01-26,23,PED,27.0,False,False,14.6,False
2026-01-27 00:00:00,2026-01-26,24,PED,19.0,False,False,13.8,False
2026-01-27 01:00:00,2026-01-27,1,PED,18.0,False,False,13.0,False
2026-01-27 02:00:00,2026-01-27,2,PED,6.0,False,False,12.3,False
2026-01-27 03:00:00,2026-01-27,3,PED,2.0,False,False,10.8,False
2026-01-27 04:00:00,2026-01-27,4,PED,3.0,False,False,9.2,False
2026-01-27 05:00:00,2026-01-27,5,PED,4.0,False,False,8.7,False
2026-01-27 06:00:00,2026-01-27,6,PED,3.0,False,False,8.6,False
2026-01-27 07:00:00,2026-01-27,7,PED,1.0,False,False,8.0,False
2026-01-27 08:00:00,2026-01-27,8,PED,2.0,False,False,7.6,False
2026-01-27 09:00:00,2026-01-27,9,PED,3.0,False,False,8.7,False
2026-01-27 10:00:00,2026-01-27,10,PED,7.0,False,False,11.3,False
2026-01-27 11:00:00,2026-01-27,11,PED,20.0,False,False,14.0,False
2026-01-27 12:00:00,2026-01-27,12,PED,20.75,True,False,16.7,False
2026-01-27 13:00:00,2026-01-27,13,PED,21.5,True,False,18.8,False
2026-01-27 14:00:00,2026-01-27,14,PED,22.25,True,False,20.4,False
2026-01-27 15:00:00,2026-01-27,15,PED,83.5,True,False,21.4,False
2026-01-27 16:00:00,2026-01-27,16,PED,83.0,True,False,22.3,False
2026-01-27 17:00:00,2026-01-27,17,PED,78.0,True,False,22.2,False
2026-01-27 18:00:00,2026-01-27,18,PED,68.5,True,False,21.1,False
2026-01-27 19:00:00,2026-01-27,19,PED,49.5,True,False,19.9,False
2026-01-27 20:00:00,2026-01-27,20,PED,26.75,True,False,19.1,False
2026-01-27 21:00:00,2026-01-27,21,PED,27.5,True,False,17.6,False
2026-01-27 22:00:00,2026-01-27,22,PED,28.25,True,False,17.0,False
2026-01-27 23:00:00,2026-01-27,23,PED,29.0,False,False,16.5,False
2026-01-28 00:00:00,2026-01-27,24,PED,19.0,False,False,15.8,False
2026-01-28 01:00:00,2026-01-28,1,PED,12.0,False,False,15.1,False
2026-01-28 02:00:00,2026-01-28,2,PED,14.0,False,False,14.0,False
2026-01-28 03:00:00,2026-01-28,3,PED,21.0,False,False,13.2,False
2026-01-28 04:00:00,2026-01-28,4,PED,27.0,False,False,12.6,False
2026-01-28 05:00:00,2026-01-28,5,PED,27.0,False,False,12.0,False
2026-01-28 06:00:00,2026-01-28,6,PED,30.0,False,False,11.6,False
2026-01-28 07:00:00,2026-01-28,7,PED,13.0,False,False,11.0,False
2026-01-28 08:00:00,2026-01-28,8,PED,2.0,False,False,10.5,False
2026-01-28 09:00:00,2026-01-28,9,PED,5.0,False,False,12.4,False
2026-01-28 10:00:00,2026-01-28,10,PED,13.0,False,False,14.7,False
2026-01-28 11:00:00,2026-01-28,11,PED,36.0,False,False,17.5,False
2026-01-28 12:00:00,2026-01-28,12,PED,56.0,False,False,19.2,False
2026-01-28 13:00:00,2026-01-28,13,PED,72.0,False,False,20.2,False
2026-01-28 14:00:00,2026-01-28,14,PED,84.0,False,False,21.0,False
2026-01-28 15:00:00,2026-01-28,15,PED,95.0,False,False,21.7,False
2026-01-28 16:00:00,2026-01-28,16,PED,112.0,False,False,21.9,False
2026-01-28 17:00:00,2026-01-28,17,PED,110.0,False,False,22.1,False
2026-01-28 18:00:00,2026-01-28,18,PED,102.0,False,False,21.5,False
2026-01-28 19:00:00,2026-01-28,19,PED,61.0,False,False,20.2,False
2026-01-28 20:00:00,2026-01-28,20,PED,37.0,False,False,17.5,False
2026-01-28 21:00:00,2026-01-28,21,PED,38.0,False,False,16.1,False
2026-01-28 22:00:00,2026-01-28,22,PED,34.0,False,False,15.3,False
2026-01-28 23:00:00,2026-01-28,23,PED,30.0,False,False,14.6,False
2026-01-29 00:00:00,2026-01-28,24,PED,24.0,False,False,14.1,False
2026-01-29 01:00:00,2026-01-29,1,PED,16.0,False,False,13.1,False
2026-01-29 02:00:00,2026-01-29,2,PED,12.0,False,False,12.6,False
2026-01-29 03:00:00,2026-01-29,3,PED,3.0,False,False,11.6,False
2026-01-29 04:00:00,2026-01-29,4,PED,1.0,False,False,10.9,False
2026-01-29 05:00:00,2026-01-29,5,PED,2.0,False,False,10.3,False
2026-01-29 06:00:00,2026-01-29,6,PED,1.0,False,False,9.9,False
2026-01-29 07:00:00,2026-01-29,7,PED,1.0,False,False,9.6,False
2026-01-29 08:00:00,2026-01-29,8,PED,2.0,False,False,9.6,False
2026-01-29 09:00:00,2026-01-29,9,PED,6.0,False,False,11.2,False
2026-01-29 10:00:00,2026-01-29,10,PED,16.0,False,False,13.3,False
2026-01-29 11:00:00,2026-01-29,11,PED,38.0,False,False,15.8,False
2026-01-29 12:00:00,2026-01-29,12,PED,60.0,False,False,18.3,False
2026-01-29 13:00:00,2026-01-29,13,PED,80.0,False,False,20.1,False
2026-01-29 14:00:00,2026-01-29,14,PED,95.0,False,False,21.7,False
2026-01-29 15:00:00,2026-01-29,15,PED,112.0,False,False,22.7,False
2026-01-29 16:00:00,2026-01-29,16,PED,104.0,False,False,23.5,False
2026-01-29 17:00:00,2026-01-29,17,PED,92.0,False,False,23.5,False
2026-01-29 18:00:00,2026-01-29,18,PED,57.0,False,False,22.8,False
2026-01-29 19:00:00,2026-01-29,19,PED,53.0,False,False,21.6,False
2026-01-29 20:00:00,2026-01-29,20,PED,35.0,False,False,20.2,False
2026-01-29 21:00:00,2026-01-29,21,PED,15.0,False,False,18.5,False
2026-01-29 22:00:00,2026-01-29,22,PED,9.0,False,False,16.2,False
2026-01-29 23:00:00,2026-01-29,23,PED,14.0,False,False,15.3,False
2026-01-30 00:00:00,2026-01-29,24,PED,16.2,True,False,14.5,False
2026-01-30 01:00:00,2026-01-30,1,PED,20.0,True,True,14.0,False
2026-01-30 02:00:00,2026-01-30,2,PED,22.0,True,True,13.4,False
2026-01-30 03:00:00,2026-01-30,3,PED,23.5,True,True,12.7,False
2026-01-30 04:00:00,2026-01-30,4,PED,25.0,False,False,12.3,False
2026-01-30 05:00:00,2026-01-30,5,PED,17.0,False,False,11.4,False
2026-01-30 06:00:00,2026-01-30,6,PED,20.0,False,False,11.2,False
2026-01-30 07:00:00,2026-01-30,7,PED,10.0,False,False,10.8,False
2026-01-30 08:00:00,2026-01-30,8,PED,2.0,False,False,10.4,False
2026-01-30 09:00:00,2026-01-30,9,PED,3.0,False,False,12.5,False
2026-01-30 10:00:00,2026-01-30,10,PED,9.0,False,False,14.3,False
2026-01-30 11:00:00,2026-01-30,11,PED,27.0,False,False,16.3,False
2026-01-30 12:00:00,2026-01-30,12,PED,56.0,False,False,18.4,False
2026-01-30 13:00:00,2026-01-30,13,PED,78.0,False,False,20.5,False
2026-01-30 14:00:00,2026-01-30,14,PED,91.0,False,False,21.6,False
2026-01-30 15:00:00,2026-01-30,15,PED,110.0,False,False,22.4,False
2026-01-30 16:00:00,2026-01-30,16,PED,125.0,False,False,22.9,False
2026-01-30 17:00:00,2026-01-30,17,PED,128.0,False,False,22.4,False
2026-01-30 18:00:00,2026-01-30,18,PED,107.0,False,False,21.8,False
2026-01-30 19:00:00,2026-01-30,19,PED,63.0,False,False,20.7,False
2026-01-30 20:00:00,2026-01-30,20,PED,52.0,False,False,20.3,False
2026-01-30 21:00:00,2026-01-30,21,PED,31.0,False,False,19.0,False
2026-01-30 22:00:00,2026-01-30,22,PED,17.0,False,False,17.7,False
2026-01-30 23:00:00,2026-01-30,23,PED,11.0,False,False,15.7,False
2026-01-31 00:00:00,2026-01-30,24,PED,9.0,False,False,14.0,False
2026-01-31 01:00:00,2026-01-31,1,PED,8.0,False,False,13.1,False
2026-01-31 02:00:00,2026-01-31,2,PED,12.0,False,False,11.9,False
2026-01-31 03:00:00,2026-01-31,3,PED,12.0,False,False,11.0,False
2026-01-31 04:00:00,2026-01-31,4,PED,10.0,False,False,10.5,False
2026-01-31 05:00:00,2026-01-31,5,PED,10.0,False,False,9.9,False
2026-01-31 06:00:00,2026-01-31,6,PED,7.0,False,False,9.8,False
2026-01-31 07:00:00,2026-01-31,7,PED,4.0,False,False,9.9,False
2026-01-31 08:00:00,2026-01-31,8,PED,6.0,False,False,10.0,False
2026-01-31 09:00:00,2026-01-31,9,PED,3.0,False,False,9.3,False
2026-01-31 10:00:00,2026-01-31,10,PED,5.0,False,False,9.2,False
2026-01-31 11:00:00,2026-01-31,11,PED,8.0,False,False,9.4,False
2026-01-31 12:00:00,2026-01-31,12,PED,9.0,False,False,10.0,False
2026-01-31 13:00:00,2026-01-31,13,PED,10.0,False,False,11.0,False
2026-01-31 14:00:00,2026-01-31,14,PED,21.0,False,False,12.0,False
2026-01-31 15:00:00,2026-01-31,15,PED,38.0,False,False,13.7,False
2026-01-31 16:00:00,2026-01-31,16,PED,50.0,False,False,14.3,False
2026-01-31 17:00:00,2026-01-31,17,PED,46.0,False,False,14.6,False
2026-01-31 18:00:00,2026-01-31,18,PED,32.0,False,False,14.6,False
2026-01-31 19:00:00,2026-01-31,19,PED,33.0,False,False,14.4,False
2026-01-31 20:00:00,2026-01-31,20,PED,19.0,False,False,13.9,False
2026-01-31 21:00:00,2026-01-31,21,PED,15.0,False,False,12.8,False
2026-01-31 22:00:00,2026-01-31,22,PED,18.0,False,False,11.9,False
2026-01-31 23:00:00,2026-01-31,23,PED,16.0,False,False,11.3,False
2026-02-01 00:00:00,2026-01-31,24,PED,17.0,False,False,10.3,False
2026-02-01 01:00:00,2026-02-01,1,PED,8.0,False,False,9.4,False
2026-02-01 02:00:00,2026-02-01,2,PED,6.0,False,False,8.7,False
2026-02-01 03:00:00,2026-02-01,3,PED,5.0,False,False,8.1,False
2026-02-01 04:00:00,2026-02-01,4,PED,2.0,False,False,7.5,False
2026-02-01 05:00:00,2026-02-01,5,PED,6.0,False,False,6.7,False
2026-02-01 06:00:00,2026-02-01,6,PED,9.0,False,False,6.1,False
2026-02-01 07:00:00,2026-02-01,7,PED,4.0,False,False,5.7,False
2026-02-01 08:00:00,2026-02-01,8,PED,2.0,False,False,5.6,False
2026-02-01 09:00:00,2026-02-01,9,PED,8.0,False,False,6.5,False
2026-02-01 10:00:00,2026-02-01,10,PED,18.0,False,False,8.7,False
2026-02-01 11:00:00,2026-02-01,11,PED,29.0,False,False,10.6,False
2026-02-01 12:00:00,2026-02-01,12,PED,44.0,False,False,12.4,False
2026-02-01 13:00:00,2026-02-01,13,PED,64.0,False,False,14.4,False
2026-02-01 14:00:00,2026-02-01,14,PED,85.0,False,False,16.5,False
2026-02-01 15:00:00,2026-02-01,15,PED,100.0,False,False,17.8,False
2026-02-01 16:00:00,2026-02-01,16,PED,112.0,False,False,18.7,False
2026-02-01 17:00:00,2026-02-01,17,PED,116.0,False,False,18.6,False
2026-02-01 18:00:00,2026-02-01,18,PED,82.0,False,False,18.3,False
2026-02-01 19:00:00,2026-02-01,19,PED,65.0,False,False,17.3,False
2026-02-01 20:00:00,2026-02-01,20,PED,44.0,False,False,16.1,False
2026-02-01 21:00:00,2026-02-01,21,PED,33.0,False,False,14.9,False
2026-02-01 22:00:00,2026-02-01,22,PED,25.0,False,False,14.2,False
2026-02-01 23:00:00,2026-02-01,23,PED,22.0,False,False,13.4,False
2026-02-02 00:00:00,2026-02-01,24,PED,17.0,False,False,12.5,False
2026-02-02 01:00:00,2026-02-02,1,PED,17.0,False,False,12.2,False
2026-02-02 02:00:00,2026-02-02,2,PED,16.0,False,False,11.8,False
2026-02-02 03:00:00,2026-02-02,3,PED,16.0,False,False,10.8,False
2026-02-02 04:00:00,2026-02-02,4,PED,9.0,False,False,10.0,False
2026-02-02 05:00:00,2026-02-02,5,PED,4.0,False,False,9.2,False
2026-02-02 06:00:00,2026-02-02,6,PED,1.0,False,False,8.6,False
2026-02-02 07:00:00,2026-02-02,7,PED,1.0,False,False,8.1,False
2026-02-02 08:00:00,2026-02-02,8,PED,2.0,False,False,7.8,False
2026-02-02 09:00:00,2026-02-02,9,PED,6.0,False,False,8.4,False
2026-02-02 10:00:00,2026-02-02,10,PED,15.0,False,False,10.1,False
2026-02-02 11:00:00,2026-02-02,11,PED,26.0,False,False,12.7,False
2026-02-02 12:00:00,2026-02-02,12,PED,48.0,False,False,14.6,False
2026-02-02 13:00:00,2026-02-02,13,PED,59.0,False,False,16.9,False
2026-02-02 14:00:00,2026-02-02,14,PED,71.0,False,False,18.5,False
2026-02-02 15:00:00,2026-02-02,15,PED,66.0,False,False,19.8,False
2026-02-02 16:00:00,2026-02-02,16,PED,65.0,False,False,20.1,False
2026-02-02 17:00:00,2026-02-02,17,PED,72.0,False,False,20.1,False
2026-02-02 18:00:00,2026-02-02,18,PED,67.0,False,False,19.5,False
2026-02-02 19:00:00,2026-02-02,19,PED,53.0,False,False,18.2,False
2026-02-02 20:00:00,2026-02-02,20,PED,33.0,False,False,17.2,False
2026-02-02 21:00:00,2026-02-02,21,PED,23.0,False,False,16.2,False
2026-02-02 22:00:00,2026-02-02,22,PED,18.0,False,False,14.8,False
2026-02-02 23:00:00,2026-02-02,23,PED,10.0,False,False,13.5,False
2026-02-03 00:00:00,2026-02-02,24,PED,25.0,False,False,12.8,False
2026-02-03 01:00:00,2026-02-03,1,PED,28.0,False,False,12.0,False
2026-02-03 02:00:00,2026-02-03,2,PED,30.0,False,False,11.5,False
2026-02-03 03:00:00,2026-02-03,3,PED,28.0,False,False,10.9,False
2026-02-03 04:00:00,2026-02-03,4,PED,30.0,False,False,10.5,False
2026-02-03 05:00:00,2026-02-03,5,PED,22.0,False,False,9.6,False
2026-02-03 06:00:00,2026-02-03,6,PED,8.0,False,False,9.1,False
2026-02-03 07:00:00,2026-02-03,7,PED,2.0,False,False,9.0,False
2026-02-03 08:00:00,2026-02-03,8,PED,1.0,False,False,8.7,False
2026-02-03 09:00:00,2026-02-03,9,PED,4.0,False,False,10.5,False
2026-02-03 10:00:00,2026-02-03,10,PED,14.0,False,False,13.0,False
2026-02-03 11:00:00,2026-02-03,11,PED,35.0,False,False,16.0,False
2026-02-03 12:00:00,2026-02-03,12,PED,53.0,False,False,18.6,False
2026-02-03 13:00:00,2026-02-03,13,PED,54.0,False,False,20.4,False
2026-02-03 14:00:00,2026-02-03,14,PED,67.0,False,False,21.0,False
2026-02-03 15:00:00,2026-02-03,15,PED,75.0,False,False,21.8,False
2026-02-03 16:00:00,2026-02-03,16,PED,77.0,False,False,22.0,False
2026-02-03 17:00:00,2026-02-03,17,PED,67.0,False,False,20.9,False
2026-02-03 18:00:00,2026-02-03,18,PED,58.0,False,False,20.6,False
2026-02-03 19:00:00,2026-02-03,19,PED,47.0,False,False,19.4,False
2026-02-03 20:00:00,2026-02-03,20,PED,46.0,False,False,18.0,False
2026-02-03 21:00:00,2026-02-03,21,PED,36.0,False,False,18.1,False
2026-02-03 22:00:00,2026-02-03,22,PED,23.0,False,False,17.5,False
2026-02-03 23:00:00,2026-02-03,23,PED,35.0,False,False,16.2,False
2026-02-04 00:00:00,2026-02-03,24,PED,30.0,False,False,15.7,False
2026-02-04 01:00:00,2026-02-04,1,PED,29.0,False,False,15.2,False
2026-02-04 02:00:00,2026-02-04,2,PED,27.0,False,False,14.3,False
2026-02-04 03:00:00,2026-02-04,3,PED,27.0,False,False,13.1,False
2026-02-04 04:00:00,2026-02-04,4,PED,33.0,False,False,12.5,False
2026-02-04 05:00:00,2026-02-04,5,PED,29.0,False,False,11.8,False
2026-02-04 06:00:00,2026-02-04,6,PED,23.0,False,False,11.1,False
2026-02-04 07:00:00,2026-02-04,7,PED,7.0,False,False,10.7,False
2026-02-04 08:00:00,2026-02-04,8,PED,2.0,False,False,10.5,False
2026-02-04 09:00:00,2026-02-04,9,PED,5.0,False,False,12.7,False
2026-02-04 10:00:00,2026-02-04,10,PED,16.0,False,False,14.2,False
2026-02-04 11:00:00,2026-02-04,11,PED,35.0,False,False,16.2,False
2026-02-04 12:00:00,2026-02-04,12,PED,53.0,False,False,15.87142857142857,True
2026-02-04 13:00:00,2026-02-04,13,PED,75.0,False,False,15.542857142857143,True
2026-02-04 14:00:00,2026-02-04,14,PED,92.0,False,False,15.214285714285714,True
2026-02-04 15:00:00,2026-02-04,15,PED,103.0,False,False,14.885714285714284,True
2026-02-04 16:00:00,2026-02-04,16,PED,105.0,False,False,14.557142857142857,True
2026-02-04 17:00:00,2026-02-04,17,PED,106.0,False,False,14.228571428571428,True
2026-02-04 18:00:00,2026-02-04,18,PED,74.0,False,False,13.899999999999999,True
2026-02-04 19:00:00,2026-02-04,19,PED,62.0,False,False,13.571428571428571,True
2026-02-04 20:00:00,2026-02-04,20,PED,43.0,False,False,13.242857142857142,True
2026-02-04 21:00:00,2026-02-04,21,PED,25.0,False,False,12.914285714285715,True
2026-02-04 22:00:00,2026-02-04,22,PED,17.0,False,False,12.585714285714285,True
2026-02-04 23:00:00,2026-02-04,23,PED,22.0,False,False,12.257142857142856,True
2026-02-05 00:00:00,2026-02-04,24,PED,22.0,False,False,11.928571428571427,True
2026-02-05 01:00:00,2026-02-05,1,PED,20.0,True,True,11.6,False
2026-02-05 02:00:00,2026-02-05,2,PED,22.0,True,True,11.1,False
2026-02-05 03:00:00,2026-02-05,3,PED,23.5,True,True,10.8,False
2026-02-05 04:00:00,2026-02-05,4,PED,32.0,False,False,10.6,False
2026-02-05 05:00:00,2026-02-05,5,PED,31.0,False,False,10.3,False
2026-02-05 06:00:00,2026-02-05,6,PED,29.0,False,False,10.1,False
2026-02-05 07:00:00,2026-02-05,7,PED,24.0,False,False,10.0,False
2026-02-05 08:00:00,2026-02-05,8,PED,17.0,False,False,10.0,False
2026-02-05 09:00:00,2026-02-05,9,PED,19.0,False,False,10.1,False
2026-02-05 10:00:00,2026-02-05,10,PED,17.0,False,False,10.6,False
2026-02-05 11:00:00,2026-02-05,11,PED,17.0,False,False,11.1,False
2026-02-05 12:00:00,2026-02-05,12,PED,20.0,False,False,11.5,False
2026-02-05 13:00:00,2026-02-05,13,PED,27.0,False,False,12.6,False
2026-02-05 14:00:00,2026-02-05,14,PED,40.0,False,False,14.3,False
2026-02-05 15:00:00,2026-02-05,15,PED,59.0,False,False,16.2,False
2026-02-05 16:00:00,2026-02-05,16,PED,78.0,False,False,17.3,False
2026-02-05 17:00:00,2026-02-05,17,PED,87.0,False,False,17.7,False
2026-02-05 18:00:00,2026-02-05,18,PED,77.0,False,False,17.4,False
2026-02-05 19:00:00,2026-02-05,19,PED,55.0,False,False,17.0,False
2026-02-05 20:00:00,2026-02-05,20,PED,44.0,False,False,16.3,False
2026-02-05 21:00:00,2026-02-05,21,PED,49.0,False,False,15.5,False
2026-02-05 22:00:00,2026-02-05,22,PED,34.0,False,False,14.5,False
2026-02-05 23:00:00,2026-02-05,23,PED,9.0,False,False,13.5,False
2026-02-06 00:00:00,2026-02-05,24,PED,2.0,False,False,12.4,False
2026-02-06 01:00:00,2026-02-06,1,PED,2.0,False,False,11.7,False
2026-02-06 02:00:00,2026-02-06,2,PED,1.0,False,False,11.0,False
2026-02-06 03:00:00,2026-02-06,3,PED,1.0,False,False,10.3,False
2026-02-06 04:00:00,2026-02-06,4,PED,3.0,False,False,9.7,False
2026-02-06 05:00:00,2026-02-06,5,PED,6.0,False,False,9.2,False
2026-02-06 06:00:00,2026-02-06,6,PED,2.0,False,False,8.7,False
2026-02-06 07:00:00,2026-02-06,7,PED,1.0,False,False,8.3,False
2026-02-06 08:00:00,2026-02-06,8,PED,1.0,False,False,8.2,False
2026-02-06 09:00:00,2026-02-06,9,PED,5.0,False,False,9.8,False
2026-02-06 10:00:00,2026-02-06,10,PED,16.0,False,False,12.3,False
2026-02-06 11:00:00,2026-02-06,11,PED,34.0,False,False,14.9,False
2026-02-06 12:00:00,2026-02-06,12,PED,52.0,False,False,17.5,False
2026-02-06 13:00:00,2026-02-06,13,PED,64.0,False,False,19.1,False
2026-02-06 14:00:00,2026-02-06,14,PED,72.0,False,False,20.2,False
2026-02-06 15:00:00,2026-02-06,15,PED,86.0,False,False,20.9,False
2026-02-06 16:00:00,2026-02-06,16,PED,80.0,False,False,21.5,False
2026-02-06 17:00:00,2026-02-06,17,PED,69.0,False,False,21.2,False
2026-02-06 18:00:00,2026-02-06,18,PED,53.0,False,False,20.7,False
2026-02-06 19:00:00,2026-02-06,19,PED,45.0,False,False,19.2,False
2026-02-06 20:00:00,2026-02-06,20,PED,28.0,False,False,17.7,False
2026-02-06 21:00:00,2026-02-06,21,PED,10.0,False,False,16.4,False
2026-02-06 22:00:00,2026-02-06,22,PED,18.0,False,False,15.0,False
2026-02-06 23:00:00,2026-02-06,23,PED,12.0,False,False,13.7,False
2026-02-07 00:00:00,2026-02-06,24,PED,3.0,False,False,12.4,False
2026-02-07 01:00:00,2026-02-07,1,PED,14.0,False,False,11.5,False
2026-02-07 02:00:00,2026-02-07,2,PED,20.0,False,False,10.9,False
2026-02-07 03:00:00,2026-02-07,3,PED,20.0,False,False,10.3,False
2026-02-07 04:00:00,2026-02-07,4,PED,18.0,False,False,9.7,False
2026-02-07 05:00:00,2026-02-07,5,PED,14.0,False,False,9.3,False
2026-02-07 06:00:00,2026-02-07,6,PED,12.0,False,False,8.5,False
2026-02-07 07:00:00,2026-02-07,7,PED,4.0,False,False,7.9,False
2026-02-07 08:00:00,2026-02-07,8,PED,2.0,False,False,7.6,False
2026-02-07 09:00:00,2026-02-07,9,PED,4.0,False,False,9.1,False
2026-02-07 10:00:00,2026-02-07,10,PED,14.0,False,False,11.7,False
2026-02-07 11:00:00,2026-02-07,11,PED,29.0,False,False,15.0,False
2026-02-07 12:00:00,2026-02-07,12,PED,47.0,False,False,18.3,False
2026-02-07 13:00:00,2026-02-07,13,PED,52.0,False,False,20.1,False
2026-02-07 14:00:00,2026-02-07,14,PED,61.0,False,False,21.4,False
2026-02-07 15:00:00,2026-02-07,15,PED,59.0,False,False,22.1,False
2026-02-07 16:00:00,2026-02-07,16,PED,70.0,False,False,22.7,False
2026-02-07 17:00:00,2026-02-07,17,PED,76.0,False,False,23.0,False
2026-02-07 18:00:00,2026-02-07,18,PED,79.0,False,False,22.4,False
2026-02-07 19:00:00,2026-02-07,19,PED,49.0,False,False,20.9,False
2026-02-07 20:00:00,2026-02-07,20,PED,27.0,False,False,18.9,False
2026-02-07 21:00:00,2026-02-07,21,PED,11.0,False,False,17.0,False
2026-02-07 22:00:00,2026-02-07,22,PED,9.0,False,False,14.7,False
2026-02-07 23:00:00,2026-02-07,23,PED,15.0,False,False,13.6,False
2026-02-08 00:00:00,2026-02-07,24,PED,17.0,False,False,12.9,False
2026-02-08 01:00:00,2026-02-08,1,PED,19.0,False,False,12.1,False
2026-02-08 02:00:00,2026-02-08,2,PED,21.0,False,False,11.3,False
2026-02-08 03:00:00,2026-02-08,3,PED,25.0,False,False,10.7,False
2026-02-08 04:00:00,2026-02-08,4,PED,26.0,False,False,10.1,False
2026-02-08 05:00:00,2026-02-08,5,PED,23.0,False,False,9.5,False
2026-02-08 06:00:00,2026-02-08,6,PED,17.0,False,False,8.9,False
2026-02-08 07:00:00,2026-02-08,7,PED,3.0,False,False,8.2,False
2026-02-08 08:00:00,2026-02-08,8,PED,2.0,False,False,8.1,False
2026-02-08 09:00:00,2026-02-08,9,PED,9.0,False,False,10.3,False
2026-02-08 10:00:00,2026-02-08,10,PED,28.0,False,False,12.7,False
2026-02-08 11:00:00,2026-02-08,11,PED,49.0,False,False,15.9,False
2026-02-08 12:00:00,2026-02-08,12,PED,72.0,False,False,18.9,False
2026-02-08 13:00:00,2026-02-08,13,PED,77.0,False,False,21.2,False
2026-02-08 14:00:00,2026-02-08,14,PED,73.0,False,False,22.5,False
2026-02-08 15:00:00,2026-02-08,15,PED,79.0,False,False,23.2,False
2026-02-08 16:00:00,2026-02-08,16,PED,95.0,False,False,23.5,False
2026-02-08 17:00:00,2026-02-08,17,PED,102.0,False,False,23.7,False
2026-02-08 18:00:00,2026-02-08,18,PED,92.0,False,False,23.6,False
2026-02-08 19:00:00,2026-02-08,19,PED,70.0,False,False,21.8,False
2026-02-08 20:00:00,2026-02-08,20,PED,38.0,False,False,19.7,False
2026-02-08 21:00:00,2026-02-08,21,PED,28.0,False,False,18.0,False
2026-02-08 22:00:00,2026-02-08,22,PED,28.0,False,False,16.7,False
2026-02-08 23:00:00,2026-02-08,23,PED,15.0,False,False,15.0,False
2026-02-09 00:00:00,2026-02-08,24,PED,17.0,False,False,13.5,False
2026-02-09 01:00:00,2026-02-09,1,PED,25.0,False,False,12.6,False
2026-02-09 02:00:00,2026-02-09,2,PED,29.0,False,False,12.0,False
2026-02-09 03:00:00,2026-02-09,3,PED,29.0,False,False,11.3,False
2026-02-09 04:00:00,2026-02-09,4,PED,29.0,False,False,10.6,False
2026-02-09 05:00:00,2026-02-09,5,PED,30.0,False,False,10.0,False
2026-02-09 06:00:00,2026-02-09,6,PED,26.0,False,False,9.6,False
2026-02-09 07:00:00,2026-02-09,7,PED,7.0,False,False,9.1,False
2026-02-09 08:00:00,2026-02-09,8,PED,2.0,False,False,9.2,False
2026-02-09 09:00:00,2026-02-09,9,PED,7.0,False,False,11.2,False
2026-02-09 10:00:00,2026-02-09,10,PED,16.0,False,False,13.4,False
2026-02-09 11:00:00,2026-02-09,11,PED,29.0,False,False,16.0,False
2026-02-09 12:00:00,2026-02-09,12,PED,53.0,False,False,18.2,False
2026-02-09 13:00:00,2026-02-09,13,PED,76.0,False,False,20.4,False
2026-02-09 14:00:00,2026-02-09,14,PED,90.0,False,False,22.1,False
2026-02-09 15:00:00,2026-02-09,15,PED,101.0,False,False,23.1,False
2026-02-09 16:00:00,2026-02-09,16,PED,111.0,False,False,24.0,False
2026-02-09 17:00:00,2026-02-09,17,PED,117.0,False,False,24.4,False
2026-02-09 18:00:00,2026-02-09,18,PED,118.0,False,False,24.0,False
2026-02-09 19:00:00,2026-02-09,19,PED,86.0,False,False,21.9,False
2026-02-09 20:00:00,2026-02-09,20,PED,52.0,False,False,20.2,False
2026-02-09 21:00:00,2026-02-09,21,PED,25.0,False,False,19.0,False
2026-02-09 22:00:00,2026-02-09,22,PED,20.0,False,False,17.3,False
2026-02-09 23:00:00,2026-02-09,23,PED,23.0,False,False,15.7,False
2026-02-10 00:00:00,2026-02-09,24,PED,26.0,False,False,14.6,False
2026-02-10 01:00:00,2026-02-10,1,PED,11.0,False,False,13.2,False
2026-02-10 02:00:00,2026-02-10,2,PED,18.0,False,False,12.6,False
2026-02-10 03:00:00,2026-02-10,3,PED,26.0,False,False,12.3,False
2026-02-10 04:00:00,2026-02-10,4,PED,20.0,False,False,11.2,False
2026-02-10 05:00:00,2026-02-10,5,PED,24.0,False,False,10.6,False
2026-02-10 06:00:00,2026-02-10,6,PED,16.0,False,False,10.0,False
2026-02-10 07:00:00,2026-02-10,7,PED,1.0,False,False,9.2,False
2026-02-10 08:00:00,2026-02-10,8,PED,2.0,False,False,9.5,False
2026-02-10 09:00:00,2026-02-10,9,PED,8.0,False,False,12.7,False
2026-02-10 10:00:00,2026-02-10,10,PED,12.0,False,False,15.0,False
2026-02-10 11:00:00,2026-02-10,11,PED,34.0,False,False,17.9,False
2026-02-10 12:00:00,2026-02-10,12,PED,61.0,False,False,20.3,False
2026-02-10 13:00:00,2026-02-10,13,PED,83.0,False,False,22.3,False
2026-02-10 14:00:00,2026-02-10,14,PED,102.0,False,False,24.0,False
2026-02-10 15:00:00,2026-02-10,15,PED,96.0,False,False,25.5,False
2026-02-10 16:00:00,2026-02-10,16,PED,108.0,False,False,26.2,False
2026-02-10 17:00:00,2026-02-10,17,PED,95.0,False,False,26.7,False
2026-02-10 18:00:00,2026-02-10,18,PED,79.0,False,False,26.2,False
2026-02-10 19:00:00,2026-02-10,19,PED,52.0,False,False,23.9,False
2026-02-10 20:00:00,2026-02-10,20,PED,43.0,False,False,21.9,False
2026-02-10 21:00:00,2026-02-10,21,PED,31.0,False,False,20.3,False
2026-02-10 22:00:00,2026-02-10,22,PED,21.0,False,False,19.8,False
2026-02-10 23:00:00,2026-02-10,23,PED,17.0,False,False,18.7,False
2026-02-11 00:00:00,2026-02-10,24,PED,11.0,False,False,17.1,False
2026-02-11 01:00:00,2026-02-11,1,PED,27.0,False,True,16.3,False
2026-02-11 02:00:00,2026-02-11,2,PED,35.0,False,True,15.9,False
2026-02-11 03:00:00,2026-02-11,3,PED,38.0,False,True,15.4,False
2026-02-11 04:00:00,2026-02-11,4,PED,30.0,False,False,14.2,False
2026-02-11 05:00:00,2026-02-11,5,PED,12.0,False,False,13.3,False
2026-02-11 06:00:00,2026-02-11,6,PED,10.0,False,False,12.8,False
2026-02-11 07:00:00,2026-02-11,7,PED,1.0,False,False,12.4,False
2026-02-11 08:00:00,2026-02-11,8,PED,5.0,False,False,12.9,False
2026-02-11 09:00:00,2026-02-11,9,PED,4.0,False,False,14.4,False
2026-02-11 10:00:00,2026-02-11,10,PED,7.0,False,False,16.9,False
2026-02-11 11:00:00,2026-02-11,11,PED,39.0,False,False,19.7,False
2026-02-11 12:00:00,2026-02-11,12,PED,67.0,False,False,22.0,False
2026-02-11 13:00:00,2026-02-11,13,PED,82.0,False,False,23.9,False
2026-02-11 14:00:00,2026-02-11,14,PED,101.0,False,False,24.7,False
2026-02-11 15:00:00,2026-02-11,15,PED,107.0,False,False,25.6,False
2026-02-11 16:00:00,2026-02-11,16,PED,123.0,False,False,25.9,False
2026-02-11 17:00:00,2026-02-11,17,PED,137.0,False,False,26.2,False
2026-02-11 18:00:00,2026-02-11,18,PED,135.0,False,False,25.9,False
2026-02-11 19:00:00,2026-02-11,19,PED,82.0,False,False,23.9,False
2026-02-11 20:00:00,2026-02-11,20,PED,40.0,False,False,22.2,False
2026-02-11 21:00:00,2026-02-11,21,PED,39.0,False,False,20.5,False
2026-02-11 22:00:00,2026-02-11,22,PED,40.0,False,False,19.2,False
2026-02-11 23:00:00,2026-02-11,23,PED,32.0,False,False,18.0,False
2026-02-12 00:00:00,2026-02-11,24,PED,26.0,False,False,16.4,False
2026-02-12 01:00:00,2026-02-12,1,PED,34.0,False,False,15.6,False
2026-02-12 02:00:00,2026-02-12,2,PED,41.0,False,False,14.8,False
2026-02-12 03:00:00,2026-02-12,3,PED,38.0,False,False,14.2,False
2026-02-12 04:00:00,2026-02-12,4,PED,28.0,False,False,13.5,False
2026-02-12 05:00:00,2026-02-12,5,PED,21.0,False,False,12.8,False
2026-02-12 06:00:00,2026-02-12,6,PED,21.0,False,False,12.3,False
2026-02-12 07:00:00,2026-02-12,7,PED,9.0,False,False,11.9,False
2026-02-12 08:00:00,2026-02-12,8,PED,2.0,False,False,11.8,False
2026-02-12 09:00:00,2026-02-12,9,PED,7.0,False,False,13.5,False
2026-02-12 10:00:00,2026-02-12,10,PED,15.0,False,False,15.7,False
2026-02-12 11:00:00,2026-02-12,11,PED,38.0,False,False,18.5,False
2026-02-12 12:00:00,2026-02-12,12,PED,65.0,False,False,21.1,False
2026-02-12 13:00:00,2026-02-12,13,PED,86.0,False,False,23.2,False
2026-02-12 14:00:00,2026-02-12,14,PED,96.0,False,False,24.5,False
2026-02-12 15:00:00,2026-02-12,15,PED,111.0,False,False,25.0,False
2026-02-12 16:00:00,2026-02-12,16,PED,133.0,False,False,25.7,False
2026-02-12 17:00:00,2026-02-12,17,PED,128.0,False,False,25.9,False
2026-02-12 18:00:00,2026-02-12,18,PED,94.0,False,False,25.6,False
2026-02-12 19:00:00,2026-02-12,19,PED,64.0,False,False,24.1,False
2026-02-12 20:00:00,2026-02-12,20,PED,44.0,False,False,22.6,False
2026-02-12 21:00:00,2026-02-12,21,PED,29.0,False,False,21.0,False
2026-02-12 22:00:00,2026-02-12,22,PED,14.0,False,False,19.4,False
2026-02-12 23:00:00,2026-02-12,23,PED,11.0,False,False,17.5,False
2026-02-13 00:00:00,2026-02-12,24,PED,20.0,False,False,16.3,False
2026-02-13 01:00:00,2026-02-13,1,PED,27.0,False,False,15.5,False
2026-02-13 02:00:00,2026-02-13,2,PED,31.0,False,False,14.9,False
2026-02-13 03:00:00,2026-02-13,3,PED,33.0,False,False,14.5,False
2026-02-13 04:00:00,2026-02-13,4,PED,30.0,False,False,13.6,False
2026-02-13 05:00:00,2026-02-13,5,PED,35.0,False,False,13.2,False
2026-02-13 06:00:00,2026-02-13,6,PED,27.0,False,False,12.6,False
2026-02-13 07:00:00,2026-02-13,7,PED,15.0,False,False,12.1,False
2026-02-13 08:00:00,2026-02-13,8,PED,3.0,False,False,12.0,False
2026-02-13 09:00:00,2026-02-13,9,PED,4.0,False,False,14.1,False
2026-02-13 10:00:00,2026-02-13,10,PED,12.0,False,False,16.7,False
2026-02-13 11:00:00,2026-02-13,11,PED,39.0,False,False,19.3,False
2026-02-13 12:00:00,2026-02-13,12,PED,65.0,False,False,21.7,False
2026-02-13 13:00:00,2026-02-13,13,PED,78.0,False,False,23.8,False
2026-02-13 14:00:00,2026-02-13,14,PED,89.0,False,False,25.0,False
2026-02-13 15:00:00,2026-02-13,15,PED,90.0,False,False,25.9,False
2026-02-13 16:00:00,2026-02-13,16,PED,102.0,False,False,26.2,False
2026-02-13 17:00:00,2026-02-13,17,PED,114.0,False,False,26.1,False
2026-02-13 18:00:00,2026-02-13,18,PED,127.0,False,False,25.7,False
2026-02-13 19:00:00,2026-02-13,19,PED,102.0,False,False,23.9,False
2026-02-13 20:00:00,2026-02-13,20,PED,65.0,False,False,21.2,False
2026-02-13 21:00:00,2026-02-13,21,PED,46.0,False,False,20.7,False
2026-02-13 22:00:00,2026-02-13,22,PED,30.0,False,False,19.5,False
2026-02-13 23:00:00,2026-02-13,23,PED,26.0,False,False,18.3,False
2026-02-14 00:00:00,2026-02-13,24,PED,28.0,False,False,17.0,False
2026-02-14 01:00:00,2026-02-14,1,PED,39.0,False,False,16.2,False
2026-02-14 02:00:00,2026-02-14,2,PED,45.0,False,False,15.8,False
2026-02-14 03:00:00,2026-02-14,3,PED,40.0,False,False,15.1,False
2026-02-14 04:00:00,2026-02-14,4,PED,42.0,False,False,14.6,False
2026-02-14 05:00:00,2026-02-14,5,PED,39.0,False,False,13.9,False
2026-02-14 06:00:00,2026-02-14,6,PED,23.0,False,False,13.3,False
2026-02-14 07:00:00,2026-02-14,7,PED,13.0,False,False,13.0,False
2026-02-14 08:00:00,2026-02-14,8,PED,3.0,False,False,12.7,False
2026-02-14 09:00:00,2026-02-14,9,PED,8.0,False,False,14.7,False
2026-02-14 10:00:00,2026-02-14,10,PED,28.0,False,False,17.0,False
2026-02-14 11:00:00,2026-02-14,11,PED,52.0,False,False,19.9,False
2026-02-14 12:00:00,2026-02-14,12,PED,78.0,False,False,21.8,False
2026-02-14 13:00:00,2026-02-14,13,PED,99.0,False,False,23.3,False
2026-02-14 14:00:00,2026-02-14,14,PED,114.0,False,False,24.8,False
2026-02-14 15:00:00,2026-02-14,15,PED,126.0,False,False,25.6,False
2026-02-14 16:00:00,2026-02-14,16,PED,127.0,False,False,26.1,False
2026-02-14 17:00:00,2026-02-14,17,PED,112.0,False,False,26.1,False
2026-02-14 18:00:00,2026-02-14,18,PED,95.0,False,False,25.7,False
2026-02-14 19:00:00,2026-02-14,19,PED,63.0,False,False,24.2,False
2026-02-14 20:00:00,2026-02-14,20,PED,42.0,False,False,22.0,False
2026-02-14 21:00:00,2026-02-14,21,PED,38.0,False,False,20.5,False
2026-02-14 22:00:00,2026-02-14,22,PED,35.0,False,False,19.3,False
2026-02-14 23:00:00,2026-02-14,23,PED,29.0,False,False,18.1,False
2026-02-15 00:00:00,2026-02-14,24,PED,19.0,False,False,17.1,False
2026-02-15 01:00:00,2026-02-15,1,PED,20.0,False,False,16.6,False
2026-02-15 02:00:00,2026-02-15,2,PED,35.0,False,False,16.3,False
2026-02-15 03:00:00,2026-02-15,3,PED,37.0,False,False,15.8,False
2026-02-15 04:00:00,2026-02-15,4,PED,36.0,False,False,15.2,False
2026-02-15 05:00:00,2026-02-15,5,PED,36.0,False,False,14.7,False
2026-02-15 06:00:00,2026-02-15,6,PED,33.0,False,False,14.2,False
2026-02-15 07:00:00,2026-02-15,7,PED,31.0,False,False,13.9,False
2026-02-15 08:00:00,2026-02-15,8,PED,11.0,False,False,13.3,False
2026-02-15 09:00:00,2026-02-15,9,PED,16.0,False,False,15.3,False
2026-02-15 10:00:00,2026-02-15,10,PED,38.0,False,False,16.7,False
2026-02-15 11:00:00,2026-02-15,11,PED,53.0,False,False,17.7,False
2026-02-15 12:00:00,2026-02-15,12,PED,70.0,False,False,19.1,False
2026-02-15 13:00:00,2026-02-15,13,PED,90.0,False,False,20.8,False
2026-02-15 14:00:00,2026-02-15,14,PED,109.0,False,False,21.9,False
2026-02-15 15:00:00,2026-02-15,15,PED,124.0,False,False,23.1,False
2026-02-15 16:00:00,2026-02-15,16,PED,136.0,False,False,24.0,False
2026-02-15 17:00:00,2026-02-15,17,PED,137.0,False,False,24.7,False
2026-02-15 18:00:00,2026-02-15,18,PED,128.0,False,False,24.9,False
2026-02-15 19:00:00,2026-02-15,19,PED,108.0,False,False,23.0,False
2026-02-15 20:00:00,2026-02-15,20,PED,77.0,False,False,21.0,False
2026-02-15 21:00:00,2026-02-15,21,PED,44.0,False,False,20.0,False
2026-02-15 22:00:00,2026-02-15,22,PED,26.0,False,False,17.8,False
2026-02-15 23:00:00,2026-02-15,23,PED,23.0,False,False,16.6,False
2026-02-16 00:00:00,2026-02-15,24,PED,26.0,False,False,15.8,False
2026-02-16 01:00:00,2026-02-16,1,PED,21.0,False,False,15.0,False
2026-02-16 02:00:00,2026-02-16,2,PED,22.0,False,False,14.3,False
2026-02-16 03:00:00,2026-02-16,3,PED,24.0,False,False,13.7,False
2026-02-16 04:00:00,2026-02-16,4,PED,29.0,False,False,13.5,False
2026-02-16 05:00:00,2026-02-16,5,PED,23.0,False,False,13.1,False
2026-02-16 06:00:00,2026-02-16,6,PED,16.0,False,False,12.6,False
2026-02-16 07:00:00,2026-02-16,7,PED,6.0,False,False,12.2,False
2026-02-16 08:00:00,2026-02-16,8,PED,2.0,False,False,12.2,False
2026-02-16 09:00:00,2026-02-16,9,PED,6.0,False,False,13.8,False
2026-02-16 10:00:00,2026-02-16,10,PED,21.0,False,False,15.8,False
2026-02-16 11:00:00,2026-02-16,11,PED,46.0,False,False,18.3,False
2026-02-16 12:00:00,2026-02-16,12,PED,69.0,False,False,20.7,False
2026-02-16 13:00:00,2026-02-16,13,PED,93.0,False,False,22.6,False
2026-02-16 14:00:00,2026-02-16,14,PED,116.0,False,False,24.1,False
2026-02-16 15:00:00,2026-02-16,15,PED,135.0,False,False,25.4,False
2026-02-16 16:00:00,2026-02-16,16,PED,148.0,False,False,26.1,False
2026-02-16 17:00:00,2026-02-16,17,PED,143.0,False,False,26.2,False
2026-02-16 18:00:00,2026-02-16,18,PED,111.0,False,False,25.5,False
2026-02-16 19:00:00,2026-02-16,19,PED,72.0,False,False,23.9,False
2026-02-16 20:00:00,2026-02-16,20,PED,56.0,False,False,23.1,False
2026-02-16 21:00:00,2026-02-16,21,PED,37.0,False,False,21.4,False
2026-02-16 22:00:00,2026-02-16,22,PED,29.0,False,False,19.5,False
2026-02-16 23:00:00,2026-02-16,23,PED,19.0,False,False,18.7,False
2026-02-17 00:00:00,2026-02-16,24,PED,25.0,False,False,17.3,False
2026-02-17 01:00:00,2026-02-17,1,PED,30.0,False,True,16.5,False
2026-02-17 02:00:00,2026-02-17,2,PED,34.0,False,True,15.7,False
2026-02-17 03:00:00,2026-02-17,3,PED,35.0,False,True,15.1,False
2026-02-17 04:00:00,2026-02-17,4,PED,35.0,False,False,14.5,False
2026-02-17 05:00:00,2026-02-17,5,PED,36.0,False,False,14.1,False
2026-02-17 06:00:00,2026-02-17,6,PED,23.0,False,False,13.1,False
2026-02-17 07:00:00,2026-02-17,7,PED,8.0,False,False,12.6,False
2026-02-17 08:00:00,2026-02-17,8,PED,2.0,False,False,12.6,False
2026-02-17 09:00:00,2026-02-17,9,PED,12.0,False,False,14.7,False
2026-02-17 10:00:00,2026-02-17,10,PED,20.0,False,False,17.0,False
2026-02-17 11:00:00,2026-02-17,11,PED,38.0,False,False,19.9,False
2026-02-17 12:00:00,2026-02-17,12,PED,68.0,False,False,22.6,False
2026-02-17 13:00:00,2026-02-17,13,PED,76.0,False,False,23.9,False
2026-02-17 14:00:00,2026-02-17,14,PED,79.0,False,False,25.1,False
2026-02-17 15:00:00,2026-02-17,15,PED,92.0,False,False,26.0,False
2026-02-17 16:00:00,2026-02-17,16,PED,96.0,False,False,26.5,False
2026-02-17 17:00:00,2026-02-17,17,PED,96.0,False,False,26.7,False
2026-02-17 18:00:00,2026-02-17,18,PED,100.0,False,False,26.2,False
2026-02-17 19:00:00,2026-02-17,19,PED,62.0,False,False,24.5,False
2026-02-17 20:00:00,2026-02-17,20,PED,31.0,False,False,22.9,False
2026-02-17 21:00:00,2026-02-17,21,PED,30.0,False,False,21.0,False
2026-02-17 22:00:00,2026-02-17,22,PED,14.0,False,False,20.2,False
2026-02-17 23:00:00,2026-02-17,23,PED,8.0,False,False,18.6,False
2026-02-18 00:00:00,2026-02-17,24,PED,24.0,False,False,17.2,False
2026-02-18 01:00:00,2026-02-18,1,PED,33.0,False,False,16.4,False
2026-02-18 02:00:00,2026-02-18,2,PED,38.0,False,False,15.7,False
2026-02-18 03:00:00,2026-02-18,3,PED,39.0,False,False,15.1,False
2026-02-18 04:00:00,2026-02-18,4,PED,35.0,False,False,14.2,False
2026-02-18 05:00:00,2026-02-18,5,PED,24.0,False,False,13.3,False
2026-02-18 06:00:00,2026-02-18,6,PED,26.0,False,False,12.7,False
2026-02-18 07:00:00,2026-02-18,7,PED,13.0,False,False,12.3,False
2026-02-18 08:00:00,2026-02-18,8,PED,3.0,False,False,12.4,False
2026-02-18 09:00:00,2026-02-18,9,PED,6.0,False,False,14.7,False
2026-02-18 10:00:00,2026-02-18,10,PED,12.0,False,False,17.6,False
2026-02-18 11:00:00,2026-02-18,11,PED,50.0,False,False,20.3,False
2026-02-18 12:00:00,2026-02-18,12,PED,59.333333333333336,True,False,22.9,False
2026-02-18 13:00:00,2026-02-18,13,PED,68.66666666666667,True,False,25.4,False
2026-02-18 14:00:00,2026-02-18,14,PED,78.0,False,False,26.6,False
2026-02-18 15:00:00,2026-02-18,15,PED,85.0,False,False,27.7,False
2026-02-18 16:00:00,2026-02-18,16,PED,98.0,False,False,27.9,False
2026-02-18 17:00:00,2026-02-18,17,PED,107.0,False,False,27.8,False
2026-02-18 18:00:00,2026-02-18,18,PED,101.0,False,False,27.6,False
2026-02-18 19:00:00,2026-02-18,19,PED,67.0,False,False,26.1,False
2026-02-18 20:00:00,2026-02-18,20,PED,62.0,False,False,23.1,False
2026-02-18 21:00:00,2026-02-18,21,PED,41.0,False,False,21.6,False
2026-02-18 22:00:00,2026-02-18,22,PED,19.0,False,False,20.0,False
2026-02-18 23:00:00,2026-02-18,23,PED,24.0,False,False,18.6,False
2026-02-19 00:00:00,2026-02-18,24,PED,35.0,False,False,17.7,False
2026-02-19 01:00:00,2026-02-19,1,PED,36.0,False,False,16.9,False
2026-02-19 02:00:00,2026-02-19,2,PED,36.0,False,False,16.2,False
2026-02-19 03:00:00,2026-02-19,3,PED,33.0,False,False,15.4,False
2026-02-19 04:00:00,2026-02-19,4,PED,37.0,False,False,14.7,False
2026-02-19 05:00:00,2026-02-19,5,PED,36.0,False,False,14.1,False
2026-02-19 06:00:00,2026-02-19,6,PED,25.0,False,False,13.1,False
2026-02-19 07:00:00,2026-02-19,7,PED,14.0,False,False,12.9,False
2026-02-19 08:00:00,2026-02-19,8,PED,7.0,False,False,13.4,False
2026-02-19 09:00:00,2026-02-19,9,PED,11.0,False,False,15.9,False
2026-02-19 10:00:00,2026-02-19,10,PED,15.0,False,False,18.1,False
2026-02-19 11:00:00,2026-02-19,11,PED,49.0,False,False,21.1,False
2026-02-19 12:00:00,2026-02-19,12,PED,70.0,False,False,23.5,False
2026-02-19 13:00:00,2026-02-19,13,PED,75.0,False,False,26.0,False
2026-02-19 14:00:00,2026-02-19,14,PED,76.0,False,False,27.0,False
2026-02-19 15:00:00,2026-02-19,15,PED,88.0,False,False,27.9,False
2026-02-19 16:00:00,2026-02-19,16,PED,83.0,False,False,28.4,False
2026-02-19 17:00:00,2026-02-19,17,PED,79.0,False,False,28.5,False
2026-02-19 18:00:00,2026-02-19,18,PED,78.0,False,False,28.1,False
2026-02-19 19:00:00,2026-02-19,19,PED,53.0,False,False,26.5,False
2026-02-19 20:00:00,2026-02-19,20,PED,59.0,False,False,22.8,False
2026-02-19 21:00:00,2026-02-19,21,PED,41.0,False,False,21.3,False
2026-02-19 22:00:00,2026-02-19,22,PED,24.0,False,False,19.8,False
2026-02-19 23:00:00,2026-02-19,23,PED,2.0,False,False,18.5,False
2026-02-20 00:00:00,2026-02-19,24,PED,15.0,False,False,18.5,False
2026-02-20 01:00:00,2026-02-20,1,PED,21.0,False,False,17.6,False
2026-02-20 02:00:00,2026-02-20,2,PED,28.0,False,False,16.1,False
2026-02-20 03:00:00,2026-02-20,3,PED,37.0,False,False,15.6,False
2026-02-20 04:00:00,2026-02-20,4,PED,38.0,False,False,14.9,False
2026-02-20 05:00:00,2026-02-20,5,PED,36.0,False,False,14.0,False
2026-02-20 06:00:00,2026-02-20,6,PED,13.0,False,False,12.8,False
2026-02-20 07:00:00,2026-02-20,7,PED,11.0,False,False,12.9,False
2026-02-20 08:00:00,2026-02-20,8,PED,2.0,False,False,12.7,False
2026-02-20 09:00:00,2026-02-20,9,PED,3.0,False,False,14.8,False
2026-02-20 10:00:00,2026-02-20,10,PED,19.0,False,False,17.7,False
2026-02-20 11:00:00,2026-02-20,11,PED,52.0,False,False,20.6,False
2026-02-20 12:00:00,2026-02-20,12,PED,68.0,False,False,23.3,False
2026-02-20 13:00:00,2026-02-20,13,PED,70.0,False,False,25.6,False
2026-02-20 14:00:00,2026-02-20,14,PED,72.0,False,False,26.8,False
2026-02-20 15:00:00,2026-02-20,15,PED,75.0,False,False,27.3,False
2026-02-20 16:00:00,2026-02-20,16,PED,75.0,False,False,27.8,False
2026-02-20 17:00:00,2026-02-20,17,PED,85.0,False,False,27.7,False
2026-02-20 18:00:00,2026-02-20,18,PED,86.0,False,False,27.4,False
2026-02-20 19:00:00,2026-02-20,19,PED,72.0,False,False,26.0,False
2026-02-20 20:00:00,2026-02-20,20,PED,44.0,False,False,23.7,False
2026-02-20 21:00:00,2026-02-20,21,PED,29.0,False,False,20.7,False
2026-02-20 22:00:00,2026-02-20,22,PED,14.0,False,False,19.2,False
2026-02-20 23:00:00,2026-02-20,23,PED,10.0,False,False,18.3,False
2026-02-21 00:00:00,2026-02-20,24,PED,18.0,False,False,17.3,False
2026-02-21 01:00:00,2026-02-21,1,PED,23.0,False,False,16.4,False
2026-02-21 02:00:00,2026-02-21,2,PED,25.0,False,False,15.6,False
2026-02-21 03:00:00,2026-02-21,3,PED,28.0,False,False,15.0,False
2026-02-21 04:00:00,2026-02-21,4,PED,29.0,False,False,14.4,False
2026-02-21 05:00:00,2026-02-21,5,PED,27.0,False,False,13.7,False
2026-02-21 06:00:00,2026-02-21,6,PED,27.0,False,False,13.3,False
2026-02-21 07:00:00,2026-02-21,7,PED,19.0,False,False,12.8,False
2026-02-21 08:00:00,2026-02-21,8,PED,6.0,False,False,12.6,False
2026-02-21 09:00:00,2026-02-21,9,PED,9.0,False,False,15.2,False
2026-02-21 10:00:00,2026-02-21,10,PED,19.0,False,False,17.2,False
2026-02-21 11:00:00,2026-02-21,11,PED,43.0,False,False,20.0,False
2026-02-21 12:00:00,2026-02-21,12,PED,62.0,False,False,22.4,False
2026-02-21 13:00:00,2026-02-21,13,PED,64.0,False,False,24.3,False
2026-02-21 14:00:00,2026-02-21,14,PED,69.0,False,False,25.9,False
2026-02-21 15:00:00,2026-02-21,15,PED,74.0,False,False,26.6,False
2026-02-21 16:00:00,2026-02-21,16,PED,84.0,False,False,27.0,False
2026-02-21 17:00:00,2026-02-21,17,PED,71.0,False,False,27.2,False
2026-02-21 18:00:00,2026-02-21,18,PED,50.0,False,False,26.2,False
2026-02-21 19:00:00,2026-02-21,19,PED,39.0,False,False,24.0,False
2026-02-21 20:00:00,2026-02-21,20,PED,33.0,False,False,21.7,False
2026-02-21 21:00:00,2026-02-21,21,PED,30.0,False,False,19.8,False
2026-02-21 22:00:00,2026-02-21,22,PED,28.0,False,False,18.3,False
2026-02-21 23:00:00,2026-02-21,23,PED,32.0,False,False,16.8,False
2026-02-22 00:00:00,2026-02-21,24,PED,36.0,False,False,15.4,False
2026-02-22 01:00:00,2026-02-22,1,PED,31.0,False,False,14.4,False
2026-02-22 02:00:00,2026-02-22,2,PED,39.0,False,False,13.5,False
2026-02-22 03:00:00,2026-02-22,3,PED,38.0,False,False,12.6,False
2026-02-22 04:00:00,2026-02-22,4,PED,38.0,False,False,12.7,False
2026-02-22 05:00:00,2026-02-22,5,PED,38.0,False,False,12.9,False
2026-02-22 06:00:00,2026-02-22,6,PED,35.0,False,False,12.8,False
2026-02-22 07:00:00,2026-02-22,7,PED,31.0,False,False,12.8,False
2026-02-22 08:00:00,2026-02-22,8,PED,36.0,False,False,12.8,False
2026-02-22 09:00:00,2026-02-22,9,PED,35.0,False,False,13.2,False
2026-02-22 10:00:00,2026-02-22,10,PED,32.0,False,False,13.3,False
2026-02-22 11:00:00,2026-02-22,11,PED,29.0,False,False,13.4,False
2026-02-22 12:00:00,2026-02-22,12,PED,21.0,False,False,11.7,False
2026-02-22 13:00:00,2026-02-22,13,PED,26.0,False,False,11.6,False
2026-02-22 14:00:00,2026-02-22,14,PED,32.0,False,False,12.2,False
2026-02-22 15:00:00,2026-02-22,15,PED,33.0,False,False,12.3,False
2026-02-22 16:00:00,2026-02-22,16,PED,34.0,False,False,12.3,False
2026-02-22 17:00:00,2026-02-22,17,PED,34.0,False,False,12.4,False
2026-02-22 18:00:00,2026-02-22,18,PED,32.0,False,False,12.2,False
2026-02-22 19:00:00,2026-02-22,19,PED,28.0,False,False,11.5,False
2026-02-22 20:00:00,2026-02-22,20,PED,25.0,False,False,11.1,False
2026-02-22 21:00:00,2026-02-22,21,PED,23.0,False,False,10.5,False
2026-02-22 22:00:00,2026-02-22,22,PED,20.0,False,False,9.1,False
2026-02-22 23:00:00,2026-02-22,23,PED,35.0,False,False,7.6,False
2026-02-23 00:00:00,2026-02-22,24,PED,36.0,False,False,7.1,False
2026-02-23 01:00:00,2026-02-23,1,PED,20.0,True,True,6.9,False
2026-02-23 02:00:00,2026-02-23,2,PED,22.0,True,True,6.6,False
2026-02-23 03:00:00,2026-02-23,3,PED,23.5,True,True,6.3,False
2026-02-23 04:00:00,2026-02-23,4,PED,40.0,False,False,5.6,False
2026-02-23 05:00:00,2026-02-23,5,PED,40.0,False,False,5.2,False
2026-02-23 06:00:00,2026-02-23,6,PED,37.0,False,False,4.8,False
2026-02-23 07:00:00,2026-02-23,7,PED,31.0,False,False,4.4,False
2026-02-23 08:00:00,2026-02-23,8,PED,22.0,False,False,4.7,False
2026-02-23 09:00:00,2026-02-23,9,PED,18.0,False,False,6.4,False
2026-02-23 10:00:00,2026-02-23,10,PED,21.0,False,False,8.2,False
2026-02-23 11:00:00,2026-02-23,11,PED,27.0,False,False,10.8,False
2026-02-23 12:00:00,2026-02-23,12,PED,36.0,False,False,13.4,False
2026-02-23 13:00:00,2026-02-23,13,PED,48.0,False,False,15.4,False
2026-02-23 14:00:00,2026-02-23,14,PED,57.0,False,False,16.9,False
2026-02-23 15:00:00,2026-02-23,15,PED,71.0,False,False,18.5,False
2026-02-23 16:00:00,2026-02-23,16,PED,81.0,False,False,19.5,False
2026-02-23 17:00:00,2026-02-23,17,PED,78.0,False,False,19.9,False
2026-02-23 18:00:00,2026-02-23,18,PED,61.0,False,False,18.8,False
2026-02-23 19:00:00,2026-02-23,19,PED,41.0,False,False,16.8,False
2026-02-23 20:00:00,2026-02-23,20,PED,37.0,False,False,14.6,False
2026-02-23 21:00:00,2026-02-23,21,PED,32.0,False,False,12.4,False
2026-02-23 22:00:00,2026-02-23,22,PED,27.0,False,False,10.9,False
2026-02-23 23:00:00,2026-02-23,23,PED,22.0,False,False,9.7,False
2026-02-24 00:00:00,2026-02-23,24,PED,15.0,False,False,8.6,False
2026-02-24 01:00:00,2026-02-24,1,PED,14.0,False,False,7.8,False
2026-02-24 02:00:00,2026-02-24,2,PED,17.0,False,False,7.2,False
2026-02-24 03:00:00,2026-02-24,3,PED,13.0,False,False,6.5,False
2026-02-24 04:00:00,2026-02-24,4,PED,9.0,False,False,6.2,False
2026-02-24 05:00:00,2026-02-24,5,PED,1.0,False,False,5.4,False
2026-02-24 06:00:00,2026-02-24,6,PED,1.0,False,False,5.0,False
2026-02-24 07:00:00,2026-02-24,7,PED,1.0,False,False,4.6,False
2026-02-24 08:00:00,2026-02-24,8,PED,2.0,False,False,4.7,False
2026-02-24 09:00:00,2026-02-24,9,PED,7.0,False,False,6.7,False
2026-02-24 10:00:00,2026-02-24,10,PED,12.0,False,False,9.2,False
2026-02-24 11:00:00,2026-02-24,11,PED,21.0,False,False,12.4,False
2026-02-24 12:00:00,2026-02-24,12,PED,37.0,False,False,15.9,False
2026-02-24 13:00:00,2026-02-24,13,PED,50.0,False,False,18.4,False
2026-02-24 14:00:00,2026-02-24,14,PED,47.0,False,False,20.0,False
2026-02-24 15:00:00,2026-02-24,15,PED,56.0,False,False,20.7,False
2026-02-24 16:00:00,2026-02-24,16,PED,70.0,False,False,21.3,False
2026-02-24 17:00:00,2026-02-24,17,PED,67.0,False,False,21.3,False
2026-02-24 18:00:00,2026-02-24,18,PED,53.0,False,False,20.6,False
2026-02-24 19:00:00,2026-02-24,19,PED,38.0,False,False,19.3,False
2026-02-24 20:00:00,2026-02-24,20,PED,18.0,False,False,17.9,False
2026-02-24 21:00:00,2026-02-24,21,PED,3.0,False,False,16.2,False
2026-02-24 22:00:00,2026-02-24,22,PED,5.0,False,False,14.2,False
2026-02-24 23:00:00,2026-02-24,23,PED,7.0,False,False,13.3,False
2026-02-25 00:00:00,2026-02-24,24,PED,10.0,False,False,12.4,False
2026-02-25 01:00:00,2026-02-25,1,PED,11.0,False,False,11.9,False
2026-02-25 02:00:00,2026-02-25,2,PED,18.0,False,False,11.4,False
2026-02-25 03:00:00,2026-02-25,3,PED,26.0,False,False,11.0,False
2026-02-25 04:00:00,2026-02-25,4,PED,25.0,False,False,10.4,False
2026-02-25 05:00:00,2026-02-25,5,PED,7.0,False,False,9.1,False
2026-02-25 06:00:00,2026-02-25,6,PED,1.0,False,False,8.6,False
2026-02-25 07:00:00,2026-02-25,7,PED,1.0,False,False,8.1,False
2026-02-25 08:00:00,2026-02-25,8,PED,1.0,False,False,8.6,False
2026-02-25 09:00:00,2026-02-25,9,PED,5.0,False,False,12.0,False
2026-02-25 10:00:00,2026-02-25,10,PED,12.0,False,False,14.9,False
2026-02-25 11:00:00,2026-02-25,11,PED,28.0,False,False,17.8,False
2026-02-25 12:00:00,2026-02-25,12,PED,44.0,False,False,20.5,False
2026-02-25 13:00:00,2026-02-25,13,PED,48.0,False,False,21.5,False
2026-02-25 14:00:00,2026-02-25,14,PED,60.0,False,False,22.4,False
2026-02-25 15:00:00,2026-02-25,15,PED,69.0,False,False,23.1,False
2026-02-25 16:00:00,2026-02-25,16,PED,71.0,False,False,23.4,False
2026-02-25 17:00:00,2026-02-25,17,PED,78.0,False,False,23.5,False
2026-02-25 18:00:00,2026-02-25,18,PED,73.0,False,False,22.9,False
2026-02-25 19:00:00,2026-02-25,19,PED,54.0,False,False,21.6,False
2026-02-25 20:00:00,2026-02-25,20,PED,18.0,False,False,20.1,False
2026-02-25 21:00:00,2026-02-25,21,PED,6.0,False,False,17.7,False
2026-02-25 22:00:00,2026-02-25,22,PED,6.0,False,False,16.9,False
2026-02-25 23:00:00,2026-02-25,23,PED,2.0,False,False,15.4,False
2026-02-26 00:00:00,2026-02-25,24,PED,21.0,False,False,14.6,False
2026-02-26 01:00:00,2026-02-26,1,PED,25.0,False,False,14.2,False
2026-02-26 02:00:00,2026-02-26,2,PED,22.0,False,False,13.5,False
2026-02-26 03:00:00,2026-02-26,3,PED,5.0,False,False,12.6,False
2026-02-26 04:00:00,2026-02-26,4,PED,11.0,False,False,11.7,False
2026-02-26 05:00:00,2026-02-26,5,PED,25.0,False,False,11.3,False
2026-02-26 06:00:00,2026-02-26,6,PED,14.0,False,False,10.3,False
2026-02-26 07:00:00,2026-02-26,7,PED,1.0,False,False,10.1,False
2026-02-26 08:00:00,2026-02-26,8,PED,2.0,False,False,10.6,False
2026-02-26 09:00:00,2026-02-26,9,PED,11.0,False,False,13.3,False
2026-02-26 10:00:00,2026-02-26,10,PED,15.0,False,False,15.6,False
2026-02-26 11:00:00,2026-02-26,11,PED,48.0,False,False,18.3,False
2026-02-26 12:00:00,2026-02-26,12,PED,67.0,False,False,20.7,False
2026-02-26 13:00:00,2026-02-26,13,PED,71.0,False,False,23.0,False
2026-02-26 14:00:00,2026-02-26,14,PED,75.0,False,False,24.0,False
2026-02-26 15:00:00,2026-02-26,15,PED,84.0,False,False,24.9,False
2026-02-26 16:00:00,2026-02-26,16,PED,92.0,False,False,25.3,False
2026-02-26 17:00:00,2026-02-26,17,PED,86.0,False,False,25.5,False
2026-02-26 18:00:00,2026-02-26,18,PED,74.0,False,False,25.4,False
2026-02-26 19:00:00,2026-02-26,19,PED,52.0,False,False,23.9,False
2026-02-26 20:00:00,2026-02-26,20,PED,45.0,False,False,21.6,False
2026-02-26 21:00:00,2026-02-26,21,PED,44.0,False,False,19.8,False
2026-02-26 22:00:00,2026-02-26,22,PED,20.0,False,False,18.9,False
2026-02-26 23:00:00,2026-02-26,23,PED,17.0,False,False,17.5,False
2026-02-27 00:00:00,2026-02-26,24,PED,35.0,False,False,16.4,False
2026-02-27 01:00:00,2026-02-27,1,PED,41.0,False,False,15.7,False
2026-02-27 02:00:00,2026-02-27,2,PED,39.0,False,False,14.9,False
2026-02-27 03:00:00,2026-02-27,3,PED,41.0,False,False,14.5,False
2026-02-27 04:00:00,2026-02-27,4,PED,40.0,False,False,13.9,False
2026-02-27 05:00:00,2026-02-27,5,PED,37.0,False,False,13.2,False
2026-02-27 06:00:00,2026-02-27,6,PED,20.0,False,False,12.3,False
2026-02-27 07:00:00,2026-02-27,7,PED,1.0,False,False,11.7,False
2026-02-27 08:00:00,2026-02-27,8,PED,4.0,False,False,12.1,False
2026-02-27 09:00:00,2026-02-27,9,PED,9.0,False,False,14.8,False
2026-02-27 10:00:00,2026-02-27,10,PED,27.0,False,False,17.7,False
2026-02-27 11:00:00,2026-02-27,11,PED,46.0,False,False,20.1,False
2026-02-27 12:00:00,2026-02-27,12,PED,60.0,False,False,21.4,False
2026-02-27 13:00:00,2026-02-27,13,PED,71.0,False,False,22.7,False
2026-02-27 14:00:00,2026-02-27,14,PED,74.0,False,False,24.0,False
2026-02-27 15:00:00,2026-02-27,15,PED,66.0,False,False,24.9,False
2026-02-27 16:00:00,2026-02-27,16,PED,63.0,False,False,25.3,False
2026-02-27 17:00:00,2026-02-27,17,PED,59.0,False,False,25.3,False
2026-02-27 18:00:00,2026-02-27,18,PED,51.0,False,False,24.2,False
2026-02-27 19:00:00,2026-02-27,19,PED,40.0,False,False,22.7,False
2026-02-27 20:00:00,2026-02-27,20,PED,35.0,True,False,20.9,False
2026-02-27 21:00:00,2026-02-27,21,PED,30.0,False,False,19.4,False
2026-02-27 22:00:00,2026-02-27,22,PED,12.0,False,False,18.4,False
2026-02-27 23:00:00,2026-02-27,23,PED,4.0,False,False,17.0,False
2026-02-28 00:00:00,2026-02-27,24,PED,12.0,False,False,15.9,False
2026-02-28 01:00:00,2026-02-28,1,PED,8.0,False,False,15.0,False
2026-02-28 02:00:00,2026-02-28,2,PED,6.0,False,False,14.3,False
2026-02-28 03:00:00,2026-02-28,3,PED,19.0,False,False,13.5,False
2026-02-28 04:00:00,2026-02-28,4,PED,27.0,False,False,12.9,False
2026-02-28 05:00:00,2026-02-28,5,PED,22.0,False,False,12.1,False
2026-02-28 06:00:00,2026-02-28,6,PED,21.0,False,False,11.4,False
2026-02-28 07:00:00,2026-02-28,7,PED,19.0,False,False,11.0,False
2026-02-28 08:00:00,2026-02-28,8,PED,17.0,False,False,11.4,False
2026-02-28 09:00:00,2026-02-28,9,PED,12.0,False,False,13.8,False
2026-02-28 10:00:00,2026-02-28,10,PED,18.0,False,False,16.3,False
2026-02-28 11:00:00,2026-02-28,11,PED,38.0,False,False,19.4,False
2026-02-28 12:00:00,2026-02-28,12,PED,49.0,False,False,22.2,False
2026-02-28 13:00:00,2026-02-28,13,PED,63.0,False,False,23.4,False
2026-02-28 14:00:00,2026-02-28,14,PED,73.0,False,False,24.2,False
2026-02-28 15:00:00,2026-02-28,15,PED,83.0,False,False,24.9,False
2026-02-28 16:00:00,2026-02-28,16,PED,74.0,False,False,25.3,False
2026-02-28 17:00:00,2026-02-28,17,PED,76.0,False,False,25.3,False
2026-02-28 18:00:00,2026-02-28,18,PED,64.0,False,False,24.6,False
2026-02-28 19:00:00,2026-02-28,19,PED,49.0,False,False,23.8,False
2026-02-28 20:00:00,2026-02-28,20,PED,39.0,False,False,21.9,False
2026-02-28 21:00:00,2026-02-28,21,PED,34.0,False,False,20.3,False
2026-02-28 22:00:00,2026-02-28,22,PED,27.0,False,False,19.2,False
2026-02-28 23:00:00,2026-02-28,23,PED,8.0,False,False,17.4,False
2026-03-01 00:00:00,2026-02-28,24,PED,19.0,False,False,16.3,False
2026-01-01 01:00:00,2026-01-01,1,UAX,23.0,False,False,13.9,False
2026-01-01 02:00:00,2026-01-01,2,UAX,11.0,False,False,13.2,False
2026-01-01 03:00:00,2026-01-01,3,UAX,1.0,False,False,12.0,False
2026-01-01 04:00:00,2026-01-01,4,UAX,2.0,False,False,11.1,False
2026-01-01 05:00:00,2026-01-01,5,UAX,2.0,False,False,10.3,False
2026-01-01 06:00:00,2026-01-01,6,UAX,2.0,False,False,9.7,False
2026-01-01 07:00:00,2026-01-01,7,UAX,2.0,False,False,9.4,False
2026-01-01 08:00:00,2026-01-01,8,UAX,2.0,False,False,8.8,False
2026-01-01 09:00:00,2026-01-01,9,UAX,7.0,False,False,10.3,False
2026-01-01 10:00:00,2026-01-01,10,UAX,25.0,False,False,12.5,False
2026-01-01 11:00:00,2026-01-01,11,UAX,51.0,False,False,15.3,False
2026-01-01 12:00:00,2026-01-01,12,UAX,64.0,False,False,18.1,False
2026-01-01 13:00:00,2026-01-01,13,UAX,64.0,False,False,19.7,False
2026-01-01 14:00:00,2026-01-01,14,UAX,80.0,False,False,20.7,False
2026-01-01 15:00:00,2026-01-01,15,UAX,89.0,False,False,21.4,False
2026-01-01 16:00:00,2026-01-01,16,UAX,88.0,False,False,22.0,False
2026-01-01 17:00:00,2026-01-01,17,UAX,79.0,False,False,22.2,False
2026-01-01 18:00:00,2026-01-01,18,UAX,69.0,False,False,21.8,False
2026-01-01 19:00:00,2026-01-01,19,UAX,57.0,False,False,20.2,False
2026-01-01 20:00:00,2026-01-01,20,UAX,30.0,False,False,18.0,False
2026-01-01 21:00:00,2026-01-01,21,UAX,23.0,False,False,16.3,False
2026-01-01 22:00:00,2026-01-01,22,UAX,14.0,False,False,15.7,False
2026-01-01 23:00:00,2026-01-01,23,UAX,1.0,False,False,14.9,False
2026-01-02 00:00:00,2026-01-01,24,UAX,1.0,False,False,13.1,False
2026-01-02 01:00:00,2026-01-02,1,UAX,2.0,False,False,11.9,False
2026-01-02 02:00:00,2026-01-02,2,UAX,3.0,False,False,11.4,False
2026-01-02 03:00:00,2026-01-02,3,UAX,4.0,False,False,10.0,False
2026-01-02 04:00:00,2026-01-02,4,UAX,7.0,False,False,9.6,False
2026-01-02 05:00:00,2026-01-02,5,UAX,1.0,False,False,8.7,False
2026-01-02 06:00:00,2026-01-02,6,UAX,3.0,False,False,8.7,False
2026-01-02 07:00:00,2026-01-02,7,UAX,2.0,False,False,8.0,False
2026-01-02 08:00:00,2026-01-02,8,UAX,2.0,False,False,7.6,False
2026-01-02 09:00:00,2026-01-02,9,UAX,5.0,False,False,9.5,False
2026-01-02 10:00:00,2026-01-02,10,UAX,14.0,False,False,12.2,False
2026-01-02 11:00:00,2026-01-02,11,UAX,33.0,False,False,15.2,False
2026-01-02 12:00:00,2026-01-02,12,UAX,48.0,False,False,18.2,False
2026-01-02 13:00:00,2026-01-02,13,UAX,58.0,False,False,20.1,False
2026-01-02 14:00:00,2026-01-02,14,UAX,63.0,False,False,21.4,False
2026-01-02 15:00:00,2026-01-02,15,UAX,75.0,False,False,22.2,False
2026-01-02 16:00:00,2026-01-02,16,UAX,89.0,False,False,23.1,False
2026-01-02 17:00:00,2026-01-02,17,UAX,94.0,False,False,23.4,False
2026-01-02 18:00:00,2026-01-02,18,UAX,91.0,False,False,22.8,False
2026-01-02 19:00:00,2026-01-02,19,UAX,57.0,False,False,19.9,False
2026-01-02 20:00:00,2026-01-02,20,UAX,56.0,False,False,18.0,False
2026-01-02 21:00:00,2026-01-02,21,UAX,45.0,False,False,16.9,False
2026-01-02 22:00:00,2026-01-02,22,UAX,23.0,False,False,15.1,False
2026-01-02 23:00:00,2026-01-02,23,UAX,19.0,False,False,14.6,False
2026-01-03 00:00:00,2026-01-02,24,UAX,3.0,False,False,13.4,False
2026-01-03 01:00:00,2026-01-03,1,UAX,1.0,False,False,12.7,False
2026-01-03 02:00:00,2026-01-03,2,UAX,2.0,False,False,11.7,False
2026-01-03 03:00:00,2026-01-03,3,UAX,1.0,False,False,10.9,False
2026-01-03 04:00:00,2026-01-03,4,UAX,4.0,False,False,10.4,False
2026-01-03 05:00:00,2026-01-03,5,UAX,5.0,False,False,10.2,False
2026-01-03 06:00:00,2026-01-03,6,UAX,1.0,False,False,9.3,False
2026-01-03 07:00:00,2026-01-03,7,UAX,1.0,False,False,8.4,False
2026-01-03 08:00:00,2026-01-03,8,UAX,1.0,False,False,8.9,False
2026-01-03 09:00:00,2026-01-03,9,UAX,5.0,False,False,10.4,False
2026-01-03 10:00:00,2026-01-03,10,UAX,21.0,False,False,13.3,False
2026-01-03 11:00:00,2026-01-03,11,UAX,39.0,False,False,16.3,False
2026-01-03 12:00:00,2026-01-03,12,UAX,59.0,False,False,19.1,False
2026-01-03 13:00:00,2026-01-03,13,UAX,66.0,False,False,21.2,False
2026-01-03 14:00:00,2026-01-03,14,UAX,71.0,False,False,22.2,False
2026-01-03 15:00:00,2026-01-03,15,UAX,88.0,False,False,22.7,False
2026-01-03 16:00:00,2026-01-03,16,UAX,100.0,False,False,23.1,False
2026-01-03 17:00:00,2026-01-03,17,UAX,95.0,False,False,23.4,False
2026-01-03 18:00:00,2026-01-03,18,UAX,78.0,False,False,23.0,False
2026-01-03 19:00:00,2026-01-03,19,UAX,53.0,False,False,21.7,False
2026-01-03 20:00:00,2026-01-03,20,UAX,31.0,False,False,19.8,False
2026-01-03 21:00:00,2026-01-03,21,UAX,29.0,False,False,18.5,False
2026-01-03 22:00:00,2026-01-03,22,UAX,19.0,False,False,17.8,False
2026-01-03 23:00:00,2026-01-03,23,UAX,6.0,False,False,16.7,False
2026-01-04 00:00:00,2026-01-03,24,UAX,8.0,False,False,15.7,False
2026-01-04 01:00:00,2026-01-04,1,UAX,13.0,False,False,14.9,False
2026-01-04 02:00:00,2026-01-04,2,UAX,5.0,False,False,13.6,False
2026-01-04 03:00:00,2026-01-04,3,UAX,15.0,False,False,13.1,False
2026-01-04 04:00:00,2026-01-04,4,UAX,2.0,False,False,11.8,False
2026-01-04 05:00:00,2026-01-04,5,UAX,1.0,False,False,10.4,False
2026-01-04 06:00:00,2026-01-04,6,UAX,1.0,False,False,10.2,False
2026-01-04 07:00:00,2026-01-04,7,UAX,1.0,False,False,9.5,False
2026-01-04 08:00:00,2026-01-04,8,UAX,1.0,False,False,8.8,False
2026-01-04 09:00:00,2026-01-04,9,UAX,6.0,False,False,10.6,False
2026-01-04 10:00:00,2026-01-04,10,UAX,20.0,False,False,13.1,False
2026-01-04 11:00:00,2026-01-04,11,UAX,37.0,False,False,15.6,False
2026-01-04 12:00:00,2026-01-04,12,UAX,57.0,False,False,18.1,False
2026-01-04 13:00:00,2026-01-04,13,UAX,67.0,False,False,20.2,False
2026-01-04 14:00:00,2026-01-04,14,UAX,66.0,False,False,21.6,False
2026-01-04 15:00:00,2026-01-04,15,UAX,72.0,False,False,22.6,False
2026-01-04 16:00:00,2026-01-04,16,UAX,84.0,False,False,23.2,False
2026-01-04 17:00:00,2026-01-04,17,UAX,87.0,False,False,23.5,False
2026-01-04 18:00:00,2026-01-04,18,UAX,85.0,False,False,23.1,False
2026-01-04 19:00:00,2026-01-04,19,UAX,62.0,False,False,20.9,False
2026-01-04 20:00:00,2026-01-04,20,UAX,42.0,False,False,18.3,False
2026-01-04 21:00:00,2026-01-04,21,UAX,40.0,False,False,17.1,False
2026-01-04 22:00:00,2026-01-04,22,UAX,27.0,False,False,16.2,False
2026-01-04 23:00:00,2026-01-04,23,UAX,15.0,False,False,15.1,False
2026-01-05 00:00:00,2026-01-04,24,UAX,1.0,False,False,13.8,False
2026-01-05 01:00:00,2026-01-05,1,UAX,3.0,False,False,12.6,False
2026-01-05 02:00:00,2026-01-05,2,UAX,6.0,False,False,12.2,False
2026-01-05 03:00:00,2026-01-05,3,UAX,5.0,False,False,11.6,False
2026-01-05 04:00:00,2026-01-05,4,UAX,1.0,False,False,10.5,False
2026-01-05 05:00:00,2026-01-05,5,UAX,1.0,False,False,10.1,False
2026-01-05 06:00:00,2026-01-05,6,UAX,2.0,False,False,9.4,False
2026-01-05 07:00:00,2026-01-05,7,UAX,2.0,False,False,8.8,False
2026-01-05 08:00:00,2026-01-05,8,UAX,2.0,False,False,8.6,False
2026-01-05 09:00:00,2026-01-05,9,UAX,5.0,False,False,10.1,False
2026-01-05 10:00:00,2026-01-05,10,UAX,18.0,False,False,13.1,False
2026-01-05 11:00:00,2026-01-05,11,UAX,31.0,False,False,16.3,False
2026-01-05 12:00:00,2026-01-05,12,UAX,59.0,False,False,19.1,False
2026-01-05 13:00:00,2026-01-05,13,UAX,59.25806451612903,True,False,21.2,False
2026-01-05 14:00:00,2026-01-05,14,UAX,59.516129032258064,True,False,22.3,False
2026-01-05 15:00:00,2026-01-05,15,UAX,59.774193548387096,True,False,23.3,False
2026-01-05 16:00:00,2026-01-05,16,UAX,78.0,True,False,24.1,False
2026-01-05 17:00:00,2026-01-05,17,UAX,72.0,True,False,24.1,False
2026-01-05 18:00:00,2026-01-05,18,UAX,63.0,True,False,23.3,False
2026-01-05 19:00:00,2026-01-05,19,UAX,51.0,True,False,21.0,False
2026-01-05 20:00:00,2026-01-05,20,UAX,36.0,True,False,18.8,False
2026-01-05 21:00:00,2026-01-05,21,UAX,25.0,True,False,17.7,False
2026-01-05 22:00:00,2026-01-05,22,UAX,20.0,True,False,16.9,False
2026-01-05 23:00:00,2026-01-05,23,UAX,15.0,True,False,15.1,False
2026-01-06 00:00:00,2026-01-05,24,UAX,8.0,True,False,13.9,False
2026-01-06 01:00:00,2026-01-06,1,UAX,5.0,True,True,13.1,False
2026-01-06 02:00:00,2026-01-06,2,UAX,3.0,True,True,12.5,False
2026-01-06 03:00:00,2026-01-06,3,UAX,4.5,True,True,11.8,False
2026-01-06 04:00:00,2026-01-06,4,UAX,5.5,True,False,10.7,False
2026-01-06 05:00:00,2026-01-06,5,UAX,3.5,True,False,10.5,False
2026-01-06 06:00:00,2026-01-06,6,UAX,2.0,True,False,10.2,False
2026-01-06 07:00:00,2026-01-06,7,UAX,1.0,True,False,9.2,False
2026-01-06 08:00:00,2026-01-06,8,UAX,1.0,True,False,9.1,False
2026-01-06 09:00:00,2026-01-06,9,UAX,5.0,True,False,10.8,False
2026-01-06 10:00:00,2026-01-06,10,UAX,17.0,True,False,13.3,False
2026-01-06 11:00:00,2026-01-06,11,UAX,34.0,True,False,16.8,False
2026-01-06 12:00:00,2026-01-06,12,UAX,55.5,True,False,19.9,False
2026-01-06 13:00:00,2026-01-06,13,UAX,66.0,True,False,21.3,False
2026-01-06 14:00:00,2026-01-06,14,UAX,73.5,True,False,22.2,False
2026-01-06 15:00:00,2026-01-06,15,UAX,76.0,True,False,23.4,False
2026-01-06 16:00:00,2026-01-06,16,UAX,66.2258064516129,True,False,23.9,False
2026-01-06 17:00:00,2026-01-06,17,UAX,66.48387096774194,True,False,24.2,False
2026-01-06 18:00:00,2026-01-06,18,UAX,66.74193548387098,True,False,23.9,False
2026-01-06 19:00:00,2026-01-06,19,UAX,67.0,False,False,22.4,False
2026-01-06 20:00:00,2026-01-06,20,UAX,38.0,False,False,20.5,False
2026-01-06 21:00:00,2026-01-06,21,UAX,33.0,False,False,19.2,False
2026-01-06 22:00:00,2026-01-06,22,UAX,25.0,False,False,18.3,False
2026-01-06 23:00:00,2026-01-06,23,UAX,8.0,False,False,17.1,False
2026-01-07 00:00:00,2026-01-06,24,UAX,1.0,False,False,15.3,False
2026-01-07 01:00:00,2026-01-07,1,UAX,1.0,False,False,13.8,False
2026-01-07 02:00:00,2026-01-07,2,UAX,2.0,False,False,12.8,False
2026-01-07 03:00:00,2026-01-07,3,UAX,2.0,False,False,11.7,False
2026-01-07 04:00:00,2026-01-07,4,UAX,9.0,False,False,11.0,False
2026-01-07 05:00:00,2026-01-07,5,UAX,5.0,False,False,10.4,False
2026-01-07 06:00:00,2026-01-07,6,UAX,2.0,False,False,9.5,False
2026-01-07 07:00:00,2026-01-07,7,UAX,1.0,False,False,8.8,False
2026-01-07 08:00:00,2026-01-07,8,UAX,2.0,False,False,8.7,False
2026-01-07 09:00:00,2026-01-07,9,UAX,7.0,False,False,10.3,False
2026-01-07 10:00:00,2026-01-07,10,UAX,21.0,False,False,13.1,False
2026-01-07 11:00:00,2026-01-07,11,UAX,40.0,False,False,16.2,False
2026-01-07 12:00:00,2026-01-07,12,UAX,61.0,False,False,18.7,False
2026-01-07 13:00:00,2026-01-07,13,UAX,84.0,False,False,21.4,False
2026-01-07 14:00:00,2026-01-07,14,UAX,96.0,False,False,23.0,False
2026-01-07 15:00:00,2026-01-07,15,UAX,108.0,False,False,24.1,False
2026-01-07 16:00:00,2026-01-07,16,UAX,116.0,False,False,25.1,False
2026-01-07 17:00:00,2026-01-07,17,UAX,98.0,False,False,25.6,False
2026-01-07 18:00:00,2026-01-07,18,UAX,55.0,False,False,24.3,False
2026-01-07 19:00:00,2026-01-07,19,UAX,49.0,False,False,21.6,False
2026-01-07 20:00:00,2026-01-07,20,UAX,40.0,False,False,19.2,False
2026-01-07 21:00:00,2026-01-07,21,UAX,20.0,False,False,17.2,False
2026-01-07 22:00:00,2026-01-07,22,UAX,4.0,False,False,15.9,False
2026-01-07 23:00:00,2026-01-07,23,UAX,2.0,False,False,15.3,False
2026-01-08 00:00:00,2026-01-07,24,UAX,1.0,False,False,13.6,False
2026-01-08 01:00:00,2026-01-08,1,UAX,1.0,False,False,12.9,False
2026-01-08 02:00:00,2026-01-08,2,UAX,2.0,False,False,12.2,False
2026-01-08 03:00:00,2026-01-08,3,UAX,11.0,False,False,11.8,False
2026-01-08 04:00:00,2026-01-08,4,UAX,15.0,False,False,10.9,False
2026-01-08 05:00:00,2026-01-08,5,UAX,6.0,False,False,10.7,False
2026-01-08 06:00:00,2026-01-08,6,UAX,1.0,False,False,8.9,False
2026-01-08 07:00:00,2026-01-08,7,UAX,1.0,False,False,8.4,False
2026-01-08 08:00:00,2026-01-08,8,UAX,2.0,False,False,8.4,False
2026-01-08 09:00:00,2026-01-08,9,UAX,8.0,False,False,9.8,False
2026-01-08 10:00:00,2026-01-08,10,UAX,17.0,False,False,13.1,False
2026-01-08 11:00:00,2026-01-08,11,UAX,39.0,False,False,16.5,False
2026-01-08 12:00:00,2026-01-08,12,UAX,69.0,False,False,19.8,False
2026-01-08 13:00:00,2026-01-08,13,UAX,94.0,False,False,21.4,False
2026-01-08 14:00:00,2026-01-08,14,UAX,112.0,False,False,23.1,False
2026-01-08 15:00:00,2026-01-08,15,UAX,97.0,False,False,24.9,False
2026-01-08 16:00:00,2026-01-08,16,UAX,83.0,False,False,26.1,False
2026-01-08 17:00:00,2026-01-08,17,UAX,72.0,False,False,25.9,False
2026-01-08 18:00:00,2026-01-08,18,UAX,65.0,False,False,24.2,False
2026-01-08 19:00:00,2026-01-08,19,UAX,58.0,False,False,20.9,False
2026-01-08 20:00:00,2026-01-08,20,UAX,38.0,False,False,17.5,False
2026-01-08 21:00:00,2026-01-08,21,UAX,38.0,False,False,15.7,False
2026-01-08 22:00:00,2026-01-08,22,UAX,36.0,False,False,13.9,False
2026-01-08 23:00:00,2026-01-08,23,UAX,14.0,False,False,13.4,False
2026-01-09 00:00:00,2026-01-08,24,UAX,2.0,False,False,12.3,False
2026-01-09 01:00:00,2026-01-09,1,UAX,1.0,False,False,11.7,False
2026-01-09 02:00:00,2026-01-09,2,UAX,1.0,False,False,10.6,False
2026-01-09 03:00:00,2026-01-09,3,UAX,1.0,False,False,9.5,False
2026-01-09 04:00:00,2026-01-09,4,UAX,7.0,False,False,9.2,False
2026-01-09 05:00:00,2026-01-09,5,UAX,5.0,False,False,8.9,False
2026-01-09 06:00:00,2026-01-09,6,UAX,2.0,False,False,8.5,False
2026-01-09 07:00:00,2026-01-09,7,UAX,1.0,False,False,8.1,False
2026-01-09 08:00:00,2026-01-09,8,UAX,2.0,False,False,7.7,False
2026-01-09 09:00:00,2026-01-09,9,UAX,5.0,False,False,9.8,False
2026-01-09 10:00:00,2026-01-09,10,UAX,23.0,False,False,12.4,False
2026-01-09 11:00:00,2026-01-09,11,UAX,41.0,False,False,16.0,False
2026-01-09 12:00:00,2026-01-09,12,UAX,60.0,False,False,19.4,False
2026-01-09 13:00:00,2026-01-09,13,UAX,76.0,False,False,21.9,False
2026-01-09 14:00:00,2026-01-09,14,UAX,82.0,False,False,23.4,False
2026-01-09 15:00:00,2026-01-09,15,UAX,73.0,False,False,24.8,False
2026-01-09 16:00:00,2026-01-09,16,UAX,59.0,False,False,25.4,False
2026-01-09 17:00:00,2026-01-09,17,UAX,39.0,False,False,25.6,False
2026-01-09 18:00:00,2026-01-09,18,UAX,60.0,False,False,23.6,False
2026-01-09 19:00:00,2026-01-09,19,UAX,51.0,False,False,20.7,False
2026-01-09 20:00:00,2026-01-09,20,UAX,44.0,False,False,18.0,False
2026-01-09 21:00:00,2026-01-09,21,UAX,34.0,False,False,16.6,False
2026-01-09 22:00:00,2026-01-09,22,UAX,15.0,False,False,16.1,False
2026-01-09 23:00:00,2026-01-09,23,UAX,10.0,False,False,14.4,False
2026-01-10 00:00:00,2026-01-09,24,UAX,15.0,False,False,13.8,False
2026-01-10 01:00:00,2026-01-10,1,UAX,8.0,False,False,13.0,False
2026-01-10 02:00:00,2026-01-10,2,UAX,2.0,False,False,12.2,False
2026-01-10 03:00:00,2026-01-10,3,UAX,7.0,False,False,11.4,False
2026-01-10 04:00:00,2026-01-10,4,UAX,8.0,False,False,10.9,False
2026-01-10 05:00:00,2026-01-10,5,UAX,6.0,False,False,11.0,False
2026-01-10 06:00:00,2026-01-10,6,UAX,1.0,False,False,10.4,False
2026-01-10 07:00:00,2026-01-10,7,UAX,1.0,False,False,9.7,False
2026-01-10 08:00:00,2026-01-10,8,UAX,1.0,False,False,9.2,False
2026-01-10 09:00:00,2026-01-10,9,UAX,3.0,False,False,11.0,False
2026-01-10 10:00:00,2026-01-10,10,UAX,7.0,False,False,13.7,False
2026-01-10 11:00:00,2026-01-10,11,UAX,24.0,False,False,16.5,False
2026-01-10 12:00:00,2026-01-10,12,UAX,49.0,False,False,18.4,False
2026-01-10 13:00:00,2026-01-10,13,UAX,77.0,False,False,19.6,False
2026-01-10 14:00:00,2026-01-10,14,UAX,83.0,False,False,21.2,False
2026-01-10 15:00:00,2026-01-10,15,UAX,84.0,False,False,22.3,False
2026-01-10 16:00:00,2026-01-10,16,UAX,81.0,False,False,22.6,False
2026-01-10 17:00:00,2026-01-10,17,UAX,49.0,False,False,21.0,False
2026-01-10 18:00:00,2026-01-10,18,UAX,37.0,False,False,19.6,False
2026-01-10 19:00:00,2026-01-10,19,UAX,38.0,False,False,17.7,False
2026-01-10 20:00:00,2026-01-10,20,UAX,24.0,False,False,16.8,False
2026-01-10 21:00:00,2026-01-10,21,UAX,23.0,False,False,15.5,False
2026-01-10 22:00:00,2026-01-10,22,UAX,24.0,False,False,13.5,False
2026-01-10 23:00:00,2026-01-10,23,UAX,22.0,False,False,12.8,False
2026-01-11 00:00:00,2026-01-10,24,UAX,20.0,False,False,12.3,False
2026-01-11 01:00:00,2026-01-11,1,UAX,19.0,False,False,11.3,False
2026-01-11 02:00:00,2026-01-11,2,UAX,14.0,False,False,11.1,False
2026-01-11 03:00:00,2026-01-11,3,UAX,14.0,False,False,10.7,False
2026-01-11 04:00:00,2026-01-11,4,UAX,14.0,False,False,10.0,False
2026-01-11 05:00:00,2026-01-11,5,UAX,18.0,False,False,9.8,False
2026-01-11 06:00:00,2026-01-11,6,UAX,16.0,False,False,9.6,False
2026-01-11 07:00:00,2026-01-11,7,UAX,16.0,False,False,9.2,False
2026-01-11 08:00:00,2026-01-11,8,UAX,12.0,False,False,8.5,False
2026-01-11 09:00:00,2026-01-11,9,UAX,16.0,False,False,8.3,False
2026-01-11 10:00:00,2026-01-11,10,UAX,17.0,False,False,9.7,False
2026-01-11 11:00:00,2026-01-11,11,UAX,22.0,False,False,11.3,False
2026-01-11 12:00:00,2026-01-11,12,UAX,30.0,False,False,12.5,False
2026-01-11 13:00:00,2026-01-11,13,UAX,42.0,False,False,14.0,False
2026-01-11 14:00:00,2026-01-11,14,UAX,54.0,False,False,15.7,False
2026-01-11 15:00:00,2026-01-11,15,UAX,66.0,False,False,17.3,False
2026-01-11 16:00:00,2026-01-11,16,UAX,73.0,False,False,17.8,False
2026-01-11 17:00:00,2026-01-11,17,UAX,69.0,False,False,19.1,False
2026-01-11 18:00:00,2026-01-11,18,UAX,65.0,False,False,18.4,False
2026-01-11 19:00:00,2026-01-11,19,UAX,50.0,False,False,17.5,False
2026-01-11 20:00:00,2026-01-11,20,UAX,37.0,False,False,16.6,False
2026-01-11 21:00:00,2026-01-11,21,UAX,18.0,False,False,15.1,False
2026-01-11 22:00:00,2026-01-11,22,UAX,16.0,False,False,13.8,False
2026-01-11 23:00:00,2026-01-11,23,UAX,15.0,False,False,12.4,False
2026-01-12 00:00:00,2026-01-11,24,UAX,14.0,False,False,11.7,False
2026-01-12 01:00:00,2026-01-12,1,UAX,5.0,True,True,11.1,False
2026-01-12 02:00:00,2026-01-12,2,UAX,3.0,True,True,10.3,False
2026-01-12 03:00:00,2026-01-12,3,UAX,4.5,True,True,9.1,False
2026-01-12 04:00:00,2026-01-12,4,UAX,12.0,False,False,8.5,False
2026-01-12 05:00:00,2026-01-12,5,UAX,5.0,False,False,8.0,False
2026-01-12 06:00:00,2026-01-12,6,UAX,1.0,False,False,7.8,False
2026-01-12 07:00:00,2026-01-12,7,UAX,1.0,False,False,7.4,False
2026-01-12 08:00:00,2026-01-12,8,UAX,1.0,False,False,7.2,False
2026-01-12 09:00:00,2026-01-12,9,UAX,3.0,False,False,7.8,False
2026-01-12 10:00:00,2026-01-12,10,UAX,9.0,False,False,9.5,False
2026-01-12 11:00:00,2026-01-12,11,UAX,21.0,False,False,11.3,False
2026-01-12 12:00:00,2026-01-12,12,UAX,34.0,False,False,13.8,False
2026-01-12 13:00:00,2026-01-12,13,UAX,51.0,False,False,16.3,False
2026-01-12 14:00:00,2026-01-12,14,UAX,68.0,False,False,19.0,False
2026-01-12 15:00:00,2026-01-12,15,UAX,48.0,False,False,20.4,False
2026-01-12 16:00:00,2026-01-12,16,UAX,38.0,False,False,20.7,False
2026-01-12 17:00:00,2026-01-12,17,UAX,38.0,False,False,20.0,False
2026-01-12 18:00:00,2026-01-12,18,UAX,37.0,False,False,19.1,False
2026-01-12 19:00:00,2026-01-12,19,UAX,37.0,False,False,17.3,False
2026-01-12 20:00:00,2026-01-12,20,UAX,35.0,False,False,16.3,False
2026-01-12 21:00:00,2026-01-12,21,UAX,24.0,False,False,16.1,False
2026-01-12 22:00:00,2026-01-12,22,UAX,6.0,False,False,14.9,False
2026-01-12 23:00:00,2026-01-12,23,UAX,5.0,False,False,14.1,False
2026-01-13 00:00:00,2026-01-12,24,UAX,6.0,False,False,13.6,False
2026-01-13 01:00:00,2026-01-13,1,UAX,4.0,False,False,13.1,False
2026-01-13 02:00:00,2026-01-13,2,UAX,1.0,False,False,11.9,False
2026-01-13 03:00:00,2026-01-13,3,UAX,1.0,False,False,11.2,False
2026-01-13 04:00:00,2026-01-13,4,UAX,3.0,False,False,10.6,False
2026-01-13 05:00:00,2026-01-13,5,UAX,1.0,False,False,9.9,False
2026-01-13 06:00:00,2026-01-13,6,UAX,1.0,False,False,9.4,False
2026-01-13 07:00:00,2026-01-13,7,UAX,1.0,False,False,8.5,False
2026-01-13 08:00:00,2026-01-13,8,UAX,1.0,False,False,8.4,False
2026-01-13 09:00:00,2026-01-13,9,UAX,4.0,False,False,9.3,False
2026-01-13 10:00:00,2026-01-13,10,UAX,11.0,False,False,11.4,False
2026-01-13 11:00:00,2026-01-13,11,UAX,28.0,False,False,13.5,False
2026-01-13 12:00:00,2026-01-13,12,UAX,45.0,False,False,16.3,False
2026-01-13 13:00:00,2026-01-13,13,UAX,55.0,False,False,18.2,False
2026-01-13 14:00:00,2026-01-13,14,UAX,63.0,False,False,20.0,False
2026-01-13 15:00:00,2026-01-13,15,UAX,51.0,False,False,20.0,False
2026-01-13 16:00:00,2026-01-13,16,UAX,48.0,False,False,19.9,False
2026-01-13 17:00:00,2026-01-13,17,UAX,51.0,False,False,20.3,False
2026-01-13 18:00:00,2026-01-13,18,UAX,40.0,False,False,19.7,False
2026-01-13 19:00:00,2026-01-13,19,UAX,33.0,False,False,18.5,False
2026-01-13 20:00:00,2026-01-13,20,UAX,31.0,False,False,17.3,False
2026-01-13 21:00:00,2026-01-13,21,UAX,16.0,False,False,17.3,False
2026-01-13 22:00:00,2026-01-13,22,UAX,4.0,False,False,17.3,False
2026-01-13 23:00:00,2026-01-13,23,UAX,4.0,False,False,17.6,False
2026-01-14 00:00:00,2026-01-13,24,UAX,20.0,False,False,17.3,False
2026-01-14 01:00:00,2026-01-14,1,UAX,17.0,False,False,16.7,False
2026-01-14 02:00:00,2026-01-14,2,UAX,6.0,False,False,15.3,False
2026-01-14 03:00:00,2026-01-14,3,UAX,2.0,False,False,13.7,False
2026-01-14 04:00:00,2026-01-14,4,UAX,3.0,False,False,12.3,False
2026-01-14 05:00:00,2026-01-14,5,UAX,3.0,False,False,11.4,False
2026-01-14 06:00:00,2026-01-14,6,UAX,2.0,False,False,11.1,False
2026-01-14 07:00:00,2026-01-14,7,UAX,1.0,False,False,10.7,False
2026-01-14 08:00:00,2026-01-14,8,UAX,1.0,False,False,10.4,False
2026-01-14 09:00:00,2026-01-14,9,UAX,3.0,False,False,11.7,False
2026-01-14 10:00:00,2026-01-14,10,UAX,13.0,False,False,14.4,False
2026-01-14 11:00:00,2026-01-14,11,UAX,33.0,False,False,16.7,False
2026-01-14 12:00:00,2026-01-14,12,UAX,49.0,False,False,18.1,False
2026-01-14 13:00:00,2026-01-14,13,UAX,58.0,False,False,19.2,False
2026-01-14 14:00:00,2026-01-14,14,UAX,65.0,False,False,20.4,False
2026-01-14 15:00:00,2026-01-14,15,UAX,73.0,False,False,20.9,False
2026-01-14 16:00:00,2026-01-14,16,UAX,73.0,False,False,21.3,False
2026-01-14 17:00:00,2026-01-14,17,UAX,61.0,False,False,21.6,False
2026-01-14 18:00:00,2026-01-14,18,UAX,51.0,False,False,20.9,False
2026-01-14 19:00:00,2026-01-14,19,UAX,31.0,False,False,18.8,False
2026-01-14 20:00:00,2026-01-14,20,UAX,26.0,False,False,17.6,False
2026-01-14 21:00:00,2026-01-14,21,UAX,22.0,False,False,16.2,False
2026-01-14 22:00:00,2026-01-14,22,UAX,20.0,False,False,15.5,False
2026-01-14 23:00:00,2026-01-14,23,UAX,18.0,False,False,15.0,False
2026-01-15 00:00:00,2026-01-14,24,UAX,19.0,False,False,14.4,False
2026-01-15 01:00:00,2026-01-15,1,UAX,11.0,False,False,14.3,False
2026-01-15 02:00:00,2026-01-15,2,UAX,10.0,False,False,14.1,False
2026-01-15 03:00:00,2026-01-15,3,UAX,13.0,False,False,13.7,False
2026-01-15 04:00:00,2026-01-15,4,UAX,18.0,False,False,12.4,False
2026-01-15 05:00:00,2026-01-15,5,UAX,17.0,False,False,12.1,False
2026-01-15 06:00:00,2026-01-15,6,UAX,17.0,False,False,11.8,False
2026-01-15 07:00:00,2026-01-15,7,UAX,10.0,False,False,11.7,False
2026-01-15 08:00:00,2026-01-15,8,UAX,7.0,False,False,10.8,False
2026-01-15 09:00:00,2026-01-15,9,UAX,5.0,False,False,10.5,False
2026-01-15 10:00:00,2026-01-15,10,UAX,13.0,False,False,10.9,False
2026-01-15 11:00:00,2026-01-15,11,UAX,15.0,False,False,11.6,False
2026-01-15 12:00:00,2026-01-15,12,UAX,22.0,False,False,12.6,False
2026-01-15 13:00:00,2026-01-15,13,UAX,32.0,False,False,14.2,False
2026-01-15 14:00:00,2026-01-15,14,UAX,46.0,False,False,15.6,False
2026-01-15 15:00:00,2026-01-15,15,UAX,50.0,False,False,16.2,False
2026-01-15 16:00:00,2026-01-15,16,UAX,64.0,False,False,17.3,False
2026-01-15 17:00:00,2026-01-15,17,UAX,68.0,False,False,17.8,False
2026-01-15 18:00:00,2026-01-15,18,UAX,58.0,False,False,16.9,False
2026-01-15 19:00:00,2026-01-15,19,UAX,37.0,False,False,16.7,False
2026-01-15 20:00:00,2026-01-15,20,UAX,18.0,False,False,16.5,False
2026-01-15 21:00:00,2026-01-15,21,UAX,17.0,False,False,15.8,False
2026-01-15 22:00:00,2026-01-15,22,UAX,5.0,False,False,14.7,False
2026-01-15 23:00:00,2026-01-15,23,UAX,1.0,False,False,14.1,False
2026-01-16 00:00:00,2026-01-15,24,UAX,1.0,False,False,13.9,False
2026-01-16 01:00:00,2026-01-16,1,UAX,2.0,False,False,12.9,False
2026-01-16 02:00:00,2026-01-16,2,UAX,3.0,False,False,12.5,False
2026-01-16 03:00:00,2026-01-16,3,UAX,2.0,False,False,11.3,False
2026-01-16 04:00:00,2026-01-16,4,UAX,1.0,False,False,10.9,False
2026-01-16 05:00:00,2026-01-16,5,UAX,1.0,False,False,10.2,False
2026-01-16 06:00:00,2026-01-16,6,UAX,1.0,False,False,9.1,False
2026-01-16 07:00:00,2026-01-16,7,UAX,1.0,False,False,8.8,False
2026-01-16 08:00:00,2026-01-16,8,UAX,1.0,False,False,8.7,False
2026-01-16 09:00:00,2026-01-16,9,UAX,3.0,False,False,9.9,False
2026-01-16 10:00:00,2026-01-16,10,UAX,13.0,False,False,13.0,False
2026-01-16 11:00:00,2026-01-16,11,UAX,29.0,False,False,15.5,False
2026-01-16 12:00:00,2026-01-16,12,UAX,53.0,False,False,17.9,False
2026-01-16 13:00:00,2026-01-16,13,UAX,54.0,False,False,19.6,False
2026-01-16 14:00:00,2026-01-16,14,UAX,68.0,False,False,20.3,False
2026-01-16 15:00:00,2026-01-16,15,UAX,82.0,False,False,21.1,False
2026-01-16 16:00:00,2026-01-16,16,UAX,77.0,False,False,20.4,False
2026-01-16 17:00:00,2026-01-16,17,UAX,52.0,False,False,18.2,False
2026-01-16 18:00:00,2026-01-16,18,UAX,37.0,False,False,16.5,False
2026-01-16 19:00:00,2026-01-16,19,UAX,13.0,False,False,16.9,False
2026-01-16 20:00:00,2026-01-16,20,UAX,13.0,False,False,17.0,False
2026-01-16 21:00:00,2026-01-16,21,UAX,33.0,False,False,17.2,False
2026-01-16 22:00:00,2026-01-16,22,UAX,24.0,False,False,16.1,False
2026-01-16 23:00:00,2026-01-16,23,UAX,27.0,False,False,16.2,False
2026-01-17 00:00:00,2026-01-16,24,UAX,11.0,False,False,15.6,False
2026-01-17 01:00:00,2026-01-17,1,UAX,3.0,False,False,14.8,False
2026-01-17 02:00:00,2026-01-17,2,UAX,2.0,False,False,14.7,False
2026-01-17 03:00:00,2026-01-17,3,UAX,5.0,False,False,14.1,False
2026-01-17 04:00:00,2026-01-17,4,UAX,15.0,False,False,13.6,False
2026-01-17 05:00:00,2026-01-17,5,UAX,19.0,False,False,13.3,False
2026-01-17 06:00:00,2026-01-17,6,UAX,12.0,False,False,13.0,False
2026-01-17 07:00:00,2026-01-17,7,UAX,1.0,False,False,12.7,False
2026-01-17 08:00:00,2026-01-17,8,UAX,2.0,False,False,12.3,False
2026-01-17 09:00:00,2026-01-17,9,UAX,6.0,False,False,12.9,False
2026-01-17 10:00:00,2026-01-17,10,UAX,23.0,False,False,14.8,False
2026-01-17 11:00:00,2026-01-17,11,UAX,37.0,False,False,16.5,False
2026-01-17 12:00:00,2026-01-17,12,UAX,57.0,False,False,17.7,False
2026-01-17 13:00:00,2026-01-17,13,UAX,79.0,False,False,19.3,False
2026-01-17 14:00:00,2026-01-17,14,UAX,79.0,False,False,19.3,False
2026-01-17 15:00:00,2026-01-17,15,UAX,69.0,False,False,19.8,False
2026-01-17 16:00:00,2026-01-17,16,UAX,65.0,False,False,21.6,False
2026-01-17 17:00:00,2026-01-17,17,UAX,52.0,False,False,21.4,False
2026-01-17 18:00:00,2026-01-17,18,UAX,52.0,False,False,20.4,False
2026-01-17 19:00:00,2026-01-17,19,UAX,50.0,False,False,18.7,False
2026-01-17 20:00:00,2026-01-17,20,UAX,31.0,False,False,18.0,False
2026-01-17 21:00:00,2026-01-17,21,UAX,24.0,False,False,16.8,False
2026-01-17 22:00:00,2026-01-17,22,UAX,20.0,False,False,15.7,False
2026-01-17 23:00:00,2026-01-17,23,UAX,23.0,False,False,15.2,False
2026-01-18 00:00:00,2026-01-17,24,UAX,8.0,True,True,15.0,False
2026-01-18 01:00:00,2026-01-18,1,UAX,5.0,True,True,14.6,False
2026-01-18 02:00:00,2026-01-18,2,UAX,3.0,True,True,14.2,False
2026-01-18 03:00:00,2026-01-18,3,UAX,4.5,True,True,14.0,False
2026-01-18 04:00:00,2026-01-18,4,UAX,15.0,False,False,14.0,False
2026-01-18 05:00:00,2026-01-18,5,UAX,15.0,False,False,13.7,False
2026-01-18 06:00:00,2026-01-18,6,UAX,14.0,False,False,13.6,False
2026-01-18 07:00:00,2026-01-18,7,UAX,12.0,False,False,13.4,False
2026-01-18 08:00:00,2026-01-18,8,UAX,13.0,False,False,13.4,False
2026-01-18 09:00:00,2026-01-18,9,UAX,10.0,False,False,13.5,False
2026-01-18 10:00:00,2026-01-18,10,UAX,21.0,False,False,14.5,False
2026-01-18 11:00:00,2026-01-18,11,UAX,31.0,False,False,15.6,False
2026-01-18 12:00:00,2026-01-18,12,UAX,46.0,False,False,17.4,False
2026-01-18 13:00:00,2026-01-18,13,UAX,58.0,False,False,19.0,False
2026-01-18 14:00:00,2026-01-18,14,UAX,73.0,False,False,20.4,False
2026-01-18 15:00:00,2026-01-18,15,UAX,81.0,False,False,20.4,False
2026-01-18 16:00:00,2026-01-18,16,UAX,53.0,False,False,16.7,False
2026-01-18 17:00:00,2026-01-18,17,UAX,41.0,False,False,16.0,False
2026-01-18 18:00:00,2026-01-18,18,UAX,39.0,False,False,17.7,False
2026-01-18 19:00:00,2026-01-18,19,UAX,36.0,False,False,16.2,False
2026-01-18 20:00:00,2026-01-18,20,UAX,30.0,False,False,15.4,False
2026-01-18 21:00:00,2026-01-18,21,UAX,32.0,False,False,14.8,False
2026-01-18 22:00:00,2026-01-18,22,UAX,22.0,False,False,13.8,False
2026-01-18 23:00:00,2026-01-18,23,UAX,8.0,False,False,13.1,False
2026-01-19 00:00:00,2026-01-18,24,UAX,2.0,False,False,12.7,False
2026-01-19 01:00:00,2026-01-19,1,UAX,1.0,False,False,12.4,False
2026-01-19 02:00:00,2026-01-19,2,UAX,1.0,False,False,11.2,False
2026-01-19 03:00:00,2026-01-19,3,UAX,1.0,False,False,10.7,False
2026-01-19 04:00:00,2026-01-19,4,UAX,2.0,False,False,9.8,False
2026-01-19 05:00:00,2026-01-19,5,UAX,2.0,False,False,10.4,False
2026-01-19 06:00:00,2026-01-19,6,UAX,1.0,False,False,10.3,False
2026-01-19 07:00:00,2026-01-19,7,UAX,1.0,False,False,10.7,False
2026-01-19 08:00:00,2026-01-19,8,UAX,1.0,False,False,10.9,False
2026-01-19 09:00:00,2026-01-19,9,UAX,2.0,False,False,11.0,False
2026-01-19 10:00:00,2026-01-19,10,UAX,14.0,False,False,12.0,False
2026-01-19 11:00:00,2026-01-19,11,UAX,29.0,True,False,13.6,False
2026-01-19 12:00:00,2026-01-19,12,UAX,44.0,True,False,16.0,False
2026-01-19 13:00:00,2026-01-19,13,UAX,59.0,True,False,18.9,False
2026-01-19 14:00:00,2026-01-19,14,UAX,74.0,False,False,20.1,False
2026-01-19 15:00:00,2026-01-19,15,UAX,71.0,False,False,21.3,False
2026-01-19 16:00:00,2026-01-19,16,UAX,74.0,False,False,21.3,False
2026-01-19 17:00:00,2026-01-19,17,UAX,66.0,False,False,21.2,False
2026-01-19 18:00:00,2026-01-19,18,UAX,56.0,False,False,20.0,False
2026-01-19 19:00:00,2026-01-19,19,UAX,39.0,False,False,18.7,False
2026-01-19 20:00:00,2026-01-19,20,UAX,12.0,False,False,17.6,False
2026-01-19 21:00:00,2026-01-19,21,UAX,15.0,False,False,17.1,False
2026-01-19 22:00:00,2026-01-19,22,UAX,11.0,False,False,17.1,False
2026-01-19 23:00:00,2026-01-19,23,UAX,6.0,False,False,16.3,False
2026-01-20 00:00:00,2026-01-19,24,UAX,11.0,False,False,15.7,False
2026-01-20 01:00:00,2026-01-20,1,UAX,3.0,False,False,13.8,False
2026-01-20 02:00:00,2026-01-20,2,UAX,1.0,False,False,12.5,False
2026-01-20 03:00:00,2026-01-20,3,UAX,2.0,False,False,12.0,False
2026-01-20 04:00:00,2026-01-20,4,UAX,5.0,False,False,11.4,False
2026-01-20 05:00:00,2026-01-20,5,UAX,4.0,False,False,11.2,False
2026-01-20 06:00:00,2026-01-20,6,UAX,1.0,False,False,11.3,False
2026-01-20 07:00:00,2026-01-20,7,UAX,1.0,False,False,11.4,False
2026-01-20 08:00:00,2026-01-20,8,UAX,1.0,False,False,11.0,False
2026-01-20 09:00:00,2026-01-20,9,UAX,2.0,False,False,11.9,False
2026-01-20 10:00:00,2026-01-20,10,UAX,8.0,False,False,13.6,False
2026-01-20 11:00:00,2026-01-20,11,UAX,25.0,False,False,16.1,False
2026-01-20 12:00:00,2026-01-20,12,UAX,46.0,False,False,18.1,False
2026-01-20 13:00:00,2026-01-20,13,UAX,75.0,False,False,19.6,False
2026-01-20 14:00:00,2026-01-20,14,UAX,87.0,False,False,20.9,False
2026-01-20 15:00:00,2026-01-20,15,UAX,95.0,False,False,21.5,False
2026-01-20 16:00:00,2026-01-20,16,UAX,79.0,False,False,21.1,False
2026-01-20 17:00:00,2026-01-20,17,UAX,70.0,False,False,20.9,False
2026-01-20 18:00:00,2026-01-20,18,UAX,64.0,False,False,20.2,False
2026-01-20 19:00:00,2026-01-20,19,UAX,53.0,False,False,18.8,False
2026-01-20 20:00:00,2026-01-20,20,UAX,19.0,False,False,17.9,False
2026-01-20 21:00:00,2026-01-20,21,UAX,17.0,False,False,16.8,False
2026-01-20 22:00:00,2026-01-20,22,UAX,11.0,False,False,15.9,False
2026-01-20 23:00:00,2026-01-20,23,UAX,6.0,False,False,15.0,False
2026-01-21 00:00:00,2026-01-20,24,UAX,3.0,False,False,14.0,False
2026-01-21 01:00:00,2026-01-21,1,UAX,4.0,False,False,13.1,False
2026-01-21 02:00:00,2026-01-21,2,UAX,8.0,False,False,12.6,False
2026-01-21 03:00:00,2026-01-21,3,UAX,7.0,False,False,12.4,False
2026-01-21 04:00:00,2026-01-21,4,UAX,6.0,False,False,12.3,False
2026-01-21 05:00:00,2026-01-21,5,UAX,3.0,False,False,12.0,False
2026-01-21 06:00:00,2026-01-21,6,UAX,1.0,False,False,11.0,False
2026-01-21 07:00:00,2026-01-21,7,UAX,1.0,False,False,11.0,False
2026-01-21 08:00:00,2026-01-21,8,UAX,1.0,False,False,10.5,False
2026-01-21 09:00:00,2026-01-21,9,UAX,1.0,False,False,11.1,False
2026-01-21 10:00:00,2026-01-21,10,UAX,3.0,False,False,11.9,False
2026-01-21 11:00:00,2026-01-21,11,UAX,11.0,False,False,13.6,False
2026-01-21 12:00:00,2026-01-21,12,UAX,20.0,False,False,15.4,False
2026-01-21 13:00:00,2026-01-21,13,UAX,41.0,False,False,17.8,False
2026-01-21 14:00:00,2026-01-21,14,UAX,61.0,False,False,19.5,False
2026-01-21 15:00:00,2026-01-21,15,UAX,56.0,False,False,19.2,False
2026-01-21 16:00:00,2026-01-21,16,UAX,34.0,False,False,16.5,False
2026-01-21 17:00:00,2026-01-21,17,UAX,25.0,False,False,17.1,False
2026-01-21 18:00:00,2026-01-21,18,UAX,25.0,False,False,16.1,False
2026-01-21 19:00:00,2026-01-21,19,UAX,15.0,False,False,14.8,False
2026-01-21 20:00:00,2026-01-21,20,UAX,11.0,False,False,14.0,False
2026-01-21 21:00:00,2026-01-21,21,UAX,4.0,False,False,13.3,False
2026-01-21 22:00:00,2026-01-21,22,UAX,3.0,False,False,12.7,False
2026-01-21 23:00:00,2026-01-21,23,UAX,3.0,False,False,12.1,False
2026-01-22 00:00:00,2026-01-21,24,UAX,4.0,False,False,12.1,False
2026-01-22 01:00:00,2026-01-22,1,UAX,2.0,False,False,11.6,False
2026-01-22 02:00:00,2026-01-22,2,UAX,1.0,False,False,10.9,False
2026-01-22 03:00:00,2026-01-22,3,UAX,1.0,False,False,10.3,False
2026-01-22 04:00:00,2026-01-22,4,UAX,1.0,False,False,9.7,False
2026-01-22 05:00:00,2026-01-22,5,UAX,1.0,False,False,9.3,False
2026-01-22 06:00:00,2026-01-22,6,UAX,1.0,False,False,8.9,False
2026-01-22 07:00:00,2026-01-22,7,UAX,1.0,False,False,8.5,False
2026-01-22 08:00:00,2026-01-22,8,UAX,1.0,False,False,8.9,False
2026-01-22 09:00:00,2026-01-22,9,UAX,1.0,False,False,9.7,False
2026-01-22 10:00:00,2026-01-22,10,UAX,8.0,False,False,12.1,False
2026-01-22 11:00:00,2026-01-22,11,UAX,29.0,False,False,15.5,False
2026-01-22 12:00:00,2026-01-22,12,UAX,46.0,False,False,17.9,False
2026-01-22 13:00:00,2026-01-22,13,UAX,60.0,False,False,19.8,False
2026-01-22 14:00:00,2026-01-22,14,UAX,53.0,False,False,21.1,False
2026-01-22 15:00:00,2026-01-22,15,UAX,55.0,False,False,22.0,False
2026-01-22 16:00:00,2026-01-22,16,UAX,46.0,False,False,20.1,False
2026-01-22 17:00:00,2026-01-22,17,UAX,42.0,False,False,18.6,False
2026-01-22 18:00:00,2026-01-22,18,UAX,38.0,False,False,19.3,False
2026-01-22 19:00:00,2026-01-22,19,UAX,30.0,False,False,18.9,False
2026-01-22 20:00:00,2026-01-22,20,UAX,21.0,False,False,18.1,False
2026-01-22 21:00:00,2026-01-22,21,UAX,18.0,False,False,17.2,False
2026-01-22 22:00:00,2026-01-22,22,UAX,20.0,False,False,16.7,False
2026-01-22 23:00:00,2026-01-22,23,UAX,10.0,False,False,15.8,False
2026-01-23 00:00:00,2026-01-22,24,UAX,2.0,False,False,15.1,False
2026-01-23 01:00:00,2026-01-23,1,UAX,1.0,False,False,14.1,False
2026-01-23 02:00:00,2026-01-23,2,UAX,1.0,False,False,13.1,False
2026-01-23 03:00:00,2026-01-23,3,UAX,1.0,False,False,12.3,False
2026-01-23 04:00:00,2026-01-23,4,UAX,3.0,False,False,12.4,False
2026-01-23 05:00:00,2026-01-23,5,UAX,1.0,False,False,11.9,False
2026-01-23 06:00:00,2026-01-23,6,UAX,1.0,False,False,11.1,False
2026-01-23 07:00:00,2026-01-23,7,UAX,1.0,False,False,10.5,False
2026-01-23 08:00:00,2026-01-23,8,UAX,1.0,False,False,10.2,False
2026-01-23 09:00:00,2026-01-23,9,UAX,2.0,False,False,12.0,False
2026-01-23 10:00:00,2026-01-23,10,UAX,10.0,False,False,14.2,False
2026-01-23 11:00:00,2026-01-23,11,UAX,29.0,False,False,17.1,False
2026-01-23 12:00:00,2026-01-23,12,UAX,42.0,False,False,19.7,False
2026-01-23 13:00:00,2026-01-23,13,UAX,53.0,False,False,21.0,False
2026-01-23 14:00:00,2026-01-23,14,UAX,59.0,False,False,22.1,False
2026-01-23 15:00:00,2026-01-23,15,UAX,58.0,False,False,22.2,False
2026-01-23 16:00:00,2026-01-23,16,UAX,60.0,False,False,21.8,False
2026-01-23 17:00:00,2026-01-23,17,UAX,42.0,False,False,21.4,False
2026-01-23 18:00:00,2026-01-23,18,UAX,43.0,False,False,20.9,False
2026-01-23 19:00:00,2026-01-23,19,UAX,34.0,False,False,19.9,False
2026-01-23 20:00:00,2026-01-23,20,UAX,17.0,False,False,18.4,False
2026-01-23 21:00:00,2026-01-23,21,UAX,12.0,False,False,17.3,False
2026-01-23 22:00:00,2026-01-23,22,UAX,9.0,False,False,15.4,False
2026-01-23 23:00:00,2026-01-23,23,UAX,8.0,False,False,14.8,False
2026-01-24 00:00:00,2026-01-23,24,UAX,2.0,False,False,13.9,False
2026-01-24 01:00:00,2026-01-24,1,UAX,5.0,True,True,12.6,False
2026-01-24 02:00:00,2026-01-24,2,UAX,3.0,True,True,12.0,False
2026-01-24 03:00:00,2026-01-24,3,UAX,4.5,True,True,10.9,False
2026-01-24 04:00:00,2026-01-24,4,UAX,3.0,False,False,10.2,False
2026-01-24 05:00:00,2026-01-24,5,UAX,1.0,False,False,9.8,False
2026-01-24 06:00:00,2026-01-24,6,UAX,1.0,False,False,9.1,False
2026-01-24 07:00:00,2026-01-24,7,UAX,1.0,False,False,8.6,False
2026-01-24 08:00:00,2026-01-24,8,UAX,1.0,False,False,8.6,False
2026-01-24 09:00:00,2026-01-24,9,UAX,4.0,False,False,10.2,False
2026-01-24 10:00:00,2026-01-24,10,UAX,16.0,False,False,13.3,False
2026-01-24 11:00:00,2026-01-24,11,UAX,29.0,False,False,16.9,False
2026-01-24 12:00:00,2026-01-24,12,UAX,44.0,False,False,19.8,False
2026-01-24 13:00:00,2026-01-24,13,UAX,47.0,False,False,21.6,False
2026-01-24 14:00:00,2026-01-24,14,UAX,52.0,False,False,22.2,False
2026-01-24 15:00:00,2026-01-24,15,UAX,45.0,False,False,22.5,False
2026-01-24 16:00:00,2026-01-24,16,UAX,51.0,False,False,21.2,False
2026-01-24 17:00:00,2026-01-24,17,UAX,43.0,False,False,20.9,False
2026-01-24 18:00:00,2026-01-24,18,UAX,40.0,False,False,20.3,False
2026-01-24 19:00:00,2026-01-24,19,UAX,36.0,False,False,19.2,False
2026-01-24 20:00:00,2026-01-24,20,UAX,26.0,False,False,18.5,False
2026-01-24 21:00:00,2026-01-24,21,UAX,23.0,False,False,17.2,False
2026-01-24 22:00:00,2026-01-24,22,UAX,18.0,False,False,16.0,False
2026-01-24 23:00:00,2026-01-24,23,UAX,11.0,False,False,15.4,False
2026-01-25 00:00:00,2026-01-24,24,UAX,5.0,False,False,15.0,False
2026-01-25 01:00:00,2026-01-25,1,UAX,11.0,False,False,14.8,False
2026-01-25 02:00:00,2026-01-25,2,UAX,6.0,False,False,13.7,False
2026-01-25 03:00:00,2026-01-25,3,UAX,10.0,False,False,12.5,False
2026-01-25 04:00:00,2026-01-25,4,UAX,3.0,False,False,11.6,False
2026-01-25 05:00:00,2026-01-25,5,UAX,4.0,False,False,10.9,False
2026-01-25 06:00:00,2026-01-25,6,UAX,2.0,False,False,10.6,False
2026-01-25 07:00:00,2026-01-25,7,UAX,1.0,False,False,10.0,False
2026-01-25 08:00:00,2026-01-25,8,UAX,1.0,False,False,9.3,False
2026-01-25 09:00:00,2026-01-25,9,UAX,5.0,False,False,11.7,False
2026-01-25 10:00:00,2026-01-25,10,UAX,19.0,False,False,15.4,False
2026-01-25 11:00:00,2026-01-25,11,UAX,33.0,False,False,19.1,False
2026-01-25 12:00:00,2026-01-25,12,UAX,36.0,False,False,21.6,False
2026-01-25 13:00:00,2026-01-25,13,UAX,37.0,False,False,23.1,False
2026-01-25 14:00:00,2026-01-25,14,UAX,46.0,False,False,24.2,False
2026-01-25 15:00:00,2026-01-25,15,UAX,54.0,False,False,25.1,False
2026-01-25 16:00:00,2026-01-25,16,UAX,50.0,False,False,25.1,False
2026-01-25 17:00:00,2026-01-25,17,UAX,47.0,False,False,24.0,False
2026-01-25 18:00:00,2026-01-25,18,UAX,36.0,False,False,23.1,False
2026-01-25 19:00:00,2026-01-25,19,UAX,27.0,False,False,22.0,False
2026-01-25 20:00:00,2026-01-25,20,UAX,29.0,False,False,20.0,False
2026-01-25 21:00:00,2026-01-25,21,UAX,16.0,False,False,18.3,False
2026-01-25 22:00:00,2026-01-25,22,UAX,13.0,False,False,17.1,False
2026-01-25 23:00:00,2026-01-25,23,UAX,11.0,False,False,16.6,False
2026-01-26 00:00:00,2026-01-25,24,UAX,1.0,False,False,14.8,False
2026-01-26 01:00:00,2026-01-26,1,UAX,1.0,False,False,13.9,False
2026-01-26 02:00:00,2026-01-26,2,UAX,1.0,False,False,12.9,False
2026-01-26 03:00:00,2026-01-26,3,UAX,2.0,False,False,12.4,False
2026-01-26 04:00:00,2026-01-26,4,UAX,2.0,False,False,11.4,False
2026-01-26 05:00:00,2026-01-26,5,UAX,3.0,False,False,11.0,False
2026-01-26 06:00:00,2026-01-26,6,UAX,2.0,False,False,10.4,False
2026-01-26 07:00:00,2026-01-26,7,UAX,1.0,False,False,9.8,False
2026-01-26 08:00:00,2026-01-26,8,UAX,1.0,False,False,10.1,False
2026-01-26 09:00:00,2026-01-26,9,UAX,3.0,False,False,11.4,False
2026-01-26 10:00:00,2026-01-26,10,UAX,13.0,False,False,14.3,False
2026-01-26 11:00:00,2026-01-26,11,UAX,32.0,False,False,17.4,False
2026-01-26 12:00:00,2026-01-26,12,UAX,56.0,False,False,20.4,False
2026-01-26 13:00:00,2026-01-26,13,UAX,61.0,False,False,22.7,False
2026-01-26 14:00:00,2026-01-26,14,UAX,57.0,False,False,23.9,False
2026-01-26 15:00:00,2026-01-26,15,UAX,52.0,False,False,24.5,False
2026-01-26 16:00:00,2026-01-26,16,UAX,52.0,False,False,24.6,False
2026-01-26 17:00:00,2026-01-26,17,UAX,52.0,False,False,24.2,False
2026-01-26 18:00:00,2026-01-26,18,UAX,53.0,False,False,22.9,False
2026-01-26 19:00:00,2026-01-26,19,UAX,54.0,False,False,20.8,False
2026-01-26 20:00:00,2026-01-26,20,UAX,41.0,False,False,20.0,False
2026-01-26 21:00:00,2026-01-26,21,UAX,17.0,False,False,18.5,False
2026-01-26 22:00:00,2026-01-26,22,UAX,20.0,False,False,17.0,False
2026-01-26 23:00:00,2026-01-26,23,UAX,20.0,False,False,16.1,False
2026-01-27 00:00:00,2026-01-26,24,UAX,21.0,False,False,15.3,False
2026-01-27 01:00:00,2026-01-27,1,UAX,13.0,False,False,14.1,False
2026-01-27 02:00:00,2026-01-27,2,UAX,3.0,False,False,12.4,False
2026-01-27 03:00:00,2026-01-27,3,UAX,5.0,False,False,10.9,False
2026-01-27 04:00:00,2026-01-27,4,UAX,4.0,False,False,9.9,False
2026-01-27 05:00:00,2026-01-27,5,UAX,2.0,False,False,9.2,False
2026-01-27 06:00:00,2026-01-27,6,UAX,1.0,False,False,8.7,False
2026-01-27 07:00:00,2026-01-27,7,UAX,1.0,False,False,8.3,False
2026-01-27 08:00:00,2026-01-27,8,UAX,1.0,False,False,8.0,False
2026-01-27 09:00:00,2026-01-27,9,UAX,3.0,False,False,9.5,False
2026-01-27 10:00:00,2026-01-27,10,UAX,9.0,False,False,11.6,False
2026-01-27 11:00:00,2026-01-27,11,UAX,19.0,False,False,14.2,False
2026-01-27 12:00:00,2026-01-27,12,UAX,38.0,False,False,17.3,False
2026-01-27 13:00:00,2026-01-27,13,UAX,70.0,False,False,19.7,False
2026-01-27 14:00:00,2026-01-27,14,UAX,79.0,False,False,21.8,False
2026-01-27 15:00:00,2026-01-27,15,UAX,95.0,False,False,22.8,False
2026-01-27 16:00:00,2026-01-27,16,UAX,78.0,False,False,23.5,False
2026-01-27 17:00:00,2026-01-27,17,UAX,73.0,False,False,22.8,False
2026-01-27 18:00:00,2026-01-27,18,UAX,63.0,False,False,21.6,False
2026-01-27 19:00:00,2026-01-27,19,UAX,51.0,False,False,19.9,False
2026-01-27 20:00:00,2026-01-27,20,UAX,49.0,False,False,18.4,False
2026-01-27 21:00:00,2026-01-27,21,UAX,44.0,False,False,17.9,False
2026-01-27 22:00:00,2026-01-27,22,UAX,37.0,False,False,17.4,False
2026-01-27 23:00:00,2026-01-27,23,UAX,35.0,False,False,16.1,False
2026-01-28 00:00:00,2026-01-27,24,UAX,19.0,False,False,15.5,False
2026-01-28 01:00:00,2026-01-28,1,UAX,17.0,False,False,14.7,False
2026-01-28 02:00:00,2026-01-28,2,UAX,11.0,False,False,13.6,False
2026-01-28 03:00:00,2026-01-28,3,UAX,7.0,False,False,12.6,False
2026-01-28 04:00:00,2026-01-28,4,UAX,6.0,False,False,11.9,False
2026-01-28 05:00:00,2026-01-28,5,UAX,3.0,False,False,11.6,False
2026-01-28 06:00:00,2026-01-28,6,UAX,2.0,False,False,10.6,False
2026-01-28 07:00:00,2026-01-28,7,UAX,1.0,False,False,10.4,False
2026-01-28 08:00:00,2026-01-28,8,UAX,1.0,False,False,10.2,False
2026-01-28 09:00:00,2026-01-28,9,UAX,4.0,False,False,11.5,False
2026-01-28 10:00:00,2026-01-28,10,UAX,14.0,False,False,14.5,False
2026-01-28 11:00:00,2026-01-28,11,UAX,36.0,False,False,17.2,False
2026-01-28 12:00:00,2026-01-28,12,UAX,53.0,False,False,19.5,False
2026-01-28 13:00:00,2026-01-28,13,UAX,67.0,False,False,20.8,False
2026-01-28 14:00:00,2026-01-28,14,UAX,88.0,False,False,21.6,False
2026-01-28 15:00:00,2026-01-28,15,UAX,99.0,False,False,22.8,False
2026-01-28 16:00:00,2026-01-28,16,UAX,104.0,False,False,23.6,False
2026-01-28 17:00:00,2026-01-28,17,UAX,105.0,False,False,23.7,False
2026-01-28 18:00:00,2026-01-28,18,UAX,94.0,False,False,23.4,False
2026-01-28 19:00:00,2026-01-28,19,UAX,62.0,False,False,21.4,False
2026-01-28 20:00:00,2026-01-28,20,UAX,34.0,False,False,19.4,False
2026-01-28 21:00:00,2026-01-28,21,UAX,23.0,False,False,18.0,False
2026-01-28 22:00:00,2026-01-28,22,UAX,22.0,False,False,17.0,False
2026-01-28 23:00:00,2026-01-28,23,UAX,17.0,False,False,16.4,False
2026-01-29 00:00:00,2026-01-28,24,UAX,12.0,False,False,15.1,False
2026-01-29 01:00:00,2026-01-29,1,UAX,3.0,False,False,13.3,False
2026-01-29 02:00:00,2026-01-29,2,UAX,3.0,False,False,12.7,False
2026-01-29 03:00:00,2026-01-29,3,UAX,6.0,False,False,12.1,False
2026-01-29 04:00:00,2026-01-29,4,UAX,6.0,False,False,11.8,False
2026-01-29 05:00:00,2026-01-29,5,UAX,1.0,False,False,10.7,False
2026-01-29 06:00:00,2026-01-29,6,UAX,1.0,False,False,10.0,False
2026-01-29 07:00:00,2026-01-29,7,UAX,1.0,False,False,9.4,False
2026-01-29 08:00:00,2026-01-29,8,UAX,1.0,False,False,9.1,False
2026-01-29 09:00:00,2026-01-29,9,UAX,5.0,False,False,10.7,False
2026-01-29 10:00:00,2026-01-29,10,UAX,18.0,False,False,13.6,False
2026-01-29 11:00:00,2026-01-29,11,UAX,40.0,False,False,16.6,False
2026-01-29 12:00:00,2026-01-29,12,UAX,58.0,False,False,19.4,False
2026-01-29 13:00:00,2026-01-29,13,UAX,70.0,False,False,21.4,False
2026-01-29 14:00:00,2026-01-29,14,UAX,77.0,False,False,22.7,False
2026-01-29 15:00:00,2026-01-29,15,UAX,104.0,False,False,23.6,False
2026-01-29 16:00:00,2026-01-29,16,UAX,107.0,False,False,24.5,False
2026-01-29 17:00:00,2026-01-29,17,UAX,85.0,False,False,25.0,False
2026-01-29 18:00:00,2026-01-29,18,UAX,67.0,False,False,24.8,False
2026-01-29 19:00:00,2026-01-29,19,UAX,51.0,False,False,23.1,False
2026-01-29 20:00:00,2026-01-29,20,UAX,39.0,False,False,21.0,False
2026-01-29 21:00:00,2026-01-29,21,UAX,32.0,False,False,17.8,False
2026-01-29 22:00:00,2026-01-29,22,UAX,33.0,False,False,16.3,False
2026-01-29 23:00:00,2026-01-29,23,UAX,29.0,False,False,15.2,False
2026-01-30 00:00:00,2026-01-29,24,UAX,7.0,False,False,14.3,False
2026-01-30 01:00:00,2026-01-30,1,UAX,5.0,True,True,13.4,False
2026-01-30 02:00:00,2026-01-30,2,UAX,3.0,True,True,12.5,False
2026-01-30 03:00:00,2026-01-30,3,UAX,4.5,True,True,12.2,False
2026-01-30 04:00:00,2026-01-30,4,UAX,1.0,False,False,11.2,False
2026-01-30 05:00:00,2026-01-30,5,UAX,2.0,False,False,11.2,False
2026-01-30 06:00:00,2026-01-30,6,UAX,1.0,False,False,10.1,False
2026-01-30 07:00:00,2026-01-30,7,UAX,1.0,False,False,10.1,False
2026-01-30 08:00:00,2026-01-30,8,UAX,1.0,False,False,9.8,False
2026-01-30 09:00:00,2026-01-30,9,UAX,3.0,False,False,11.2,False
2026-01-30 10:00:00,2026-01-30,10,UAX,17.0,False,False,13.8,False
2026-01-30 11:00:00,2026-01-30,11,UAX,34.0,False,False,16.1,False
2026-01-30 12:00:00,2026-01-30,12,UAX,65.0,False,False,18.8,False
2026-01-30 13:00:00,2026-01-30,13,UAX,86.0,False,False,21.2,False
2026-01-30 14:00:00,2026-01-30,14,UAX,84.0,False,False,22.7,False
2026-01-30 15:00:00,2026-01-30,15,UAX,86.0,False,False,23.5,False
2026-01-30 16:00:00,2026-01-30,16,UAX,98.0,False,False,24.3,False
2026-01-30 17:00:00,2026-01-30,17,UAX,109.0,False,False,24.3,False
2026-01-30 18:00:00,2026-01-30,18,UAX,82.0,False,False,23.1,False
2026-01-30 19:00:00,2026-01-30,19,UAX,65.0,False,False,21.4,False
2026-01-30 20:00:00,2026-01-30,20,UAX,59.0,False,False,20.3,False
2026-01-30 21:00:00,2026-01-30,21,UAX,44.0,False,False,19.7,False
2026-01-30 22:00:00,2026-01-30,22,UAX,22.0,False,False,18.8,False
2026-01-30 23:00:00,2026-01-30,23,UAX,6.0,False,False,17.0,False
2026-01-31 00:00:00,2026-01-30,24,UAX,8.0,False,False,15.9,False
2026-01-31 01:00:00,2026-01-31,1,UAX,6.0,False,False,15.0,False
2026-01-31 02:00:00,2026-01-31,2,UAX,4.0,False,False,13.9,False
2026-01-31 03:00:00,2026-01-31,3,UAX,8.0,False,False,12.1,False
2026-01-31 04:00:00,2026-01-31,4,UAX,9.0,False,False,11.5,False
2026-01-31 05:00:00,2026-01-31,5,UAX,7.0,False,False,10.7,False
2026-01-31 06:00:00,2026-01-31,6,UAX,8.0,False,False,10.4,False
2026-01-31 07:00:00,2026-01-31,7,UAX,4.0,False,False,10.1,False
2026-01-31 08:00:00,2026-01-31,8,UAX,4.0,False,False,10.0,False
2026-01-31 09:00:00,2026-01-31,9,UAX,7.0,False,False,9.7,False
2026-01-31 10:00:00,2026-01-31,10,UAX,11.0,False,False,10.0,False
2026-01-31 11:00:00,2026-01-31,11,UAX,12.0,False,False,10.4,False
2026-01-31 12:00:00,2026-01-31,12,UAX,13.0,False,False,11.3,False
2026-01-31 13:00:00,2026-01-31,13,UAX,18.0,False,False,12.5,False
2026-01-31 14:00:00,2026-01-31,14,UAX,29.0,False,False,13.7,False
2026-01-31 15:00:00,2026-01-31,15,UAX,40.0,False,False,14.8,False
2026-01-31 16:00:00,2026-01-31,16,UAX,46.0,False,False,15.3,False
2026-01-31 17:00:00,2026-01-31,17,UAX,48.0,False,False,16.0,False
2026-01-31 18:00:00,2026-01-31,18,UAX,39.0,False,False,16.2,False
2026-01-31 19:00:00,2026-01-31,19,UAX,33.0,False,False,16.0,False
2026-01-31 20:00:00,2026-01-31,20,UAX,12.0,False,False,15.2,False
2026-01-31 21:00:00,2026-01-31,21,UAX,14.0,False,False,13.9,False
2026-01-31 22:00:00,2026-01-31,22,UAX,13.0,False,False,13.2,False
2026-01-31 23:00:00,2026-01-31,23,UAX,12.0,False,False,12.3,False
2026-02-01 00:00:00,2026-01-31,24,UAX,8.0,False,False,11.6,False
2026-02-01 01:00:00,2026-02-01,1,UAX,4.0,False,False,10.6,False
2026-02-01 02:00:00,2026-02-01,2,UAX,7.0,False,False,9.6,False
2026-02-01 03:00:00,2026-02-01,3,UAX,10.0,False,False,8.9,False
2026-02-01 04:00:00,2026-02-01,4,UAX,12.0,False,False,8.2,False
2026-02-01 05:00:00,2026-02-01,5,UAX,8.0,False,False,7.4,False
2026-02-01 06:00:00,2026-02-01,6,UAX,8.0,False,False,7.1,False
2026-02-01 07:00:00,2026-02-01,7,UAX,3.0,False,False,6.5,False
2026-02-01 08:00:00,2026-02-01,8,UAX,2.0,False,False,6.2,False
2026-02-01 09:00:00,2026-02-01,9,UAX,8.0,False,False,7.6,False
2026-02-01 10:00:00,2026-02-01,10,UAX,15.0,False,False,9.4,False
2026-02-01 11:00:00,2026-02-01,11,UAX,25.0,False,False,10.9,False
2026-02-01 12:00:00,2026-02-01,12,UAX,43.0,False,False,12.7,False
2026-02-01 13:00:00,2026-02-01,13,UAX,64.0,False,False,15.2,False
2026-02-01 14:00:00,2026-02-01,14,UAX,81.0,False,False,17.7,False
2026-02-01 15:00:00,2026-02-01,15,UAX,79.0,False,False,19.6,False
2026-02-01 16:00:00,2026-02-01,16,UAX,77.0,False,False,20.6,False
2026-02-01 17:00:00,2026-02-01,17,UAX,85.0,False,False,20.7,False
2026-02-01 18:00:00,2026-02-01,18,UAX,69.0,False,False,19.8,False
2026-02-01 19:00:00,2026-02-01,19,UAX,51.0,False,False,18.9,False
2026-02-01 20:00:00,2026-02-01,20,UAX,38.0,False,False,18.1,False
2026-02-01 21:00:00,2026-02-01,21,UAX,28.0,False,False,16.9,False
2026-02-01 22:00:00,2026-02-01,22,UAX,26.0,False,False,15.9,False
2026-02-01 23:00:00,2026-02-01,23,UAX,21.0,False,False,15.2,False
2026-02-02 00:00:00,2026-02-01,24,UAX,15.0,False,False,14.4,False
2026-02-02 01:00:00,2026-02-02,1,UAX,12.0,False,False,14.3,False
2026-02-02 02:00:00,2026-02-02,2,UAX,13.0,False,False,13.7,False
2026-02-02 03:00:00,2026-02-02,3,UAX,10.0,False,False,12.0,False
2026-02-02 04:00:00,2026-02-02,4,UAX,11.0,False,False,10.9,False
2026-02-02 05:00:00,2026-02-02,5,UAX,11.0,False,False,10.3,False
2026-02-02 06:00:00,2026-02-02,6,UAX,6.0,False,False,9.1,False
2026-02-02 07:00:00,2026-02-02,7,UAX,3.0,False,False,8.5,False
2026-02-02 08:00:00,2026-02-02,8,UAX,2.0,False,False,8.0,False
2026-02-02 09:00:00,2026-02-02,9,UAX,7.0,False,False,8.7,False
2026-02-02 10:00:00,2026-02-02,10,UAX,13.0,False,False,10.7,False
2026-02-02 11:00:00,2026-02-02,11,UAX,24.0,False,False,12.4,False
2026-02-02 12:00:00,2026-02-02,12,UAX,43.0,False,False,15.2,False
2026-02-02 13:00:00,2026-02-02,13,UAX,58.0,False,False,17.6,False
2026-02-02 14:00:00,2026-02-02,14,UAX,70.0,False,False,19.1,False
2026-02-02 15:00:00,2026-02-02,15,UAX,88.0,False,False,20.1,False
2026-02-02 16:00:00,2026-02-02,16,UAX,92.0,False,False,20.8,False
2026-02-02 17:00:00,2026-02-02,17,UAX,71.0,False,False,21.5,False
2026-02-02 18:00:00,2026-02-02,18,UAX,59.0,False,False,21.4,False
2026-02-02 19:00:00,2026-02-02,19,UAX,44.0,False,False,20.1,False
2026-02-02 20:00:00,2026-02-02,20,UAX,21.0,False,False,19.0,False
2026-02-02 21:00:00,2026-02-02,21,UAX,8.0,False,False,17.9,False
2026-02-02 22:00:00,2026-02-02,22,UAX,9.0,False,False,16.2,False
2026-02-02 23:00:00,2026-02-02,23,UAX,7.0,False,False,15.8,False
2026-02-03 00:00:00,2026-02-02,24,UAX,1.0,False,False,13.8,False
2026-02-03 01:00:00,2026-02-03,1,UAX,1.0,False,False,12.4,False
2026-02-03 02:00:00,2026-02-03,2,UAX,1.0,False,False,11.4,False
2026-02-03 03:00:00,2026-02-03,3,UAX,3.0,False,False,10.8,False
2026-02-03 04:00:00,2026-02-03,4,UAX,4.0,False,False,10.2,False
2026-02-03 05:00:00,2026-02-03,5,UAX,2.0,False,False,9.3,False
2026-02-03 06:00:00,2026-02-03,6,UAX,2.0,False,False,8.7,False
2026-02-03 07:00:00,2026-02-03,7,UAX,2.0,False,False,8.2,False
2026-02-03 08:00:00,2026-02-03,8,UAX,1.0,False,False,8.4,False
2026-02-03 09:00:00,2026-02-03,9,UAX,7.0,False,False,9.7,False
2026-02-03 10:00:00,2026-02-03,10,UAX,19.0,False,False,12.9,False
2026-02-03 11:00:00,2026-02-03,11,UAX,37.0,False,False,16.1,False
2026-02-03 12:00:00,2026-02-03,12,UAX,56.0,False,False,19.0,False
2026-02-03 13:00:00,2026-02-03,13,UAX,59.0,False,False,20.7,False
2026-02-03 14:00:00,2026-02-03,14,UAX,63.0,False,False,22.1,False
2026-02-03 15:00:00,2026-02-03,15,UAX,77.0,False,False,22.7,False
2026-02-03 16:00:00,2026-02-03,16,UAX,92.0,False,False,23.1,False
2026-02-03 17:00:00,2026-02-03,17,UAX,72.0,False,False,22.7,False
2026-02-03 18:00:00,2026-02-03,18,UAX,61.0,False,False,22.4,False
2026-02-03 19:00:00,2026-02-03,19,UAX,46.0,False,False,21.7,False
2026-02-03 20:00:00,2026-02-03,20,UAX,40.0,False,False,20.3,False
2026-02-03 21:00:00,2026-02-03,21,UAX,34.0,False,False,19.8,False
2026-02-03 22:00:00,2026-02-03,22,UAX,22.0,False,False,19.1,False
2026-02-03 23:00:00,2026-02-03,23,UAX,18.0,False,False,18.4,False
2026-02-04 00:00:00,2026-02-03,24,UAX,22.0,False,False,17.4,False
2026-02-04 01:00:00,2026-02-04,1,UAX,28.0,False,False,16.9,False
2026-02-04 02:00:00,2026-02-04,2,UAX,18.0,False,False,15.8,False
2026-02-04 03:00:00,2026-02-04,3,UAX,4.0,False,False,14.4,False
2026-02-04 04:00:00,2026-02-04,4,UAX,5.0,False,False,12.4,False
2026-02-04 05:00:00,2026-02-04,5,UAX,7.0,False,False,11.4,False
2026-02-04 06:00:00,2026-02-04,6,UAX,3.0,False,False,11.0,False
2026-02-04 07:00:00,2026-02-04,7,UAX,1.0,False,False,10.3,False
2026-02-04 08:00:00,2026-02-04,8,UAX,2.0,False,False,10.2,False
2026-02-04 09:00:00,2026-02-04,9,UAX,6.0,False,False,11.7,False
2026-02-04 10:00:00,2026-02-04,10,UAX,17.0,False,False,14.2,False
2026-02-04 11:00:00,2026-02-04,11,UAX,34.0,False,False,16.6,False
2026-02-04 12:00:00,2026-02-04,12,UAX,55.0,False,False,18.8,False
2026-02-04 13:00:00,2026-02-04,13,UAX,70.0,False,False,21.0,False
2026-02-04 14:00:00,2026-02-04,14,UAX,79.0,False,False,22.3,False
2026-02-04 15:00:00,2026-02-04,15,UAX,96.0,False,False,23.1,False
2026-02-04 16:00:00,2026-02-04,16,UAX,107.0,False,False,23.4,False
2026-02-04 17:00:00,2026-02-04,17,UAX,105.0,False,False,23.0,False
2026-02-04 18:00:00,2026-02-04,18,UAX,79.0,False,False,22.5,False
2026-02-04 19:00:00,2026-02-04,19,UAX,50.0,False,False,19.8,False
2026-02-04 20:00:00,2026-02-04,20,UAX,34.0,False,False,16.6,False
2026-02-04 21:00:00,2026-02-04,21,UAX,14.0,False,False,16.1,False
2026-02-04 22:00:00,2026-02-04,22,UAX,13.0,False,False,14.4,False
2026-02-04 23:00:00,2026-02-04,23,UAX,17.0,False,False,14.0,False
2026-02-05 00:00:00,2026-02-04,24,UAX,21.0,False,False,13.8,False
2026-02-05 01:00:00,2026-02-05,1,UAX,5.0,True,True,13.1,False
2026-02-05 02:00:00,2026-02-05,2,UAX,3.0,True,True,12.5,False
2026-02-05 03:00:00,2026-02-05,3,UAX,4.5,True,True,12.3,False
2026-02-05 04:00:00,2026-02-05,4,UAX,26.0,False,False,12.2,False
2026-02-05 05:00:00,2026-02-05,5,UAX,25.0,False,False,12.0,False
2026-02-05 06:00:00,2026-02-05,6,UAX,23.0,False,False,11.7,False
2026-02-05 07:00:00,2026-02-05,7,UAX,17.0,False,False,11.7,False
2026-02-05 08:00:00,2026-02-05,8,UAX,12.0,False,False,11.7,False
2026-02-05 09:00:00,2026-02-05,9,UAX,9.0,False,False,11.6,False
2026-02-05 10:00:00,2026-02-05,10,UAX,9.0,False,False,11.8,False
2026-02-05 11:00:00,2026-02-05,11,UAX,11.0,False,False,12.2,False
2026-02-05 12:00:00,2026-02-05,12,UAX,13.0,False,False,12.7,False
2026-02-05 13:00:00,2026-02-05,13,UAX,23.0,False,False,13.7,False
2026-02-05 14:00:00,2026-02-05,14,UAX,36.0,False,False,15.1,False
2026-02-05 15:00:00,2026-02-05,15,UAX,58.0,False,False,16.9,False
2026-02-05 16:00:00,2026-02-05,16,UAX,74.0,False,False,18.5,False
2026-02-05 17:00:00,2026-02-05,17,UAX,84.0,False,False,19.4,False
2026-02-05 18:00:00,2026-02-05,18,UAX,81.0,False,False,19.2,False
2026-02-05 19:00:00,2026-02-05,19,UAX,68.0,False,False,18.8,False
2026-02-05 20:00:00,2026-02-05,20,UAX,51.0,False,False,17.7,False
2026-02-05 21:00:00,2026-02-05,21,UAX,18.0,False,False,16.6,False
2026-02-05 22:00:00,2026-02-05,22,UAX,7.0,False,False,15.0,False
2026-02-05 23:00:00,2026-02-05,23,UAX,9.0,False,False,14.1,False
2026-02-06 00:00:00,2026-02-05,24,UAX,5.0,False,False,13.3,False
2026-02-06 01:00:00,2026-02-06,1,UAX,3.0,False,False,12.5,False
2026-02-06 02:00:00,2026-02-06,2,UAX,1.0,False,False,11.8,False
2026-02-06 03:00:00,2026-02-06,3,UAX,1.0,False,False,11.6,False
2026-02-06 04:00:00,2026-02-06,4,UAX,2.0,False,False,10.6,False
2026-02-06 05:00:00,2026-02-06,5,UAX,1.0,False,False,9.8,False
2026-02-06 06:00:00,2026-02-06,6,UAX,1.0,False,False,9.5,False
2026-02-06 07:00:00,2026-02-06,7,UAX,1.0,False,False,9.6,False
2026-02-06 08:00:00,2026-02-06,8,UAX,1.0,False,False,8.9,False
2026-02-06 09:00:00,2026-02-06,9,UAX,2.0,False,False,10.4,False
2026-02-06 10:00:00,2026-02-06,10,UAX,10.0,False,False,12.5,False
2026-02-06 11:00:00,2026-02-06,11,UAX,36.0,False,False,15.1,False
2026-02-06 12:00:00,2026-02-06,12,UAX,57.0,False,False,17.9,False
2026-02-06 13:00:00,2026-02-06,13,UAX,59.0,False,False,19.7,False
2026-02-06 14:00:00,2026-02-06,14,UAX,69.0,False,False,21.0,False
2026-02-06 15:00:00,2026-02-06,15,UAX,72.0,False,False,22.1,False
2026-02-06 16:00:00,2026-02-06,16,UAX,72.0,False,False,22.5,False
2026-02-06 17:00:00,2026-02-06,17,UAX,66.0,False,False,22.8,False
2026-02-06 18:00:00,2026-02-06,18,UAX,50.0,False,False,22.5,False
2026-02-06 19:00:00,2026-02-06,19,UAX,30.0,False,False,21.2,False
2026-02-06 20:00:00,2026-02-06,20,UAX,16.0,False,False,19.7,False
2026-02-06 21:00:00,2026-02-06,21,UAX,15.0,False,False,18.1,False
2026-02-06 22:00:00,2026-02-06,22,UAX,10.0,False,False,16.8,False
2026-02-06 23:00:00,2026-02-06,23,UAX,6.0,False,False,15.7,False
2026-02-07 00:00:00,2026-02-06,24,UAX,7.0,False,False,14.8,False
2026-02-07 01:00:00,2026-02-07,1,UAX,2.0,False,False,13.2,False
2026-02-07 02:00:00,2026-02-07,2,UAX,1.0,False,False,12.1,False
2026-02-07 03:00:00,2026-02-07,3,UAX,1.0,False,False,10.7,False
2026-02-07 04:00:00,2026-02-07,4,UAX,1.0,False,False,10.1,False
2026-02-07 05:00:00,2026-02-07,5,UAX,2.0,False,False,9.3,False
2026-02-07 06:00:00,2026-02-07,6,UAX,1.0,False,False,8.9,False
2026-02-07 07:00:00,2026-02-07,7,UAX,1.0,False,False,8.4,False
2026-02-07 08:00:00,2026-02-07,8,UAX,1.0,False,False,7.6,False
2026-02-07 09:00:00,2026-02-07,9,UAX,2.0,False,False,8.4,False
2026-02-07 10:00:00,2026-02-07,10,UAX,13.0,False,False,11.6,False
2026-02-07 11:00:00,2026-02-07,11,UAX,31.0,False,False,14.7,False
2026-02-07 12:00:00,2026-02-07,12,UAX,48.0,False,False,18.0,False
2026-02-07 13:00:00,2026-02-07,13,UAX,58.0,False,False,20.2,False
2026-02-07 14:00:00,2026-02-07,14,UAX,70.0,False,False,21.8,False
2026-02-07 15:00:00,2026-02-07,15,UAX,67.0,False,False,23.3,False
2026-02-07 16:00:00,2026-02-07,16,UAX,56.0,False,False,24.0,False
2026-02-07 17:00:00,2026-02-07,17,UAX,63.0,False,False,24.4,False
2026-02-07 18:00:00,2026-02-07,18,UAX,69.0,False,False,24.2,False
2026-02-07 19:00:00,2026-02-07,19,UAX,49.0,False,False,23.0,False
2026-02-07 20:00:00,2026-02-07,20,UAX,29.0,False,False,20.8,False
2026-02-07 21:00:00,2026-02-07,21,UAX,22.0,False,False,19.1,False
2026-02-07 22:00:00,2026-02-07,22,UAX,9.0,False,False,17.7,False
2026-02-07 23:00:00,2026-02-07,23,UAX,1.0,False,False,16.4,False
2026-02-08 00:00:00,2026-02-07,24,UAX,1.0,False,False,14.0,False
2026-02-08 01:00:00,2026-02-08,1,UAX,1.0,False,False,12.3,False
2026-02-08 02:00:00,2026-02-08,2,UAX,3.0,False,False,11.9,False
2026-02-08 03:00:00,2026-02-08,3,UAX,1.0,False,False,11.4,False
2026-02-08 04:00:00,2026-02-08,4,UAX,2.0,False,False,9.9,False
2026-02-08 05:00:00,2026-02-08,5,UAX,2.0,False,False,9.0,False
2026-02-08 06:00:00,2026-02-08,6,UAX,3.0,False,False,8.9,False
2026-02-08 07:00:00,2026-02-08,7,UAX,2.0,False,False,8.1,False
2026-02-08 08:00:00,2026-02-08,8,UAX,1.0,False,False,7.9,False
2026-02-08 09:00:00,2026-02-08,9,UAX,5.0,False,False,9.8,False
2026-02-08 10:00:00,2026-02-08,10,UAX,17.0,False,False,12.5,False
2026-02-08 11:00:00,2026-02-08,11,UAX,40.0,False,False,15.4,False
2026-02-08 12:00:00,2026-02-08,12,UAX,67.0,False,False,18.9,False
2026-02-08 13:00:00,2026-02-08,13,UAX,76.0,False,False,21.6,False
2026-02-08 14:00:00,2026-02-08,14,UAX,72.0,False,False,23.3,False
2026-02-08 15:00:00,2026-02-08,15,UAX,75.0,False,False,24.3,False
2026-02-08 16:00:00,2026-02-08,16,UAX,100.0,False,False,25.0,False
2026-02-08 17:00:00,2026-02-08,17,UAX,112.0,False,False,25.2,False
2026-02-08 18:00:00,2026-02-08,18,UAX,106.0,False,False,25.4,False
2026-02-08 19:00:00,2026-02-08,19,UAX,71.0,False,False,23.0,False
2026-02-08 20:00:00,2026-02-08,20,UAX,43.0,False,False,21.2,False
2026-02-08 21:00:00,2026-02-08,21,UAX,27.0,False,False,19.4,False
2026-02-08 22:00:00,2026-02-08,22,UAX,18.0,False,False,18.2,False
2026-02-08 23:00:00,2026-02-08,23,UAX,21.0,False,False,17.2,False
2026-02-09 00:00:00,2026-02-08,24,UAX,19.0,False,False,16.1,False
2026-02-09 01:00:00,2026-02-09,1,UAX,6.0,False,False,14.1,False
2026-02-09 02:00:00,2026-02-09,2,UAX,3.0,False,False,12.1,False
2026-02-09 03:00:00,2026-02-09,3,UAX,2.0,False,False,11.5,False
2026-02-09 04:00:00,2026-02-09,4,UAX,2.0,False,False,10.5,False
2026-02-09 05:00:00,2026-02-09,5,UAX,2.0,False,False,10.2,False
2026-02-09 06:00:00,2026-02-09,6,UAX,2.0,False,False,9.5,False
2026-02-09 07:00:00,2026-02-09,7,UAX,1.0,False,False,8.7,False
2026-02-09 08:00:00,2026-02-09,8,UAX,1.0,False,False,8.2,False
2026-02-09 09:00:00,2026-02-09,9,UAX,4.0,False,False,10.1,False
2026-02-09 10:00:00,2026-02-09,10,UAX,15.0,False,False,13.1,False
2026-02-09 11:00:00,2026-02-09,11,UAX,34.0,False,False,16.1,False
2026-02-09 12:00:00,2026-02-09,12,UAX,58.0,False,False,18.7,False
2026-02-09 13:00:00,2026-02-09,13,UAX,78.0,False,False,21.2,False
2026-02-09 14:00:00,2026-02-09,14,UAX,88.0,False,False,23.2,False
2026-02-09 15:00:00,2026-02-09,15,UAX,89.0,False,False,24.5,False
2026-02-09 16:00:00,2026-02-09,16,UAX,99.0,False,False,25.6,False
2026-02-09 17:00:00,2026-02-09,17,UAX,104.0,False,False,25.9,False
2026-02-09 18:00:00,2026-02-09,18,UAX,101.0,False,False,25.3,False
2026-02-09 19:00:00,2026-02-09,19,UAX,68.0,False,False,22.6,False
2026-02-09 20:00:00,2026-02-09,20,UAX,56.0,False,False,20.4,False
2026-02-09 21:00:00,2026-02-09,21,UAX,23.0,False,False,19.8,False
2026-02-09 22:00:00,2026-02-09,22,UAX,11.0,False,False,19.7,False
2026-02-09 23:00:00,2026-02-09,23,UAX,6.0,False,False,17.7,False
2026-02-10 00:00:00,2026-02-09,24,UAX,8.0,False,False,14.7,False
2026-02-10 01:00:00,2026-02-10,1,UAX,14.0,False,False,13.7,False
2026-02-10 02:00:00,2026-02-10,2,UAX,11.0,False,False,12.6,False
2026-02-10 03:00:00,2026-02-10,3,UAX,10.0,False,False,11.6,False
2026-02-10 04:00:00,2026-02-10,4,UAX,18.0,False,False,11.1,False
2026-02-10 05:00:00,2026-02-10,5,UAX,3.0,False,False,10.1,False
2026-02-10 06:00:00,2026-02-10,6,UAX,3.0,False,False,9.6,False
2026-02-10 07:00:00,2026-02-10,7,UAX,1.0,False,False,9.3,False
2026-02-10 08:00:00,2026-02-10,8,UAX,1.0,False,False,8.8,False
2026-02-10 09:00:00,2026-02-10,9,UAX,3.0,False,False,10.7,False
2026-02-10 10:00:00,2026-02-10,10,UAX,17.0,False,False,14.1,False
2026-02-10 11:00:00,2026-02-10,11,UAX,38.0,False,False,17.4,False
2026-02-10 12:00:00,2026-02-10,12,UAX,62.0,False,False,20.2,False
2026-02-10 13:00:00,2026-02-10,13,UAX,80.0,False,False,22.3,False
2026-02-10 14:00:00,2026-02-10,14,UAX,76.0,False,False,25.2,False
2026-02-10 15:00:00,2026-02-10,15,UAX,81.0,False,False,26.6,False
2026-02-10 16:00:00,2026-02-10,16,UAX,93.0,False,False,27.8,False
2026-02-10 17:00:00,2026-02-10,17,UAX,70.0,False,False,28.1,False
2026-02-10 18:00:00,2026-02-10,18,UAX,59.0,False,False,26.4,False
2026-02-10 19:00:00,2026-02-10,19,UAX,60.0,False,False,23.3,False
2026-02-10 20:00:00,2026-02-10,20,UAX,48.0,False,False,21.1,False
2026-02-10 21:00:00,2026-02-10,21,UAX,37.0,False,False,19.7,False
2026-02-10 22:00:00,2026-02-10,22,UAX,34.0,False,False,18.3,False
2026-02-10 23:00:00,2026-02-10,23,UAX,23.0,False,False,17.3,False
2026-02-11 00:00:00,2026-02-10,24,UAX,5.0,False,False,16.4,False
2026-02-11 01:00:00,2026-02-11,1,UAX,5.0,True,True,15.2,False
2026-02-11 02:00:00,2026-02-11,2,UAX,3.0,True,True,14.2,False
2026-02-11 03:00:00,2026-02-11,3,UAX,4.5,True,True,13.5,False
2026-02-11 04:00:00,2026-02-11,4,UAX,2.0,False,False,13.1,False
2026-02-11 05:00:00,2026-02-11,5,UAX,2.0,False,False,12.3,False
2026-02-11 06:00:00,2026-02-11,6,UAX,1.0,False,False,11.9,False
2026-02-11 07:00:00,2026-02-11,7,UAX,1.0,False,False,11.6,False
2026-02-11 08:00:00,2026-02-11,8,UAX,1.0,False,False,10.7,False
2026-02-11 09:00:00,2026-02-11,9,UAX,2.0,False,False,13.3,False
2026-02-11 10:00:00,2026-02-11,10,UAX,12.0,False,False,16.4,False
2026-02-11 11:00:00,2026-02-11,11,UAX,42.0,False,False,19.6,False
2026-02-11 12:00:00,2026-02-11,12,UAX,65.0,False,False,22.6,False
2026-02-11 13:00:00,2026-02-11,13,UAX,78.0,False,False,24.2,False
2026-02-11 14:00:00,2026-02-11,14,UAX,88.0,False,False,25.5,False
2026-02-11 15:00:00,2026-02-11,15,UAX,97.0,False,False,26.8,False
2026-02-11 16:00:00,2026-02-11,16,UAX,100.0,False,False,27.4,False
2026-02-11 17:00:00,2026-02-11,17,UAX,108.0,False,False,27.6,False
2026-02-11 18:00:00,2026-02-11,18,UAX,98.0,False,False,26.8,False
2026-02-11 19:00:00,2026-02-11,19,UAX,59.0,False,False,25.0,False
2026-02-11 20:00:00,2026-02-11,20,UAX,42.0,False,False,23.0,False
2026-02-11 21:00:00,2026-02-11,21,UAX,39.0,False,False,21.8,False
2026-02-11 22:00:00,2026-02-11,22,UAX,29.0,False,False,20.8,False
2026-02-11 23:00:00,2026-02-11,23,UAX,29.0,False,False,19.7,False
2026-02-12 00:00:00,2026-02-11,24,UAX,26.0,False,False,18.8,False
2026-02-12 01:00:00,2026-02-12,1,UAX,12.0,False,False,16.7,False
2026-02-12 02:00:00,2026-02-12,2,UAX,2.0,False,False,15.2,False
2026-02-12 03:00:00,2026-02-12,3,UAX,7.0,False,False,14.2,False
2026-02-12 04:00:00,2026-02-12,4,UAX,8.0,False,False,13.4,False
2026-02-12 05:00:00,2026-02-12,5,UAX,5.0,False,False,13.0,False
2026-02-12 06:00:00,2026-02-12,6,UAX,1.0,False,False,12.2,False
2026-02-12 07:00:00,2026-02-12,7,UAX,1.0,False,False,11.5,False
2026-02-12 08:00:00,2026-02-12,8,UAX,1.0,False,False,11.6,False
2026-02-12 09:00:00,2026-02-12,9,UAX,5.0,False,False,12.7,False
2026-02-12 10:00:00,2026-02-12,10,UAX,17.0,False,False,15.7,False
2026-02-12 11:00:00,2026-02-12,11,UAX,43.0,False,False,18.3,False
2026-02-12 12:00:00,2026-02-12,12,UAX,66.0,False,False,21.4,False
2026-02-12 13:00:00,2026-02-12,13,UAX,80.0,False,False,23.7,False
2026-02-12 14:00:00,2026-02-12,14,UAX,94.0,False,False,25.0,False
2026-02-12 15:00:00,2026-02-12,15,UAX,108.0,False,False,26.1,False
2026-02-12 16:00:00,2026-02-12,16,UAX,117.0,False,False,26.6,False
2026-02-12 17:00:00,2026-02-12,17,UAX,106.0,False,False,27.1,False
2026-02-12 18:00:00,2026-02-12,18,UAX,91.0,False,False,27.0,False
2026-02-12 19:00:00,2026-02-12,19,UAX,67.0,False,False,25.8,False
2026-02-12 20:00:00,2026-02-12,20,UAX,42.0,False,False,23.3,False
2026-02-12 21:00:00,2026-02-12,21,UAX,24.0,False,False,21.8,False
2026-02-12 22:00:00,2026-02-12,22,UAX,13.0,False,False,20.8,False
2026-02-12 23:00:00,2026-02-12,23,UAX,12.0,False,False,19.9,False
2026-02-13 00:00:00,2026-02-12,24,UAX,2.0,False,False,18.7,False
2026-02-13 01:00:00,2026-02-13,1,UAX,1.0,False,False,17.1,False
2026-02-13 02:00:00,2026-02-13,2,UAX,2.0,False,False,14.5,False
2026-02-13 03:00:00,2026-02-13,3,UAX,2.0,False,False,13.6,False
2026-02-13 04:00:00,2026-02-13,4,UAX,5.0,False,False,13.2,False
2026-02-13 05:00:00,2026-02-13,5,UAX,2.0,False,False,12.5,False
2026-02-13 06:00:00,2026-02-13,6,UAX,1.0,False,False,11.7,False
2026-02-13 07:00:00,2026-02-13,7,UAX,1.0,False,False,10.9,False
2026-02-13 08:00:00,2026-02-13,8,UAX,3.0,False,False,10.7,False
2026-02-13 09:00:00,2026-02-13,9,UAX,8.0,False,False,12.8,False
2026-02-13 10:00:00,2026-02-13,10,UAX,22.0,False,False,16.2,False
2026-02-13 11:00:00,2026-02-13,11,UAX,43.0,False,False,19.0,False
2026-02-13 12:00:00,2026-02-13,12,UAX,61.0,False,False,22.0,False
2026-02-13 13:00:00,2026-02-13,13,UAX,74.0,False,False,24.2,False
2026-02-13 14:00:00,2026-02-13,14,UAX,88.0,False,False,25.6,False
2026-02-13 15:00:00,2026-02-13,15,UAX,103.0,False,False,26.4,False
2026-02-13 16:00:00,2026-02-13,16,UAX,116.0,False,False,27.0,False
2026-02-13 17:00:00,2026-02-13,17,UAX,118.0,False,False,27.3,False
2026-02-13 18:00:00,2026-02-13,18,UAX,103.0,False,False,27.1,False
2026-02-13 19:00:00,2026-02-13,19,UAX,78.0,False,False,24.6,False
2026-02-13 20:00:00,2026-02-13,20,UAX,60.0,False,False,21.7,False
2026-02-13 21:00:00,2026-02-13,21,UAX,53.0,False,False,20.4,False
2026-02-13 22:00:00,2026-02-13,22,UAX,41.0,False,False,19.3,False
2026-02-13 23:00:00,2026-02-13,23,UAX,25.0,False,False,18.3,False
2026-02-14 00:00:00,2026-02-13,24,UAX,12.0,False,False,16.8,False
2026-02-14 01:00:00,2026-02-14,1,UAX,16.0,False,False,15.7,False
2026-02-14 02:00:00,2026-02-14,2,UAX,12.0,False,False,14.9,False
2026-02-14 03:00:00,2026-02-14,3,UAX,17.0,False,False,14.6,False
2026-02-14 04:00:00,2026-02-14,4,UAX,11.0,False,False,13.7,False
2026-02-14 05:00:00,2026-02-14,5,UAX,11.0,False,False,13.2,False
2026-02-14 06:00:00,2026-02-14,6,UAX,5.0,False,False,13.3,False
2026-02-14 07:00:00,2026-02-14,7,UAX,1.0,False,False,12.5,False
2026-02-14 08:00:00,2026-02-14,8,UAX,1.0,False,False,12.0,False
2026-02-14 09:00:00,2026-02-14,9,UAX,5.0,False,False,14.1,False
2026-02-14 10:00:00,2026-02-14,10,UAX,32.0,False,False,16.2,False
2026-02-14 11:00:00,2026-02-14,11,UAX,53.0,False,False,20.0,False
2026-02-14 12:00:00,2026-02-14,12,UAX,71.0,False,False,22.4,False
2026-02-14 13:00:00,2026-02-14,13,UAX,86.0,False,False,24.3,False
2026-02-14 14:00:00,2026-02-14,14,UAX,92.0,False,False,25.6,False
2026-02-14 15:00:00,2026-02-14,15,UAX,87.0,False,False,26.7,False
2026-02-14 16:00:00,2026-02-14,16,UAX,91.0,False,False,27.7,False
2026-02-14 17:00:00,2026-02-14,17,UAX,87.0,False,False,27.5,False
2026-02-14 18:00:00,2026-02-14,18,UAX,69.0,False,False,26.0,False
2026-02-14 19:00:00,2026-02-14,19,UAX,62.0,False,False,23.9,False
2026-02-14 20:00:00,2026-02-14,20,UAX,52.0,False,False,21.9,False
2026-02-14 21:00:00,2026-02-14,21,UAX,46.0,False,False,20.6,False
2026-02-14 22:00:00,2026-02-14,22,UAX,43.0,False,False,19.3,False
2026-02-14 23:00:00,2026-02-14,23,UAX,38.0,False,False,18.5,False
2026-02-15 00:00:00,2026-02-14,24,UAX,34.0,False,False,18.0,False
2026-02-15 01:00:00,2026-02-15,1,UAX,12.0,False,False,17.4,False
2026-02-15 02:00:00,2026-02-15,2,UAX,2.0,False,False,16.0,False
2026-02-15 03:00:00,2026-02-15,3,UAX,5.0,False,False,15.2,False
2026-02-15 04:00:00,2026-02-15,4,UAX,11.0,False,False,14.4,False
2026-02-15 05:00:00,2026-02-15,5,UAX,6.0,False,False,13.6,False
2026-02-15 06:00:00,2026-02-15,6,UAX,4.0,False,False,13.6,False
2026-02-15 07:00:00,2026-02-15,7,UAX,3.0,False,False,12.5,False
2026-02-15 08:00:00,2026-02-15,8,UAX,4.0,False,False,12.9,False
2026-02-15 09:00:00,2026-02-15,9,UAX,9.0,False,False,14.4,False
2026-02-15 10:00:00,2026-02-15,10,UAX,20.0,False,False,17.1,False
2026-02-15 11:00:00,2026-02-15,11,UAX,55.0,False,False,18.5,False
2026-02-15 12:00:00,2026-02-15,12,UAX,71.0,False,False,19.7,False
2026-02-15 13:00:00,2026-02-15,13,UAX,91.0,False,False,21.3,False
2026-02-15 14:00:00,2026-02-15,14,UAX,111.0,False,False,22.9,False
2026-02-15 15:00:00,2026-02-15,15,UAX,124.0,False,False,24.3,False
2026-02-15 16:00:00,2026-02-15,16,UAX,125.0,False,False,25.8,False
2026-02-15 17:00:00,2026-02-15,17,UAX,116.0,False,False,26.7,False
2026-02-15 18:00:00,2026-02-15,18,UAX,97.0,False,False,26.8,False
2026-02-15 19:00:00,2026-02-15,19,UAX,52.0,False,False,25.1,False
2026-02-15 20:00:00,2026-02-15,20,UAX,48.0,False,False,23.2,False
2026-02-15 21:00:00,2026-02-15,21,UAX,34.0,False,False,21.7,False
2026-02-15 22:00:00,2026-02-15,22,UAX,26.0,False,False,20.0,False
2026-02-15 23:00:00,2026-02-15,23,UAX,20.0,False,False,18.7,False
2026-02-16 00:00:00,2026-02-15,24,UAX,19.0,False,False,17.5,False
2026-02-16 01:00:00,2026-02-16,1,UAX,15.0,False,False,16.6,False
2026-02-16 02:00:00,2026-02-16,2,UAX,4.0,False,False,15.7,False
2026-02-16 03:00:00,2026-02-16,3,UAX,2.0,False,False,14.8,False
2026-02-16 04:00:00,2026-02-16,4,UAX,2.0,False,False,13.4,False
2026-02-16 05:00:00,2026-02-16,5,UAX,3.0,False,False,12.8,False
2026-02-16 06:00:00,2026-02-16,6,UAX,3.0,False,False,12.4,False
2026-02-16 07:00:00,2026-02-16,7,UAX,1.0,False,False,11.9,False
2026-02-16 08:00:00,2026-02-16,8,UAX,1.0,False,False,11.9,False
2026-02-16 09:00:00,2026-02-16,9,UAX,5.0,False,False,13.1,False
2026-02-16 10:00:00,2026-02-16,10,UAX,24.0,False,False,15.9,False
2026-02-16 11:00:00,2026-02-16,11,UAX,47.0,False,False,18.6,False
2026-02-16 12:00:00,2026-02-16,12,UAX,77.0,False,False,21.0,False
2026-02-16 13:00:00,2026-02-16,13,UAX,89.0,False,False,23.4,False
2026-02-16 14:00:00,2026-02-16,14,UAX,96.0,False,False,25.4,False
2026-02-16 15:00:00,2026-02-16,15,UAX,111.0,False,False,26.5,False
2026-02-16 16:00:00,2026-02-16,16,UAX,119.0,False,False,27.6,False
2026-02-16 17:00:00,2026-02-16,17,UAX,122.0,False,False,27.7,False
2026-02-16 18:00:00,2026-02-16,18,UAX,95.0,False,False,27.1,False
2026-02-16 19:00:00,2026-02-16,19,UAX,65.0,False,False,24.3,False
2026-02-16 20:00:00,2026-02-16,20,UAX,50.0,False,False,22.0,False
2026-02-16 21:00:00,2026-02-16,21,UAX,39.0,False,False,20.9,False
2026-02-16 22:00:00,2026-02-16,22,UAX,36.0,False,False,19.5,False
2026-02-16 23:00:00,2026-02-16,23,UAX,15.0,False,False,18.7,False
2026-02-17 00:00:00,2026-02-16,24,UAX,8.0,False,False,18.5,False
2026-02-17 01:00:00,2026-02-17,1,UAX,5.0,True,True,18.3,False
2026-02-17 02:00:00,2026-02-17,2,UAX,3.0,True,True,16.3,False
2026-02-17 03:00:00,2026-02-17,3,UAX,4.5,True,True,14.6,False
2026-02-17 04:00:00,2026-02-17,4,UAX,5.0,False,False,13.8,False
2026-02-17 05:00:00,2026-02-17,5,UAX,4.0,False,False,13.3,False
2026-02-17 06:00:00,2026-02-17,6,UAX,1.0,False,False,12.6,False
2026-02-17 07:00:00,2026-02-17,7,UAX,1.0,False,False,12.0,False
2026-02-17 08:00:00,2026-02-17,8,UAX,1.0,False,False,11.7,False
2026-02-17 09:00:00,2026-02-17,9,UAX,6.0,False,False,14.0,False
2026-02-17 10:00:00,2026-02-17,10,UAX,23.0,False,False,16.7,False
2026-02-17 11:00:00,2026-02-17,11,UAX,52.0,False,False,19.5,False
2026-02-17 12:00:00,2026-02-17,12,UAX,74.0,False,False,22.4,False
2026-02-17 13:00:00,2026-02-17,13,UAX,77.0,False,False,24.4,False
2026-02-17 14:00:00,2026-02-17,14,UAX,90.0,False,False,25.8,False
2026-02-17 15:00:00,2026-02-17,15,UAX,101.0,False,False,26.8,False
2026-02-17 16:00:00,2026-02-17,16,UAX,118.0,False,False,27.4,False
2026-02-17 17:00:00,2026-02-17,17,UAX,106.0,False,False,27.8,False
2026-02-17 18:00:00,2026-02-17,18,UAX,90.0,False,False,27.8,False
2026-02-17 19:00:00,2026-02-17,19,UAX,69.0,False,False,26.4,False
2026-02-17 20:00:00,2026-02-17,20,UAX,45.0,False,False,24.8,False
2026-02-17 21:00:00,2026-02-17,21,UAX,35.0,False,False,23.1,False
2026-02-17 22:00:00,2026-02-17,22,UAX,41.0,False,False,20.6,False
2026-02-17 23:00:00,2026-02-17,23,UAX,24.0,False,False,19.8,False
2026-02-18 00:00:00,2026-02-17,24,UAX,2.0,False,False,18.6,False
2026-02-18 01:00:00,2026-02-18,1,UAX,1.0,False,False,17.1,False
2026-02-18 02:00:00,2026-02-18,2,UAX,1.0,False,False,15.4,False
2026-02-18 03:00:00,2026-02-18,3,UAX,3.0,False,False,15.1,False
2026-02-18 04:00:00,2026-02-18,4,UAX,1.0,False,False,13.3,False
2026-02-18 05:00:00,2026-02-18,5,UAX,1.0,False,False,12.9,False
2026-02-18 06:00:00,2026-02-18,6,UAX,1.0,False,False,12.7,False
2026-02-18 07:00:00,2026-02-18,7,UAX,1.0,False,False,11.1,False
2026-02-18 08:00:00,2026-02-18,8,UAX,1.0,False,False,11.7,False
2026-02-18 09:00:00,2026-02-18,9,UAX,6.0,False,False,13.4,False
2026-02-18 10:00:00,2026-02-18,10,UAX,26.0,False,False,16.6,False
2026-02-18 11:00:00,2026-02-18,11,UAX,47.0,False,False,20.4,False
2026-02-18 12:00:00,2026-02-18,12,UAX,75.0,False,False,23.4,False
2026-02-18 13:00:00,2026-02-18,13,UAX,84.0,False,False,25.6,False
2026-02-18 14:00:00,2026-02-18,14,UAX,103.0,False,False,27.0,False
2026-02-18 15:00:00,2026-02-18,15,UAX,116.0,False,False,28.3,False
2026-02-18 16:00:00,2026-02-18,16,UAX,109.0,False,False,28.9,False
2026-02-18 17:00:00,2026-02-18,17,UAX,94.0,False,False,29.0,False
2026-02-18 18:00:00,2026-02-18,18,UAX,93.0,False,False,28.8,False
2026-02-18 19:00:00,2026-02-18,19,UAX,71.0,False,False,26.3,False
2026-02-18 20:00:00,2026-02-18,20,UAX,64.0,False,False,22.7,False
2026-02-18 21:00:00,2026-02-18,21,UAX,56.0,False,False,21.6,False
2026-02-18 22:00:00,2026-02-18,22,UAX,32.0,False,False,20.2,False
2026-02-18 23:00:00,2026-02-18,23,UAX,15.0,False,False,19.0,False
2026-02-19 00:00:00,2026-02-18,24,UAX,10.0,False,False,17.7,False
2026-02-19 01:00:00,2026-02-19,1,UAX,13.0,False,False,16.8,False
2026-02-19 02:00:00,2026-02-19,2,UAX,4.0,False,False,16.0,False
2026-02-19 03:00:00,2026-02-19,3,UAX,8.0,False,False,14.9,False
2026-02-19 04:00:00,2026-02-19,4,UAX,14.0,False,False,14.4,False
2026-02-19 05:00:00,2026-02-19,5,UAX,11.0,False,False,13.4,False
2026-02-19 06:00:00,2026-02-19,6,UAX,1.0,False,False,12.9,False
2026-02-19 07:00:00,2026-02-19,7,UAX,1.0,False,False,12.1,False
2026-02-19 08:00:00,2026-02-19,8,UAX,1.0,False,False,12.0,False
2026-02-19 09:00:00,2026-02-19,9,UAX,6.0,False,False,13.7,False
2026-02-19 10:00:00,2026-02-19,10,UAX,24.0,False,False,17.1,False
2026-02-19 11:00:00,2026-02-19,11,UAX,46.0,False,False,20.8,False
2026-02-19 12:00:00,2026-02-19,12,UAX,65.0,False,False,24.0,False
2026-02-19 13:00:00,2026-02-19,13,UAX,85.0,False,False,25.9,False
2026-02-19 14:00:00,2026-02-19,14,UAX,91.0,False,False,27.7,False
2026-02-19 15:00:00,2026-02-19,15,UAX,106.0,False,False,28.6,False
2026-02-19 16:00:00,2026-02-19,16,UAX,118.0,False,False,29.2,False
2026-02-19 17:00:00,2026-02-19,17,UAX,86.0,False,False,29.7,False
2026-02-19 18:00:00,2026-02-19,18,UAX,76.0,False,False,29.4,False
2026-02-19 19:00:00,2026-02-19,19,UAX,59.0,False,False,25.2,False
2026-02-19 20:00:00,2026-02-19,20,UAX,54.0,False,False,22.5,False
2026-02-19 21:00:00,2026-02-19,21,UAX,50.0,False,False,20.9,False
2026-02-19 22:00:00,2026-02-19,22,UAX,45.0,False,False,19.9,False
2026-02-19 23:00:00,2026-02-19,23,UAX,31.0,False,False,19.3,False
2026-02-20 00:00:00,2026-02-19,24,UAX,9.0,False,False,17.9,False
2026-02-20 01:00:00,2026-02-20,1,UAX,6.0,False,False,16.4,False
2026-02-20 02:00:00,2026-02-20,2,UAX,14.0,False,False,15.5,False
2026-02-20 03:00:00,2026-02-20,3,UAX,13.0,False,False,14.8,False
2026-02-20 04:00:00,2026-02-20,4,UAX,13.0,False,False,13.8,False
2026-02-20 05:00:00,2026-02-20,5,UAX,9.0,False,False,12.9,False
2026-02-20 06:00:00,2026-02-20,6,UAX,8.0,False,False,12.4,False
2026-02-20 07:00:00,2026-02-20,7,UAX,2.0,False,False,11.6,False
2026-02-20 08:00:00,2026-02-20,8,UAX,2.0,False,False,11.6,False
2026-02-20 09:00:00,2026-02-20,9,UAX,8.0,False,False,13.3,False
2026-02-20 10:00:00,2026-02-20,10,UAX,25.0,False,False,16.5,False
2026-02-20 11:00:00,2026-02-20,11,UAX,50.0,False,False,20.0,False
2026-02-20 12:00:00,2026-02-20,12,UAX,79.0,False,False,23.3,False
2026-02-20 13:00:00,2026-02-20,13,UAX,83.0,False,False,25.9,False
2026-02-20 14:00:00,2026-02-20,14,UAX,84.0,False,False,27.5,False
2026-02-20 15:00:00,2026-02-20,15,UAX,76.0,False,False,28.6,False
2026-02-20 16:00:00,2026-02-20,16,UAX,80.0,False,False,28.9,False
2026-02-20 17:00:00,2026-02-20,17,UAX,80.0,False,False,29.2,False
2026-02-20 18:00:00,2026-02-20,18,UAX,74.0,False,False,29.0,False
2026-02-20 19:00:00,2026-02-20,19,UAX,59.0,False,False,26.3,False
2026-02-20 20:00:00,2026-02-20,20,UAX,51.0,False,False,22.5,False
2026-02-20 21:00:00,2026-02-20,21,UAX,42.0,False,False,20.9,False
2026-02-20 22:00:00,2026-02-20,22,UAX,21.0,False,False,20.1,False
2026-02-20 23:00:00,2026-02-20,23,UAX,31.0,False,False,18.5,False
2026-02-21 00:00:00,2026-02-20,24,UAX,22.0,False,False,17.7,False
2026-02-21 01:00:00,2026-02-21,1,UAX,6.0,False,False,16.7,False
2026-02-21 02:00:00,2026-02-21,2,UAX,1.0,False,False,14.9,False
2026-02-21 03:00:00,2026-02-21,3,UAX,3.0,False,False,15.4,False
2026-02-21 04:00:00,2026-02-21,4,UAX,2.0,False,False,14.2,False
2026-02-21 05:00:00,2026-02-21,5,UAX,2.0,False,False,13.4,False
2026-02-21 06:00:00,2026-02-21,6,UAX,3.0,False,False,12.3,False
2026-02-21 07:00:00,2026-02-21,7,UAX,2.0,False,False,12.0,False
2026-02-21 08:00:00,2026-02-21,8,UAX,1.0,False,False,11.7,False
2026-02-21 09:00:00,2026-02-21,9,UAX,6.0,False,False,14.0,False
2026-02-21 10:00:00,2026-02-21,10,UAX,14.0,False,False,16.9,False
2026-02-21 11:00:00,2026-02-21,11,UAX,39.0,False,False,19.6,False
2026-02-21 12:00:00,2026-02-21,12,UAX,69.0,False,False,22.4,False
2026-02-21 13:00:00,2026-02-21,13,UAX,71.0,False,False,24.8,False
2026-02-21 14:00:00,2026-02-21,14,UAX,77.0,False,False,26.3,False
2026-02-21 15:00:00,2026-02-21,15,UAX,73.0,False,False,27.3,False
2026-02-21 16:00:00,2026-02-21,16,UAX,70.0,False,False,28.6,False
2026-02-21 17:00:00,2026-02-21,17,UAX,54.0,False,False,28.8,False
2026-02-21 18:00:00,2026-02-21,18,UAX,44.0,False,False,27.6,False
2026-02-21 19:00:00,2026-02-21,19,UAX,37.0,False,False,25.2,False
2026-02-21 20:00:00,2026-02-21,20,UAX,31.0,False,False,22.7,False
2026-02-21 21:00:00,2026-02-21,21,UAX,30.0,False,False,20.5,False
2026-02-21 22:00:00,2026-02-21,22,UAX,32.0,False,False,18.5,False
2026-02-21 23:00:00,2026-02-21,23,UAX,31.0,False,False,17.3,False
2026-02-22 00:00:00,2026-02-21,24,UAX,36.0,False,False,16.4,False
2026-02-22 01:00:00,2026-02-22,1,UAX,38.0,False,False,15.6,False
2026-02-22 02:00:00,2026-02-22,2,UAX,40.0,False,False,14.0,False
2026-02-22 03:00:00,2026-02-22,3,UAX,40.0,False,False,13.4,False
2026-02-22 04:00:00,2026-02-22,4,UAX,36.0,False,False,13.9,False
2026-02-22 05:00:00,2026-02-22,5,UAX,37.0,False,False,13.9,False
2026-02-22 06:00:00,2026-02-22,6,UAX,33.0,False,False,13.6,False
2026-02-22 07:00:00,2026-02-22,7,UAX,25.0,False,False,13.8,False
2026-02-22 08:00:00,2026-02-22,8,UAX,28.0,False,False,14.0,False
2026-02-22 09:00:00,2026-02-22,9,UAX,29.0,False,False,14.3,False
2026-02-22 10:00:00,2026-02-22,10,UAX,28.0,False,False,14.8,False
2026-02-22 11:00:00,2026-02-22,11,UAX,26.0,False,False,14.8,False
2026-02-22 12:00:00,2026-02-22,12,UAX,24.0,False,False,13.4,False
2026-02-22 13:00:00,2026-02-22,13,UAX,27.0,False,False,13.4,False
2026-02-22 14:00:00,2026-02-22,14,UAX,37.0,False,False,14.5,False
2026-02-22 15:00:00,2026-02-22,15,UAX,35.0,False,False,14.1,False
2026-02-22 16:00:00,2026-02-22,16,UAX,35.0,False,False,14.1,False
2026-02-22 17:00:00,2026-02-22,17,UAX,34.0,False,False,14.0,False
2026-02-22 18:00:00,2026-02-22,18,UAX,33.0,False,False,13.7,False
2026-02-22 19:00:00,2026-02-22,19,UAX,31.0,False,False,13.2,False
2026-02-22 20:00:00,2026-02-22,20,UAX,28.0,False,False,12.6,False
2026-02-22 21:00:00,2026-02-22,21,UAX,26.0,False,False,11.9,False
2026-02-22 22:00:00,2026-02-22,22,UAX,27.0,False,False,10.6,False
2026-02-22 23:00:00,2026-02-22,23,UAX,26.0,False,False,8.8,False
2026-02-23 00:00:00,2026-02-22,24,UAX,30.0,False,False,8.4,False
2026-02-23 01:00:00,2026-02-23,1,UAX,5.0,True,True,8.3,False
2026-02-23 02:00:00,2026-02-23,2,UAX,3.0,True,True,7.8,False
2026-02-23 03:00:00,2026-02-23,3,UAX,4.5,True,True,7.6,False
2026-02-23 04:00:00,2026-02-23,4,UAX,34.0,False,False,7.1,False
2026-02-23 05:00:00,2026-02-23,5,UAX,33.0,False,False,6.7,False
2026-02-23 06:00:00,2026-02-23,6,UAX,26.0,False,False,5.9,False
2026-02-23 07:00:00,2026-02-23,7,UAX,7.0,False,False,5.3,False
2026-02-23 08:00:00,2026-02-23,8,UAX,4.0,False,False,5.3,False
2026-02-23 09:00:00,2026-02-23,9,UAX,8.0,False,False,6.9,False
2026-02-23 10:00:00,2026-02-23,10,UAX,17.0,False,False,8.5,False
2026-02-23 11:00:00,2026-02-23,11,UAX,20.0,False,False,10.3,False
2026-02-23 12:00:00,2026-02-23,12,UAX,35.0,False,False,13.0,False
2026-02-23 13:00:00,2026-02-23,13,UAX,47.0,False,False,15.2,False
2026-02-23 14:00:00,2026-02-23,14,UAX,60.0,False,False,17.0,False
2026-02-23 15:00:00,2026-02-23,15,UAX,69.0,False,False,19.1,False
2026-02-23 16:00:00,2026-02-23,16,UAX,76.0,False,False,20.6,False
2026-02-23 17:00:00,2026-02-23,17,UAX,77.0,False,False,21.3,False
2026-02-23 18:00:00,2026-02-23,18,UAX,57.0,False,False,20.5,False
2026-02-23 19:00:00,2026-02-23,19,UAX,40.0,False,False,18.6,False
2026-02-23 20:00:00,2026-02-23,20,UAX,26.0,False,False,16.2,False
2026-02-23 21:00:00,2026-02-23,21,UAX,21.0,False,False,14.1,False
2026-02-23 22:00:00,2026-02-23,22,UAX,16.0,False,False,12.1,False
2026-02-23 23:00:00,2026-02-23,23,UAX,16.0,False,False,11.1,False
2026-02-24 00:00:00,2026-02-23,24,UAX,12.0,False,False,10.4,False
2026-02-24 01:00:00,2026-02-24,1,UAX,7.0,False,False,9.6,False
2026-02-24 02:00:00,2026-02-24,2,UAX,7.0,False,False,8.0,False
2026-02-24 03:00:00,2026-02-24,3,UAX,6.0,False,False,7.2,False
2026-02-24 04:00:00,2026-02-24,4,UAX,9.0,False,False,6.5,False
2026-02-24 05:00:00,2026-02-24,5,UAX,8.0,False,False,6.0,False
2026-02-24 06:00:00,2026-02-24,6,UAX,3.0,False,False,5.6,False
2026-02-24 07:00:00,2026-02-24,7,UAX,1.0,False,False,5.4,False
2026-02-24 08:00:00,2026-02-24,8,UAX,2.0,False,False,5.3,False
2026-02-24 09:00:00,2026-02-24,9,UAX,6.0,False,False,7.2,False
2026-02-24 10:00:00,2026-02-24,10,UAX,18.0,False,False,9.3,False
2026-02-24 11:00:00,2026-02-24,11,UAX,26.0,False,False,12.2,False
2026-02-24 12:00:00,2026-02-24,12,UAX,42.0,False,False,15.7,False
2026-02-24 13:00:00,2026-02-24,13,UAX,51.0,False,False,18.7,False
2026-02-24 14:00:00,2026-02-24,14,UAX,59.0,False,False,20.2,False
2026-02-24 15:00:00,2026-02-24,15,UAX,59.0,False,False,21.5,False
2026-02-24 16:00:00,2026-02-24,16,UAX,60.0,False,False,22.2,False
2026-02-24 17:00:00,2026-02-24,17,UAX,51.0,False,False,22.4,False
2026-02-24 18:00:00,2026-02-24,18,UAX,45.0,False,False,22.2,False
2026-02-24 19:00:00,2026-02-24,19,UAX,39.0,False,False,21.1,False
2026-02-24 20:00:00,2026-02-24,20,UAX,30.0,False,False,19.8,False
2026-02-24 21:00:00,2026-02-24,21,UAX,18.0,False,False,18.5,False
2026-02-24 22:00:00,2026-02-24,22,UAX,12.0,False,False,17.0,False
2026-02-24 23:00:00,2026-02-24,23,UAX,2.0,False,False,15.7,False
2026-02-25 00:00:00,2026-02-24,24,UAX,1.0,False,False,14.1,False
2026-02-25 01:00:00,2026-02-25,1,UAX,1.0,False,False,12.7,False
2026-02-25 02:00:00,2026-02-25,2,UAX,1.0,False,False,11.7,False
2026-02-25 03:00:00,2026-02-25,3,UAX,2.0,False,False,10.3,False
2026-02-25 04:00:00,2026-02-25,4,UAX,6.0,False,False,9.0,False
2026-02-25 05:00:00,2026-02-25,5,UAX,4.0,False,False,8.8,False
2026-02-25 06:00:00,2026-02-25,6,UAX,1.0,False,False,7.7,False
2026-02-25 07:00:00,2026-02-25,7,UAX,1.0,False,False,7.5,False
2026-02-25 08:00:00,2026-02-25,8,UAX,2.0,False,False,8.1,False
2026-02-25 09:00:00,2026-02-25,9,UAX,6.0,False,False,10.5,False
2026-02-25 10:00:00,2026-02-25,10,UAX,19.0,False,False,14.0,False
2026-02-25 11:00:00,2026-02-25,11,UAX,36.0,False,False,17.4,False
2026-02-25 12:00:00,2026-02-25,12,UAX,45.0,False,False,20.3,False
2026-02-25 13:00:00,2026-02-25,13,UAX,59.0,False,False,22.0,False
2026-02-25 14:00:00,2026-02-25,14,UAX,64.0,False,False,23.2,False
2026-02-25 15:00:00,2026-02-25,15,UAX,68.0,False,False,23.9,False
2026-02-25 16:00:00,2026-02-25,16,UAX,73.0,False,False,24.2,False
2026-02-25 17:00:00,2026-02-25,17,UAX,76.0,False,False,24.7,False
2026-02-25 18:00:00,2026-02-25,18,UAX,65.0,False,False,24.4,False
2026-02-25 19:00:00,2026-02-25,19,UAX,55.0,False,False,23.2,False
2026-02-25 20:00:00,2026-02-25,20,UAX,30.0,False,False,21.6,False
2026-02-25 21:00:00,2026-02-25,21,UAX,40.0,False,False,18.5,False
2026-02-25 22:00:00,2026-02-25,22,UAX,38.0,False,False,17.1,False
2026-02-25 23:00:00,2026-02-25,23,UAX,25.0,False,False,15.9,False
2026-02-26 00:00:00,2026-02-25,24,UAX,8.0,False,False,14.6,False
2026-02-26 01:00:00,2026-02-26,1,UAX,1.0,False,False,13.5,False
2026-02-26 02:00:00,2026-02-26,2,UAX,5.0,False,False,12.5,False
2026-02-26 03:00:00,2026-02-26,3,UAX,15.0,False,False,11.7,False
2026-02-26 04:00:00,2026-02-26,4,UAX,21.0,False,False,11.5,False
2026-02-26 05:00:00,2026-02-26,5,UAX,13.0,False,False,10.8,False
2026-02-26 06:00:00,2026-02-26,6,UAX,1.0,False,False,10.0,False
2026-02-26 07:00:00,2026-02-26,7,UAX,1.0,False,False,9.6,False
2026-02-26 08:00:00,2026-02-26,8,UAX,2.0,False,False,9.6,False
2026-02-26 09:00:00,2026-02-26,9,UAX,7.0,False,False,12.1,False
2026-02-26 10:00:00,2026-02-26,10,UAX,25.0,False,False,15.4,False
2026-02-26 11:00:00,2026-02-26,11,UAX,53.0,False,False,18.8,False
2026-02-26 12:00:00,2026-02-26,12,UAX,71.0,False,False,21.4,False
2026-02-26 13:00:00,2026-02-26,13,UAX,67.0,False,False,23.3,False
2026-02-26 14:00:00,2026-02-26,14,UAX,87.0,False,False,24.6,False
2026-02-26 15:00:00,2026-02-26,15,UAX,96.0,False,False,25.6,False
2026-02-26 16:00:00,2026-02-26,16,UAX,79.0,False,False,26.5,False
2026-02-26 17:00:00,2026-02-26,17,UAX,75.0,False,False,27.0,False
2026-02-26 18:00:00,2026-02-26,18,UAX,68.0,False,False,26.7,False
2026-02-26 19:00:00,2026-02-26,19,UAX,54.0,False,False,24.8,False
2026-02-26 20:00:00,2026-02-26,20,UAX,48.0,False,False,20.9,False
2026-02-26 21:00:00,2026-02-26,21,UAX,41.0,False,False,20.0,False
2026-02-26 22:00:00,2026-02-26,22,UAX,23.0,False,False,18.8,False
2026-02-26 23:00:00,2026-02-26,23,UAX,19.0,False,False,17.4,False
2026-02-27 00:00:00,2026-02-26,24,UAX,12.0,False,False,16.2,False
2026-02-27 01:00:00,2026-02-27,1,UAX,10.0,False,False,15.7,False
2026-02-27 02:00:00,2026-02-27,2,UAX,16.0,False,False,14.7,False
2026-02-27 03:00:00,2026-02-27,3,UAX,8.0,False,False,13.6,False
2026-02-27 04:00:00,2026-02-27,4,UAX,12.0,False,False,13.1,False
2026-02-27 05:00:00,2026-02-27,5,UAX,13.0,False,False,12.2,False
2026-02-27 06:00:00,2026-02-27,6,UAX,7.0,False,False,12.2,False
2026-02-27 07:00:00,2026-02-27,7,UAX,1.0,False,False,11.5,False
2026-02-27 08:00:00,2026-02-27,8,UAX,1.0,False,False,11.8,False
2026-02-27 09:00:00,2026-02-27,9,UAX,4.0,False,False,14.1,False
2026-02-27 10:00:00,2026-02-27,10,UAX,18.0,False,False,17.0,False
2026-02-27 11:00:00,2026-02-27,11,UAX,49.0,False,False,19.9,False
2026-02-27 12:00:00,2026-02-27,12,UAX,49.75,True,False,21.8,False
2026-02-27 13:00:00,2026-02-27,13,UAX,50.5,True,False,23.7,False
2026-02-27 14:00:00,2026-02-27,14,UAX,51.25,True,False,25.1,False
2026-02-27 15:00:00,2026-02-27,15,UAX,52.0,False,False,26.0,False
2026-02-27 16:00:00,2026-02-27,16,UAX,49.0,False,False,26.8,False
2026-02-27 17:00:00,2026-02-27,17,UAX,48.0,False,False,26.6,False
2026-02-27 18:00:00,2026-02-27,18,UAX,44.0,False,False,25.7,False
2026-02-27 19:00:00,2026-02-27,19,UAX,37.0,False,False,23.7,False
2026-02-27 20:00:00,2026-02-27,20,UAX,29.0,False,False,21.8,False
2026-02-27 21:00:00,2026-02-27,21,UAX,23.0,False,False,20.7,False
2026-02-27 22:00:00,2026-02-27,22,UAX,18.0,False,False,20.1,False
2026-02-27 23:00:00,2026-02-27,23,UAX,12.0,False,False,19.5,False
2026-02-28 00:00:00,2026-02-27,24,UAX,10.0,False,False,18.4,False
2026-02-28 01:00:00,2026-02-28,1,UAX,16.0,False,False,17.4,False
2026-02-28 02:00:00,2026-02-28,2,UAX,13.0,False,False,16.6,False
2026-02-28 03:00:00,2026-02-28,3,UAX,3.0,False,False,14.8,False
2026-02-28 04:00:00,2026-02-28,4,UAX,1.0,False,False,13.2,False
2026-02-28 05:00:00,2026-02-28,5,UAX,1.0,False,False,12.2,False
2026-02-28 06:00:00,2026-02-28,6,UAX,1.0,False,False,12.0,False
2026-02-28 07:00:00,2026-02-28,7,UAX,1.0,False,False,10.7,False
2026-02-28 08:00:00,2026-02-28,8,UAX,2.0,False,False,10.5,False
2026-02-28 09:00:00,2026-02-28,9,UAX,6.0,False,False,13.0,False
2026-02-28 10:00:00,2026-02-28,10,UAX,22.0,False,False,15.7,False
2026-02-28 11:00:00,2026-02-28,11,UAX,40.0,False,False,18.7,False
2026-02-28 12:00:00,2026-02-28,12,UAX,54.0,False,False,22.0,False
2026-02-28 13:00:00,2026-02-28,13,UAX,60.0,False,False,24.1,False
2026-02-28 14:00:00,2026-02-28,14,UAX,57.0,False,False,25.4,False
2026-02-28 15:00:00,2026-02-28,15,UAX,64.0,False,False,25.9,False
2026-02-28 16:00:00,2026-02-28,16,UAX,68.0,False,False,26.4,False
2026-02-28 17:00:00,2026-02-28,17,UAX,64.0,False,False,26.6,False
2026-02-28 18:00:00,2026-02-28,18,UAX,54.0,False,False,25.7,False
2026-02-28 19:00:00,2026-02-28,19,UAX,44.0,False,False,24.7,False
2026-02-28 20:00:00,2026-02-28,20,UAX,42.0,False,False,23.0,False
2026-02-28 21:00:00,2026-02-28,21,UAX,28.0,False,False,21.6,False
2026-02-28 22:00:00,2026-02-28,22,UAX,19.0,False,False,20.4,False
2026-02-28 23:00:00,2026-02-28,23,UAX,5.0,False,False,19.7,False
2026-03-01 00:00:00,2026-02-28,24,UAX,1.0,False,False,17.6,False
